Pokemon,Score,Dex,Type 1,Type 2,Attack,Defense,Stamina,Stat Product,Level,CP,Fast Move,Charged Move 1,Charged Move 2,Charged Move 1 Count,Charged Move 2 Count,Buddy Distance,Charged Move Cost
Corsola (Galarian),98.6,222,ghost,none,99.3,163,139,2249840,47.5,1499,Astonish,Night Shade,Power Gem,5,5,3,50000
Snorlax,97.1,143,normal,none,108.4,102.3,187,2073703,17.5,1499,Psywave,Body Slam,Earthquake,10,17,5,75000
Regidrago,96.4,895,dragon,none,121.8,62.7,241,1840483,20,1497,Dragon Breath,Dragon Energy,Vise Grip,12,10,20,100000
Dusclops,95.4,356,ghost,none,102.4,197.6,108,2185298,42,1495,Hex,Ice Punch,Shadow Punch,4,3,3,50000
Oranguru,95.1,765,normal,psychic,110.1,129.9,142,2030883,23,1496,Confusion,Brutal Swing,Trailblaze,3,4,3,75000
Cresselia,95,488,psychic,none,93.1,160.5,160,2390808,20,1494,Psycho Cut,Grass Knot,Moonblast,6,6,20,100000
Lapras,94.7,131,water,ice,104.6,114.5,178,2131853,21.5,1496,Psywave,Sparkling Aria,Ice Beam,12,14,5,75000
Kingdra,94.5,230,water,dragon,121.8,127.9,118,1838230,21,1497,Dragon Breath,Surf,Swift,12,9,3,50000
Shelgon,94.5,372,dragon,none,123.2,119,123,1803278,27.5,1495,Dragon Breath,Twister,Flamethrower,10,14,5,75000
Cramorant,94.4,845,flying,water,121.2,121.2,125,1836180,26,1497,Peck,Dive,Fly,5,6,3,50000
Dusclops (Shadow),94.2,356,ghost,none,102.4,197.6,108,2185298,42,1495,Hex,Ice Punch,Shadow Punch,4,3,3,50000
Cradily,94,346,rock,grass,105.2,140.3,144,2125377,25.5,1496,Acid,Rock Tomb,Grass Knot,7,7,3,50000
Giratina (Altered) (Shadow),94,487,ghost,dragon,105.2,125,159,2090850,16,1485,Dragon Breath,Dragon Claw,Shadow Sneak,13,13,20,100000
Crustle,93.8,558,bug,rock,120.3,134.7,115,1863507,22,1499,Fury Cutter,X-Scissor,Rock Wrecker,10,13,1,10000
Jumpluff,93.8,189,grass,flying,96.7,156.9,152,2306179,40.5,1498,Fairy Wind,Energy Ball,Acrobatics,5,7,3,50000
Dusknoir (Shadow),93.4,477,ghost,none,119.8,174.2,90,1878224,23.5,1500,Astonish,Dynamic Punch,Shadow Punch,5,4,3,50000
Grumpig,93.4,326,psychic,none,113.3,131.4,132,1965166,23.5,1496,Psywave,Dynamic Punch,Shadow Ball,12,13,1,10000
Araquanid,93.1,752,water,bug,97.4,174,136,2304874,32,1498,Infestation,Water Pulse,Mirror Coat,5,4,3,50000
Kingdra (Shadow),93.1,230,water,dragon,121.8,127.9,118,1838230,21,1497,Dragon Breath,Surf,Swift,12,9,3,50000
Dragonair (Shadow),93,148,dragon,none,125.2,112.5,127,1788795,33,1498,Dragon Breath,Wrap,Aqua Tail,12,9,5,75000
Furret,93,162,normal,none,115.3,105.4,160,1944419,34.5,1497,Sucker Punch,Swift,Trailblaze,5,7,1,10000
Shelgon (Shadow),93,372,dragon,none,123.2,119,123,1803278,27.5,1495,Dragon Breath,Twister,Flamethrower,10,14,5,75000
Sliggoo,93,705,dragon,none,114.1,133.7,128,1952662,27.5,1497,Dragon Breath,Body Slam,Dragon Pulse,10,14,5,75000
Aurorus,92.7,699,rock,ice,113.5,106.3,164,1978668,20,1500,Powder Snow,Weather Ball (Ice),Meteor Beam,5,8,5,75000
Snorlax (Shadow),92.3,143,normal,none,108.4,102.3,187,2073703,17.5,1499,Psywave,Body Slam,Superpower,10,10,5,75000
Jellicent,92.1,593,water,ghost,106.6,126.2,156,2098656,24,1497,Hex,Surf,Shadow Ball,4,4,3,50000
Abomasnow (Shadow),91.8,460,grass,ice,117.8,112,143,1886685,23.5,1494,Powder Snow,Weather Ball (Ice),Energy Ball,5,6,3,50000
Goodra,91.6,706,dragon,none,119.6,134,116,1859062,16,1497,Dragon Breath,Aqua Tail,Thunder Punch,9,10,5,75000
Oinkologne (Female),91.6,916,normal,none,109.6,111.5,167,2040807,22.5,1499,Take Down,Body Slam,Trailblaze,5,5,1,10000
Jumpluff (Shadow),91.5,189,grass,flying,96.7,156.9,152,2306179,40.5,1498,Fairy Wind,Energy Ball,Acrobatics,5,7,3,50000
Abomasnow,91.4,460,grass,ice,117.8,112,143,1886685,23.5,1494,Powder Snow,Weather Ball (Ice),Energy Ball,5,6,3,50000
Dusknoir,91.4,477,ghost,none,119.8,174.2,90,1878224,23.5,1500,Astonish,Dynamic Punch,Shadow Punch,5,4,3,50000
Clodsire,91.3,980,poison,ground,95,119.7,208,2365272,29.5,1499,Poison Sting,Earthquake,Stone Edge,8,7,3,50000
Dunsparce,91.2,206,normal,none,104.7,110.9,184,2136466,37.5,1498,Bite,Drill Run,Rock Slide,10,12,3,50000
Walrein,91.2,365,ice,water,112.4,114.8,154,1987142,20.5,1498,Powder Snow,Icicle Spear,Earthquake,5,9,3,50000
Spidops,91.1,918,bug,none,110.9,138.8,131,2016473,37.5,1495,Shadow Claw,Lunge,Rock Tomb,6,7,1,50000
Deoxys (Defense),91,386,psychic,none,101,221.4,98,2191417,23.5,1490,Low Kick,Psycho Boost,Thunderbolt,5,7,20,100000
Dragonair,91,148,dragon,none,125.2,112.5,127,1788795,33,1498,Dragon Breath,Aqua Tail,Dragon Pulse,9,14,5,75000
Persian (Shadow),91,53,normal,none,118.6,116.3,137,1889666,36.5,1497,Scratch,Night Slash,Power Gem,9,13,3,50000
Toucannon (Shadow),90.9,733,normal,flying,137.2,96.7,123,1631871,20.5,1498,Peck,Beak Blast,Drill Peck,7,5,1,10000
Vigoroth,90.9,288,normal,none,116.2,114.1,145,1922471,28.5,1496,Scratch,Body Slam,Bulldoze,10,14,5,75000
Cofagrigus,90.8,563,ghost,none,111.7,165.2,109,2011360,24.5,1499,Shadow Claw,Shadow Ball,Energy Ball,7,6,3,50000
Mantine,90.8,226,water,flying,105.5,166.6,121,2126732,27,1500,Wing Attack,Twister,Water Pulse,5,7,5,75000
Hypno,90.7,97,psychic,none,103.4,143,147,2173571,27,1499,Confusion,Shadow Ball,Thunder Punch,4,3,3,50000
Kommo-o,90.6,784,dragon,fighting,123.7,137.8,106,1806861,16.5,1497,Dragon Tail,Clanging Scales,Upper Hand,4,4,5,75000
Lapras (Shadow),90.6,131,water,ice,104.6,114.5,178,2131853,21.5,1496,Psywave,Sparkling Aria,Ice Beam,12,14,5,75000
Araquanid (Shadow),90.5,752,water,bug,97.4,174,136,2304874,32,1498,Infestation,Water Pulse,Mirror Coat,5,4,3,50000
Persian,90.5,53,normal,none,118.6,116.3,137,1889666,36.5,1497,Scratch,Night Slash,Power Gem,9,13,3,50000
Arctibax,90.3,997,dragon,ice,122.8,98.5,151,1826466,27,1498,Dragon Breath,Avalanche,Dragon Claw,12,13,5,75000
Latias,90.3,380,dragon,psychic,124.5,138.9,104,1798477,16,1497,Dragon Breath,Aura Sphere,Mist Ball,10,15,20,100000
Medicham,90.2,308,fighting,psychic,106.9,139.5,141,2102670,49,1499,Psycho Cut,Ice Punch,Dynamic Punch,5,5,3,50000
Swalot,90.2,317,poison,none,103.4,122.7,171,2169508,28.5,1498,Infestation,Sludge,Ice Beam,4,5,1,10000
Annihilape (Shadow),90.1,979,fighting,ghost,123.3,105.1,140,1814236,17,1497,Low Kick,Rage Fist,Ice Punch,5,5,3,50000
Cofagrigus (Shadow),90.1,563,ghost,none,111.7,165.2,109,2011360,24.5,1499,Shadow Claw,Shadow Ball,Energy Ball,7,6,3,50000
Lickilicky,90.1,463,normal,none,105.7,125.6,160,2124147,23,1498,Rollout,Body Slam,Shadow Ball,4,4,3,50000
Cradily (Shadow),90,346,rock,grass,105.2,140.3,144,2125377,25.5,1496,Acid,Rock Tomb,Grass Knot,7,7,3,50000
Crustle (Shadow),90,558,bug,rock,120.3,134.7,115,1863507,22,1499,Fury Cutter,X-Scissor,Rock Wrecker,10,13,1,10000
Lunatone,90,337,rock,psychic,119.1,108.6,145,1875468,24,1496,Psywave,Weather Ball (Ice),Rock Slide,9,12,3,50000
Blastoise,89.9,9,water,none,112.1,137.7,130,2006702,23,1500,Bite,Hydro Cannon,Skull Bash,10,19,3,10000
Walrein (Shadow),89.9,365,ice,water,112.4,114.8,154,1987142,20.5,1498,Powder Snow,Icicle Spear,Earthquake,5,9,3,50000
Wartortle,89.9,8,water,none,107.6,139.1,139,2080435,47.5,1496,Bite,Aqua Jet,Ice Beam,10,14,3,10000
Vigoroth (Shadow),89.8,288,normal,none,116.2,114.1,145,1922471,28.5,1496,Scratch,Brick Break,Rock Slide,10,12,5,75000
Hypno (Shadow),89.7,97,psychic,none,103.4,143,147,2173571,27,1499,Confusion,Thunder Punch,Ice Punch,3,3,3,50000
Pachirisu,89.7,417,electric,none,91.5,157,142,2039901,50,1369,Volt Switch,Thunderbolt,Thunder Punch,4,3,5,75000
Rillaboom,89.7,812,grass,none,132.4,99.3,129,1696004,16.5,1499,Scratch,Drum Beating,Earth Power,9,13,3,10000
Altaria,89.6,334,dragon,flying,103.4,151.9,138,2167491,28.5,1498,Dragon Breath,Moonblast,Flamethrower,13,14,1,10000
Cetitan,89.6,975,ice,none,120.1,77,202,1868035,18,1499,Powder Snow,Icicle Spear,Superpower,5,5,3,50000
Greedent,89.6,820,normal,none,106.8,110.7,177,2092629,23.5,1496,Bite,Body Slam,Trailblaze,10,12,1,10000
Pidgeot,89.6,18,normal,flying,116.9,115.5,142,1917277,26.5,1499,Gust,Twister,Brave Bird,3,4,1,10000
Toucannon,89.5,733,normal,flying,137.2,96.7,123,1631871,20.5,1498,Peck,Beak Blast,Drill Peck,7,5,1,10000
Lickitung,89.3,108,normal,none,96.6,127.7,186,2294463,50,1490,Lick,Body Slam,Power Whip,14,17,3,50000
Sealeo,89.1,364,ice,water,108.9,112.7,167,2049596,36,1498,Powder Snow,Surf,Body Slam,6,5,3,50000
Annihilape,89,979,fighting,ghost,123.3,105.1,140,1814236,17,1497,Low Kick,Rage Fist,Ice Punch,5,5,3,50000
Aurorus (Shadow),89,699,rock,ice,113.5,106.3,164,1978668,20,1500,Powder Snow,Weather Ball (Ice),Meteor Beam,5,8,5,75000
Grumpig (Shadow),89,326,psychic,none,113.3,131.4,132,1965166,23.5,1496,Psywave,Dynamic Punch,Mirror Coat,12,12,1,10000
Froslass,88.8,478,ice,ghost,122.5,114.8,130,1828190,27.5,1497,Powder Snow,Avalanche,Shadow Ball,6,7,3,50000
Noctowl,88.8,164,normal,flying,105.3,120.1,168,2124617,28,1500,Wing Attack,Shadow Ball,Return,7,9,1,10000
Toxapex,88.8,748,poison,water,91.9,224.3,118,2432354,38,1497,Bite,Brine,Sludge Wave,15,17,3,50000
Girafarig (Shadow),88.7,203,normal,psychic,130.3,101.6,130,1721002,27.5,1499,Confusion,Psychic Fangs,Trailblaze,3,4,3,50000
Seaking,88.7,119,water,none,121.9,109,138,1833620,26,1499,Peck,Drill Run,Icy Wind,5,6,3,50000
Runerigus,88.6,867,ground,ghost,111.7,165.2,109,2011360,24.5,1499,Shadow Claw,Shadow Ball,Rock Tomb,7,7,3,50000
Uxie,88.6,480,psychic,none,102.1,176,122,2192291,22,1497,Confusion,Swift,Thunder,3,5,20,100000
Altaria (Shadow),88.5,334,dragon,flying,103.4,151.9,138,2167491,28.5,1498,Dragon Breath,Moonblast,Flamethrower,13,14,1,10000
Girafarig,88.5,203,normal,psychic,130.3,101.6,130,1721002,27.5,1499,Confusion,Psychic Fangs,Trailblaze,3,4,3,50000
Latias (Shadow),88.5,380,dragon,psychic,126.7,135.1,103,1763069,15.5,1498,Dragon Breath,Aura Sphere,Mist Ball,10,15,20,100000
Pelipper,88.5,279,water,flying,123.2,128.6,115,1822005,26,1498,Wing Attack,Weather Ball (Water),Hurricane,5,8,3,50000
Feraligatr,88.4,160,water,none,123.8,117.3,124,1800696,19.5,1499,Shadow Claw,Hydro Cannon,Ice Beam,5,7,3,10000
Maushold,88.4,925,normal,none,116.2,121.9,136,1926410,28.5,1497,Take Down,Swift,Crunch,4,5,1,10000
Miltank,88.4,241,normal,none,105.3,134.7,150,2127586,24,1499,Rollout,Body Slam,High Horsepower,4,5,5,75000
Dodrio,88.3,85,normal,flying,143.7,98.4,110,1555409,23.5,1495,Peck,Drill Peck,Brave Bird,5,7,3,50000
Dubwool,88.3,832,normal,none,110.6,143,128,2024422,25.5,1496,Take Down,Body Slam,Wild Charge,5,5,3,10000
Sealeo (Shadow),88.3,364,ice,water,108.9,112.7,167,2049596,36,1498,Powder Snow,Surf,Body Slam,6,5,3,50000
Flamigo,88.1,973,flying,fighting,137.9,95.5,123,1619842,20,1498,Peck,Upper Hand,Brave Bird,5,7,3,75000
Dartrix,87.9,723,grass,flying,112.4,115.5,153,1986277,36.5,1498,Peck,Brave Bird,Energy Ball,7,6,3,10000
Cresselia (Shadow),87.8,488,psychic,none,92,159,160,2340480,19,1467,Psycho Cut,Grass Knot,Moonblast,6,6,20,100000
Golisopod,87.8,768,bug,water,124,134.6,108,1802563,17.5,1497,Fury Cutter,X-Scissor,Aqua Jet,10,10,1,10000
Lileep,87.8,345,rock,grass,100.8,138.6,151,2109603,50,1459,Acid,Grass Knot,Ancient Power,7,6,3,50000
Dragalge,87.7,691,poison,dragon,117.8,143,113,1903530,23.5,1499,Acid,Aqua Tail,Outrage,5,8,3,50000
Kecleon,87.7,352,normal,none,115.5,142.1,118,1936681,27.5,1497,Sucker Punch,Thunder Punch,Dynamic Punch,6,7,5,75000
Castform,87.6,351,normal,none,112.6,121.3,146,1994123,39.5,1500,Hex,Weather Ball (Rock),Energy Ball,3,4,5,75000
Drampa,87.6,780,normal,dragon,136.8,104.2,115,1639274,19,1499,Dragon Breath,Swift,Dragon Pulse,9,14,5,75000
Pidgeot (Shadow),87.6,18,normal,flying,116.9,115.5,142,1917277,26.5,1499,Gust,Twister,Brave Bird,3,4,1,10000
Charjabug,87.5,737,bug,electric,114.7,134.7,126,1946711,36.5,1495,Volt Switch,X-Scissor,Discharge,3,3,1,10000
Linoone,87.5,264,normal,none,114.1,111.8,153,1951726,38.5,1496,Shadow Claw,Swift,Grass Knot,5,7,1,10000
Volbeat,87.5,313,bug,none,111.4,136.2,133,2017966,33.5,1500,Infestation,Lunge,Thunderbolt,4,5,3,50000
Wartortle (Shadow),87.5,8,water,none,107.6,139.1,139,2080435,47.5,1496,Bite,Aqua Jet,Ice Beam,10,14,3,10000
Castform (Snowy),87.4,351,ice,none,112.6,121.3,146,1994123,39.5,1500,Powder Snow,Weather Ball (Ice),Blizzard,5,10,5,75000
Orbeetle,87.4,826,bug,psychic,107.9,168.6,113,2055689,25.5,1495,Psycho Cut,Psyshock,Bug Buzz,5,7,1,10000
Piloswine,87.4,221,ice,ground,121,99.4,154,1852220,24,1498,Powder Snow,Icicle Spear,High Horsepower,5,7,3,50000
Samurott,87.4,503,water,none,128,100.9,136,1756467,19.5,1500,Fury Cutter,Hydro Cannon,Megahorn,10,14,3,10000
Wobbuffet,87.4,202,psychic,none,63,101.6,333,2131466,50,1159,Counter,Mirror Coat,Return,8,12,3,50000
Articuno,87.3,144,ice,flying,112.6,139.6,126,1980589,18.5,1495,Powder Snow,Icy Wind,Hurricane,6,8,20,100000
Cetoddle,87.3,974,ice,none,112.6,79.8,213,1913907,50,1469,Powder Snow,Avalanche,Body Slam,6,5,3,50000
Slowbro,87.2,80,water,psychic,113.4,120.9,144,1974249,22,1500,Confusion,Drain Punch,Ice Beam,3,4,3,50000
Victreebel (Shadow),87.2,71,grass,poison,135.1,93.5,131,1654772,23,1496,Sucker Punch,Leaf Blade,Acid Spray,5,7,3,50000
Fearow,87.1,22,normal,flying,131.4,104.6,124,1704311,28,1498,Peck,Drill Peck,Drill Run,5,5,1,10000
Aerodactyl (Shadow),87,142,rock,flying,134.4,103.3,120,1666022,20,1497,Dragon Breath,Rock Slide,Brutal Swing,12,9,5,75000
Dondozo,87,977,water,none,104.5,109.7,187,2143703,18.5,1497,Waterfall,Surf,Outrage,5,6,5,75000
Gliscor,87,472,ground,flying,115.6,144.3,116,1935005,21,1497,Wing Attack,Night Slash,Acrobatics,5,7,5,75000
Electrode (Hisuian),86.9,101,electric,grass,123.2,128.6,115,1822005,26,1498,Thunder Shock,Wild Charge,Energy Ball,5,5,3,50000
Gyarados,86.8,130,water,flying,130.7,108.5,120,1701714,16.5,1496,Dragon Breath,Aqua Tail,Twister,9,10,1,10000
Hakamo-o,86.7,783,dragon,fighting,115.5,135.5,123,1924981,36.5,1497,Dragon Tail,Brick Break,Rock Tomb,4,5,5,75000
Ledian,86.7,166,bug,flying,101.3,162.4,133,2187999,49.5,1494,Rollout,Dynamic Punch,Acrobatics,4,5,1,10000
Regirock,86.7,377,rock,none,104.5,179.9,114,2143149,17.5,1500,Lock On,Stone Edge,Focus Blast,11,15,20,100000
Trumbeak (Shadow),86.7,732,normal,flying,133.7,94.3,132,1664244,46,1492,Peck,Drill Peck,Rock Blast,5,5,1,10000
Lopunny,86.6,428,normal,none,112,143.5,124,1992928,27.5,1497,Low Kick,Thunder Punch,Triple Axel,5,6,3,50000
Victreebel,86.6,71,grass,poison,135.1,93.5,131,1654772,23,1496,Sucker Punch,Leaf Blade,Sludge Bomb,5,8,3,50000
Gyarados (Shadow),86.5,130,water,flying,130.7,108.5,120,1701714,16.5,1496,Dragon Breath,Aqua Tail,Twister,9,10,1,10000
Solrock,86.5,338,rock,psychic,119.1,108.6,145,1875468,24,1496,Psywave,Weather Ball (Fire),Rock Slide,9,12,3,50000
Glalie,86.4,362,ice,none,115.2,120.8,140,1948262,27,1498,Rollout,Avalanche,Shadow Ball,4,4,3,50000
Mew,86.4,151,psychic,none,120.4,119.3,129,1852920,16.5,1497,Shadow Claw,Wild Charge,Psyshock,6,5,20,100000
Blastoise (Shadow),86.3,9,water,none,112.1,137.7,130,2006702,23,1500,Bite,Hydro Cannon,Skull Bash,10,19,3,10000
Dewgong,86.3,87,water,ice,101.9,136.8,157,2188567,28.5,1495,Ice Shard,Icy Wind,Drill Run,5,4,3,50000
Feraligatr (Shadow),86.3,160,water,none,123.8,117.3,124,1800696,19.5,1499,Shadow Claw,Hydro Cannon,Ice Beam,5,7,3,10000
Rufflet,86.3,627,normal,flying,126.7,92.1,152,1773699,46.5,1500,Peck,Brave Bird,Fly,7,6,5,75000
Amaura (Shadow),86.2,698,rock,ice,114.2,104.1,165,1961556,50,1498,Powder Snow,Weather Ball (Ice),Thunderbolt,5,7,5,75000
Gligar (Shadow),86.2,207,ground,flying,108.4,145.3,131,2063318,31,1496,Wing Attack,Night Slash,Dig,5,7,5,75000
Lumineon,86.2,457,water,none,109,137.4,137,2051794,32.5,1497,Gust,Aqua Tail,Silver Wind,3,4,3,50000
Bellossom (Shadow),86.1,182,grass,none,115,132.2,128,1945984,24.5,1497,Acid,Leaf Blade,Dazzling Gleam,5,7,3,50000
Charjabug (Shadow),86.1,737,bug,electric,114.7,134.7,126,1946711,36.5,1495,Volt Switch,X-Scissor,Discharge,3,3,1,10000
Salamence (Shadow),86.1,373,dragon,flying,143.4,93.1,116,1548663,14.5,1496,Dragon Tail,Fly,Brutal Swing,4,3,5,75000
Spinda,86.1,327,normal,none,110,110,142,1718200,50,1378,Sucker Punch,Rock Tomb,Icy Wind,8,7,3,50000
Emolga,85.9,587,electric,flying,127.5,110.2,125,1756313,39.5,1497,Thunder Shock,Acrobatics,Discharge,7,5,1,10000
Amaura,85.8,698,rock,ice,114.2,104.1,165,1961556,50,1498,Powder Snow,Weather Ball (Ice),Thunderbolt,5,7,5,75000
Gogoat,85.8,673,grass,none,119.7,94.9,165,1874322,19.5,1498,Vine Whip,Leaf Blade,Rock Slide,5,6,3,50000
Ludicolo,85.8,272,water,grass,116.4,123.6,134,1927863,24,1498,Astonish,Weather Ball (Water),Energy Ball,4,5,3,50000
Drifblim,85.7,426,ghost,flying,119.1,75.7,209,1884317,23.5,1498,Hex,Icy Wind,Shadow Ball,4,4,5,75000
Lileep (Shadow),85.7,345,rock,grass,100.8,138.6,151,2109603,50,1459,Acid,Grass Knot,Ancient Power,7,6,3,50000
Slowking (Galarian),85.7,199,poison,psychic,117.3,117.9,138,1908494,20.5,1498,Acid,Psyshock,Shadow Ball,5,7,3,50000
Bellibolt,85.6,939,electric,none,115,110.1,154,1949871,21,1498,Thunder Shock,Zap Cannon,Parabolic Charge,9,6,1,50000
Dewott,85.6,502,water,none,122.6,99.8,149,1823087,35,1495,Fury Cutter,Aqua Tail,X-Scissor,9,10,3,10000
Piloswine (Shadow),85.6,221,ice,ground,121,99.4,154,1852220,24,1498,Powder Snow,Icicle Spear,High Horsepower,5,7,3,50000
Bellossom,85.5,182,grass,none,115,132.2,128,1945984,24.5,1497,Acid,Leaf Blade,Dazzling Gleam,5,7,3,50000
Trevenant (Shadow),85.5,709,ghost,grass,127.8,104.6,131,1751192,22,1499,Shadow Claw,Shadow Ball,Foul Play,7,5,5,75000
Turtonator,85.5,776,fire,dragon,113.5,153.6,113,1969997,25,1498,Incinerate,Brutal Swing,Dragon Claw,2,3,5,75000
Aipom (Shadow),85.4,190,normal,none,124.3,106.7,135,1790479,50,1492,Scratch,Swift,Aerial Ace,9,12,3,50000
Froslass (Shadow),85.4,478,ice,ghost,122.5,114.8,130,1828190,27.5,1497,Powder Snow,Avalanche,Shadow Ball,6,7,3,50000
Gligar,85.4,207,ground,flying,108.4,145.3,131,2063318,31,1496,Wing Attack,Night Slash,Dig,5,7,5,75000
Aerodactyl,85.3,142,rock,flying,134.4,103.3,120,1666022,20,1497,Dragon Breath,Rock Slide,Brutal Swing,12,9,5,75000
Aipom,85.3,190,normal,none,124.3,106.7,135,1790479,50,1492,Scratch,Swift,Aerial Ace,9,12,3,50000
Dragonite (Shadow),85.1,149,dragon,flying,135.8,107.3,113,1646561,14.5,1498,Dragon Breath,Thunder Punch,Superpower,10,10,5,75000
Vespiquen,85.1,416,bug,flying,108.8,143.4,132,2059453,28,1497,Fury Cutter,X-Scissor,Power Gem,10,13,3,50000
Raikou,85,243,electric,none,131.9,110.5,116,1690694,16,1496,Thunder Shock,Wild Charge,Aura Sphere,5,5,20,100000
Servine,85,496,grass,none,105.8,140.2,141,2091476,50,1492,Vine Whip,Grass Knot,Wrap,7,6,3,10000
Slowbro (Shadow),85,80,water,psychic,113.4,120.9,144,1974249,22,1500,Confusion,Drain Punch,Ice Beam,3,4,3,50000
Starmie (Shadow),85,121,water,psychic,133.1,122,104,1688773,21.5,1499,Psywave,Aqua Jet,Power Gem,10,13,3,50000
Tentacruel,85,73,water,poison,108.9,143.5,131,2047157,23,1494,Acid,Scald,Payback,7,8,3,50000
Trevenant,85,709,ghost,grass,127.8,104.6,131,1751192,22,1499,Shadow Claw,Seed Bomb,Shadow Ball,5,7,5,75000
Ampharos (Shadow),84.9,181,electric,none,126.8,107.9,129,1764942,19.5,1497,Volt Switch,Brutal Swing,Trailblaze,3,3,5,75000
Amoonguss,84.8,591,grass,poison,109.3,105.9,177,2048752,26.5,1497,Astonish,Foul Play,Grass Knot,4,5,3,50000
Milotic,84.8,350,water,none,113.1,133.8,130,1967261,18.5,1496,Waterfall,Aqua Tail,Wrap,4,5,5,75000
Ninetales,84.8,38,fire,none,114.3,135.4,126,1950004,24.5,1494,Ember,Weather Ball (Fire),Energy Ball,4,5,3,50000
Druddigon,84.7,621,dragon,none,131.2,111.2,117,1706964,20.5,1498,Dragon Tail,Night Slash,Rock Tomb,3,5,5,75000
Croconaw,84.6,159,water,none,117.7,120,135,1906740,35.5,1499,Scratch,Ice Punch,Water Pulse,10,13,3,10000
Ariados,84.5,168,bug,poison,124.2,103.9,140,1806613,33.5,1497,Poison Sting,Lunge,Foul Play,5,5,1,10000
Samurott (Shadow),84.5,503,water,none,128,100.9,136,1756467,19.5,1500,Fury Cutter,Hydro Cannon,Megahorn,10,14,3,10000
Starmie,84.5,121,water,psychic,133.1,122,104,1688773,21.5,1499,Psywave,Aqua Jet,Power Gem,10,13,3,50000
Ursaring (Shadow),84.5,217,normal,none,139.6,91.3,126,1605930,18.5,1499,Shadow Claw,Close Combat,Swift,6,5,3,50000
Ampharos,84.4,181,electric,none,126.8,107.9,129,1764942,19.5,1497,Volt Switch,Brutal Swing,Trailblaze,3,3,5,75000
Latios,84.4,381,dragon,psychic,139.3,112.9,102,1604151,14.5,1495,Dragon Breath,Aura Sphere,Luster Purge,10,15,20,100000
Swoobat,84.4,528,psychic,flying,126.6,101.6,137,1762171,34.5,1498,Confusion,Fly,Psychic Fangs,4,3,1,10000
Drifblim (Shadow),84.3,426,ghost,flying,119.1,75.7,209,1884317,23.5,1498,Astonish,Icy Wind,Shadow Ball,5,5,5,75000
Oinkologne,84.3,916,normal,none,117.6,101.5,159,1897888,21.5,1494,Take Down,Body Slam,Trailblaze,5,5,1,10000
Poliwrath,84.3,62,water,fighting,115.8,122,137,1935481,21.5,1499,Mud Shot,Icy Wind,Dynamic Punch,5,5,3,50000
Furfrou,84.2,676,normal,none,115.5,125.1,134,1936173,26.5,1495,Take Down,Dark Pulse,Grass Knot,5,6,5,75000
Raichu,84.2,26,electric,none,133.5,110.6,113,1668456,25.5,1498,Volt Switch,Volt Tackle,Trailblaze,3,3,1,10000
Baxcalibur,84.1,998,dragon,ice,135.6,95.7,127,1648069,15.5,1498,Dragon Breath,Glaive Rush,Avalanche,10,12,5,75000
Milotic (Shadow),84.1,350,water,none,113.1,133.8,130,1967261,18.5,1496,Waterfall,Aqua Tail,Wrap,4,5,5,75000
Trumbeak,84.1,732,normal,flying,134,93.2,134,1673499,48.5,1497,Peck,Drill Peck,Rock Blast,5,5,1,10000
Arbok (Shadow),84,24,poison,none,123.7,120.1,122,1812477,29,1498,Acid,Brutal Swing,Wrap,5,6,3,50000
Gliscor (Shadow),84,472,ground,flying,115.6,144.3,116,1935005,21,1497,Wing Attack,Night Slash,Acrobatics,5,7,5,75000
Latios (Shadow),84,381,dragon,psychic,140.4,112.9,99,1569265,14,1487,Dragon Breath,Aura Sphere,Luster Purge,10,15,20,100000
Qwilfish (Shadow),84,211,water,poison,131.1,105.4,123,1699607,27,1495,Poison Sting,Aqua Tail,Shadow Ball,4,6,3,50000
Squawkabilly,84,931,normal,flying,133.6,84.8,147,1665404,28,1492,Peck,Brave Bird,Fly,7,6,3,75000
Toxtricity,84,849,electric,poison,141.2,95.4,118,1589517,21.5,1499,Acid,Wild Charge,Swift,6,5,5,75000
Quagsire (Shadow),83.9,195,water,ground,111.2,112.6,161,2015900,28.5,1497,Mud Shot,Aqua Tail,Stone Edge,4,7,3,50000
Raichu (Alolan),83.9,26,electric,psychic,135.4,109.9,111,1651731,24,1496,Volt Switch,Volt Tackle,Psyshock,3,3,1,10000
Stunfisk,83.9,618,ground,electric,101.4,126.6,172,2208005,26,1496,Thunder Shock,Mud Bomb,Discharge,5,5,5,75000
Castform (Sunny),83.8,351,fire,none,112.6,121.3,146,1994123,39.5,1500,Ember,Weather Ball (Fire),Solar Beam,4,9,5,75000
Ninetales (Shadow),83.8,38,fire,none,114.3,135.4,126,1950004,24.5,1494,Ember,Weather Ball (Fire),Energy Ball,4,5,3,50000
Ledian (Shadow),83.7,166,bug,flying,101.3,162.4,133,2187999,49.5,1494,Rollout,Dynamic Punch,Acrobatics,4,5,1,10000
Politoed (Shadow),83.7,186,water,none,114,124.2,138,1953914,23,1498,Mud Shot,Weather Ball (Water),Ice Beam,4,7,3,50000
Serperior,83.7,497,grass,none,110.2,142.3,130,2038590,25,1499,Vine Whip,Frenzy Plant,Aerial Ace,6,6,3,10000
Arbok,83.6,24,poison,none,123.7,120.1,122,1812477,29,1498,Acid,Brutal Swing,Wrap,5,6,3,50000
Avalugg (Hisuian),83.6,713,ice,rock,116.4,135.1,122,1918528,16,1495,Powder Snow,Rock Slide,Icy Wind,6,6,3,50000
Chesnaught,83.6,652,grass,fighting,119.3,126.9,123,1862118,19,1496,Low Kick,Frenzy Plant,Superpower,6,5,3,10000
Primeape (Shadow),83.6,57,fighting,none,138.7,100.1,116,1610529,24,1497,Karate Chop,Rage Fist,Ice Punch,5,5,3,50000
Dewott (Shadow),83.5,502,water,none,124.1,99.7,146,1806424,35,1498,Fury Cutter,Aqua Tail,X-Scissor,9,10,3,10000
Swanna,83.5,581,water,flying,128.5,101,133,1726141,26.5,1494,Gust,Aqua Jet,Fly,3,4,3,50000
Teddiursa (Shadow),83.5,216,normal,none,131.5,90.5,142,1689907,49.5,1492,Scratch,Swift,Cross Chop,9,9,3,50000
Swanna (Shadow),83.4,581,water,flying,128.5,101,133,1726141,26.5,1494,Gust,Aqua Jet,Fly,3,4,3,50000
Grafaiai,83.3,945,poison,normal,134.2,107.8,115,1663677,24.5,1498,Scratch,Poison Fang,Foul Play,10,10,3,50000
Mamoswine (Shadow),83.3,473,ice,ground,136.2,87.4,138,1642735,16.5,1500,Powder Snow,Icicle Spear,High Horsepower,5,7,3,50000
Munchlax,83.2,446,normal,none,103.1,96.5,218,2168915,30,1497,Tackle,Body Slam,Bulldoze,14,19,5,10000
Politoed,83.2,186,water,none,114,124.2,138,1953914,23,1498,Mud Shot,Weather Ball (Water),Ice Beam,4,7,3,50000
Quagsire,83.2,195,water,ground,111.2,112.6,161,2015900,28.5,1497,Mud Shot,Aqua Tail,Stone Edge,4,7,3,50000
Throh,83.2,538,fighting,none,110.2,107.7,171,2029520,22,1497,Low Kick,Brick Break,Body Slam,5,5,5,75000
Hawlucha,83.1,701,fighting,flying,127.4,107.6,128,1754655,23,1495,Low Kick,Flying Press,Aerial Ace,5,6,5,75000
Venusaur,83.1,3,grass,poison,122.1,122.1,123,1833734,20.5,1498,Vine Whip,Frenzy Plant,Sludge,6,5,3,10000
Dhelmise,83,781,ghost,grass,139.7,109.3,105,1603267,20,1496,Shadow Claw,Power Whip,Brutal Swing,7,5,5,50000
Frillish,83,592,water,ghost,109.2,125.2,135,1845698,50,1420,Hex,Night Shade,Ice Beam,4,5,3,50000
Naclstack,83,933,rock,none,100.8,147,142,2104099,50,1460,Mud Shot,Rock Tomb,Rock Blast,6,5,5,50000
Gourgeist (Super),82.9,711,ghost,grass,115,131.5,129,1950803,21,1498,Incinerate,Shadow Ball,Seed Bomb,3,2,5,75000
Mismagius,82.9,429,ghost,none,131.6,123.6,104,1691639,21,1492,Psywave,Shadow Ball,Mystical Fire,13,12,3,50000
Pumpkaboo (Super),82.9,710,ghost,grass,111.7,113.4,141,1786016,50,1412,Astonish,Grass Knot,Foul Play,5,4,5,75000
Tentacruel (Shadow),82.9,73,water,poison,108.9,143.5,131,2047157,23,1494,Acid,Scald,Payback,7,8,3,50000
Gourgeist (Large),82.8,711,ghost,grass,115.9,137.2,122,1939981,22,1500,Incinerate,Shadow Ball,Seed Bomb,3,2,5,75000
Lurantis,82.8,754,grass,none,126.2,117.9,119,1770599,23,1495,Leafage,Leaf Blade,Superpower,5,5,3,50000
Croconaw (Shadow),82.7,159,water,none,117.7,120,135,1906740,35.5,1499,Scratch,Ice Punch,Water Pulse,10,13,3,10000
Dewgong (Shadow),82.7,87,water,ice,101.9,136.8,157,2188567,28.5,1495,Ice Shard,Icy Wind,Drill Run,5,4,3,50000
Dudunsparce,82.7,982,normal,none,116.1,98.6,169,1934621,20.5,1499,Bite,Drill Run,Body Slam,10,10,3,50000
Xatu (Shadow),82.7,178,psychic,flying,132.2,107.9,119,1697461,25.5,1500,Peck,Psyshock,Aerial Ace,5,6,3,50000
Dragonite,82.6,149,dragon,flying,135.8,107.3,113,1646561,14.5,1498,Dragon Breath,Thunder Punch,Superpower,10,10,5,75000
Hippowdon,82.6,450,ground,none,116.1,116.7,142,1923940,18,1498,Sand Attack,Weather Ball (Rock),Earth Power,9,13,3,50000
Meganium,82.6,154,grass,none,110.8,139,131,2017557,23,1496,Vine Whip,Frenzy Plant,Earthquake,6,9,3,10000
Sceptile (Shadow),82.6,254,grass,none,135.6,109.3,111,1645140,20,1498,Fury Cutter,Leaf Blade,Breaking Swipe,9,13,3,10000
Audino,82.5,531,normal,none,92.6,137.7,189,2409943,38,1497,Charge Beam,Body Slam,Disarming Voice,4,5,3,50000
Gourgeist (Average),82.5,711,ghost,grass,115.9,145,115,1932633,23.5,1498,Incinerate,Shadow Ball,Seed Bomb,3,2,5,75000
Quaquaval,82.5,914,water,fighting,137.7,98.6,120,1629266,18,1498,Low Kick,Close Combat,Hydro Cannon,6,5,3,10000
Giratina (Origin),82.4,487,ghost,dragon,120,101.4,154,1873872,15,1500,Dragon Tail,Ominous Wind,Shadow Ball,4,5,20,100000
Marowak,82.4,105,ground,none,109.6,148.8,125,2038560,31.5,1495,Mud Slap,Bone Club,Rock Slide,4,5,3,50000
Hippowdon (Shadow),82.3,450,ground,none,116.1,116.7,142,1923940,18,1498,Sand Attack,Weather Ball (Rock),Earth Power,9,13,3,50000
Lugia,82.3,249,psychic,flying,102.4,167,127,2171802,15,1495,Dragon Tail,Earth Power,Aeroblast,5,7,20,100000
Heracross,82.2,214,bug,fighting,134.6,108.4,114,1663333,17.5,1499,Fury Cutter,Upper Hand,Rock Tomb,10,13,3,50000
Ursaluna,82.2,901,ground,normal,125.6,98.6,144,1783319,14.5,1499,Scratch,Thunder Punch,High Horsepower,10,14,3,50000
Bruxish,82.1,779,water,psychic,136.4,102.5,117,1635777,23,1494,Confusion,Aqua Tail,Psychic Fangs,3,3,3,50000
Machamp,82.1,68,fighting,none,135.4,98.6,124,1655455,18,1497,Karate Chop,Cross Chop,Rock Slide,4,5,3,50000
Machoke (Shadow),82.1,67,fighting,none,126.7,97.3,143,1762891,27.5,1497,Karate Chop,Cross Chop,Dynamic Punch,4,5,3,50000
Venusaur (Shadow),82.1,3,grass,poison,122.1,122.1,123,1833734,20.5,1498,Vine Whip,Frenzy Plant,Sludge,6,5,3,10000
Amoonguss (Shadow),82,591,grass,poison,109.3,105.9,177,2048752,26.5,1497,Astonish,Grass Knot,Foul Play,5,4,3,50000
Machamp (Shadow),82,68,fighting,none,135.4,98.6,124,1655455,18,1497,Karate Chop,Cross Chop,Rock Slide,4,5,3,50000
Nidorina,82,30,poison,none,110.9,113.4,157,1974441,50,1480,Poison Sting,Poison Fang,Thunderbolt,5,7,3,50000
Wailmer,82,320,water,none,116.5,68.2,242,1922763,48.5,1497,Rollout,Scald,Body Slam,4,4,1,10000
Zeraora,82,807,electric,none,138.3,101,114,1592386,15.5,1484,Volt Switch,Plasma Fists,Dynamic Punch,3,3,20,100000
Gengar (Shadow),81.9,94,ghost,poison,154.3,95.5,98,1444094,19,1495,Shadow Claw,Shadow Punch,Dark Pulse,5,6,3,50000
Lugia (Shadow),81.9,249,psychic,flying,104.2,164.2,124,2121595,14.5,1489,Dragon Tail,Fly,Earth Power,4,5,20,100000
Marowak (Alolan),81.9,105,fire,ghost,109.6,148.8,125,2038560,31.5,1495,Fire Spin,Bone Club,Shadow Bone,4,5,3,50000
Palkia (Shadow),81.9,484,water,dragon,140.3,109.9,100,1541897,13.5,1471,Dragon Breath,Aqua Tail,Draco Meteor,9,17,20,100000
Salamence,81.9,373,dragon,flying,143.4,93.1,116,1548663,14.5,1496,Dragon Tail,Fly,Brutal Swing,4,3,5,75000
Swampert (Shadow),81.9,260,water,ground,122.9,109.1,136,1823541,18.5,1497,Mud Shot,Hydro Cannon,Earthquake,5,8,3,10000
Flygon,81.8,330,ground,dragon,127.9,109.5,125,1750631,21,1499,Dragon Tail,Sand Tomb,Twister,4,4,5,75000
Farfetch'd,81.7,83,normal,flying,116.8,109.2,131,1670847,50,1397,Fury Cutter,Leaf Blade,Aerial Ace,9,12,3,50000
Gallade (Shadow),81.7,475,psychic,fighting,136.5,115.5,104,1639638,18,1497,Psycho Cut,Leaf Blade,Sacred Sword,4,4,5,75000
Garganacl,81.7,934,rock,none,105.8,137.2,145,2104785,20.5,1492,Mud Shot,Rock Tomb,Rock Blast,6,5,5,50000
Gurdurr (Shadow),81.7,533,fighting,none,125.3,100.1,143,1793582,26,1499,Low Kick,Brick Break,Stone Edge,5,7,5,75000
Raikou (Shadow),81.7,243,electric,none,133.5,109.8,113,1656388,15.5,1487,Thunder Shock,Wild Charge,Aura Sphere,5,5,20,100000
Teddiursa,81.7,216,normal,none,131.5,90.5,142,1689907,49.5,1492,Scratch,Swift,Cross Chop,9,9,3,50000
Zapdos (Shadow),81.7,145,electric,flying,138.1,103.4,112,1599308,15,1488,Thunder Shock,Drill Peck,Heat Wave,5,5,20,100000
Gourgeist (Small),81.6,711,ghost,grass,116.8,152.8,107,1909633,25,1496,Incinerate,Shadow Ball,Seed Bomb,3,2,5,75000
Illumise,81.6,314,bug,none,111.4,136.2,133,2017966,33.5,1500,Infestation,Silver Wind,Shadow Ball,4,5,3,50000
Poliwrath (Shadow),81.6,62,water,fighting,115.8,122,137,1935481,21.5,1499,Mud Shot,Icy Wind,Dynamic Punch,5,5,3,50000
Regirock (Shadow),81.6,377,rock,none,105.7,178.4,111,2093114,17,1492,Lock On,Stone Edge,Focus Blast,11,15,20,100000
Swampert,81.6,260,water,ground,122.9,109.1,136,1823541,18.5,1497,Mud Shot,Hydro Cannon,Earthquake,5,8,3,10000
Chansey,81.5,113,normal,none,63,120.1,421,3185412,50,1417,Zen Headbutt,Dazzling Gleam,Hyper Beam,10,14,5,75000
Frigibax,81.5,996,dragon,ice,125.2,84.9,149,1583793,50,1410,Dragon Breath,Avalanche,Dragon Claw,12,13,5,75000
Barbaracle,81.4,689,rock,water,120.9,133,115,1849166,20.5,1498,Fury Cutter,Cross Chop,Stone Edge,9,14,3,50000
Gallade,81.4,475,psychic,fighting,136.5,115.5,104,1639638,18,1497,Psycho Cut,Leaf Blade,Sacred Sword,4,4,5,75000
Golbat (Shadow),81.4,42,poison,flying,117.6,116.2,139,1899452,28.5,1498,Wing Attack,Poison Fang,Shadow Ball,5,7,1,10000
Zoroark (Hisuian),81.4,571,normal,ghost,163.4,87.5,96,1372560,21,1498,Shadow Claw,Swift,Shadow Ball,5,7,5,75000
Gurdurr,81.3,533,fighting,none,125.3,100.1,143,1793582,26,1499,Low Kick,Brick Break,Stone Edge,5,7,5,75000
Lanturn,81.3,171,water,electric,104.8,105.5,194,2144942,27,1500,Spark,Surf,Thunderbolt,7,8,3,50000
Marowak (Alolan) (Shadow),81.3,105,fire,ghost,109.6,148.8,125,2038560,31.5,1495,Fire Spin,Shadow Bone,Bone Club,5,4,3,50000
Mismagius (Shadow),81.3,429,ghost,none,131.6,123.6,104,1691639,21,1492,Psywave,Shadow Ball,Mystical Fire,13,12,3,50000
Throh (Shadow),81.3,538,fighting,none,110.2,107.7,171,2029520,22,1497,Low Kick,Brick Break,Body Slam,5,5,5,75000
Torkoal,81.3,324,fire,none,107.5,151.2,128,2080512,27,1497,Ember,Flame Wheel,Overheat,5,7,3,50000
Electivire (Shadow),81.2,466,electric,none,143.3,100.8,108,1560021,18,1496,Thunder Shock,Ice Punch,Wild Charge,5,5,5,75000
Misdreavus,81.2,200,ghost,none,123,120.8,122,1812725,29,1495,Psywave,Dark Pulse,Shadow Sneak,12,13,3,50000
Slowbro (Galarian),81.2,80,poison,psychic,119.1,108.3,146,1883185,22.5,1499,Confusion,Drain Punch,Sludge Bomb,3,4,3,50000
Rapidash (Shadow),81.1,78,fire,none,133.6,111.4,112,1666900,22.5,1497,Incinerate,Drill Run,Wild Charge,2,3,3,50000
Ursaring,81.1,217,normal,none,139.6,91.3,126,1605930,18.5,1499,Shadow Claw,Close Combat,Swift,6,5,3,50000
Charizard (Shadow),81,6,fire,flying,132.7,108.8,116,1674780,19,1497,Ember,Blast Burn,Air Cutter,6,5,3,10000
Chesnaught (Shadow),81,652,grass,fighting,119.3,126.9,123,1862118,19,1496,Low Kick,Frenzy Plant,Superpower,6,5,3,10000
Pumpkaboo (Large),81,710,ghost,grass,113.4,115.1,133,1735961,50,1405,Astonish,Grass Knot,Foul Play,5,4,5,75000
Regice,81,378,ice,none,104.5,179.9,114,2143149,17.5,1500,Lock On,Blizzard,Thunder,15,12,20,100000
Sceptile,81,254,grass,none,135.6,109.3,111,1645140,20,1498,Fury Cutter,Leaf Blade,Breaking Swipe,9,13,3,10000
Ursaluna (Shadow),81,901,ground,normal,125.6,98.6,144,1783319,14.5,1499,Scratch,Thunder Punch,High Horsepower,10,14,3,50000
Victini,81,494,psychic,fire,120.4,119.3,129,1852920,16.5,1497,Confusion,V-Create,Psyshock,3,3,20,100000
Wyrdeer,81,899,normal,psychic,126.6,95.5,146,1765184,20,1496,Confusion,Stomp,Wild Charge,3,4,5,75000
Qwilfish,80.9,211,water,poison,131.1,105.4,123,1699607,27,1495,Poison Sting,Aqua Tail,Shadow Ball,4,6,3,50000
Rayquaza,80.9,384,dragon,flying,147.5,89.5,115,1518144,14.5,1499,Dragon Tail,Breaking Swipe,Dragon Ascent,5,4,20,100000
Articuno (Shadow),80.8,144,ice,flying,115.1,136.9,123,1938134,17.5,1496,Powder Snow,Triple Axel,Hurricane,6,8,20,100000
Castform (Rainy),80.8,351,water,none,112.6,121.3,146,1994123,39.5,1500,Water Gun,Weather Ball (Water),Thunder,12,20,5,75000
Crobat,80.8,169,poison,flying,121.2,118.1,129,1846470,21,1500,Gust,Air Cutter,Poison Fang,3,3,1,10000
Decidueye,80.8,724,grass,ghost,127.8,115.3,119,1753505,20,1499,Leafage,Frenzy Plant,Spirit Shackle,6,5,3,10000
Delphox (Shadow),80.8,655,fire,psychic,132.6,115.6,110,1686142,18,1498,Scratch,Psyshock,Blast Burn,10,13,3,10000
Electrode (Shadow),80.8,101,electric,none,122.8,126.3,117,1814628,27,1498,Volt Switch,Discharge,Foul Play,3,3,3,50000
Avalugg,80.7,713,ice,none,111.7,141.3,127,2004468,17.5,1498,Ice Fang,Avalanche,Body Slam,8,7,3,50000
Diggersby,80.7,660,normal,ground,95.7,140.3,174,2336248,47,1498,Mud Shot,Fire Punch,Scorching Sands,5,6,1,10000
Noctowl (Shadow),80.7,164,normal,flying,105.3,120.1,168,2124617,28,1500,Wing Attack,Sky Attack,Shadow Ball,7,7,1,10000
Dipplin,80.6,1011,grass,dragon,114.6,128.8,132,1948383,23.5,1498,Dragon Tail,Seed Bomb,Outrage,4,5,5,75000
Electrode,80.6,101,electric,none,122.8,126.3,117,1814628,27,1498,Volt Switch,Discharge,Foul Play,3,3,3,50000
Claydol,80.5,344,ground,psychic,103.5,172.5,121,2160304,29,1498,Mud Slap,Rock Tomb,Shadow Ball,5,5,3,50000
Crobat (Shadow),80.4,169,poison,flying,121.2,118.1,129,1846470,21,1500,Gust,Air Cutter,Poison Fang,3,3,1,10000
Diggersby (Shadow),80.4,660,normal,ground,95.7,140.3,174,2336248,47,1498,Mud Shot,Scorching Sands,Fire Punch,6,5,1,10000
Flapple,80.4,841,grass,dragon,138.1,100.1,117,1617386,22.5,1499,Dragon Breath,Seed Bomb,Dragon Pulse,10,14,5,75000
Fletchinder (Shadow),80.4,662,fire,flying,123.3,102.6,143,1809033,47.5,1494,Peck,Fly,Heat Wave,6,6,1,10000
Marowak (Shadow),80.4,105,ground,none,109.6,148.8,125,2038560,31.5,1495,Mud Slap,Bone Club,Rock Slide,4,5,3,50000
Muk,80.4,89,poison,none,115.8,111.6,148,1912645,20,1488,Poison Jab,Thunder Punch,Dark Pulse,6,7,3,50000
Timburr,80.4,532,fighting,none,125.2,85.7,164,1759661,50,1487,Low Kick,Brick Break,Rock Tomb,5,7,5,75000
Tropius,80.4,357,grass,flying,101.4,128,170,2206464,29,1497,Air Slash,Leaf Blade,Brutal Swing,4,4,5,75000
Wailord,80.4,321,water,none,118.3,67.4,237,1889701,24.5,1496,Rollout,Surf,Return,4,6,1,10000
Farfetch'd (Galarian),80.3,83,fighting,none,137.6,99.7,119,1632528,37,1499,Fury Cutter,Leaf Blade,Brick Break,9,10,3,50000
Kangaskhan,80.3,115,normal,none,114.5,110.8,153,1941050,21.5,1493,Low Kick,Brick Break,Crunch,5,6,3,50000
Glalie (Shadow),80.2,362,ice,none,115.2,120.8,140,1948262,27,1498,Rollout,Avalanche,Shadow Ball,4,4,3,50000
Golbat,80.2,42,poison,flying,117.6,116.2,139,1899452,28.5,1498,Wing Attack,Poison Fang,Shadow Ball,5,7,1,10000
Muk (Shadow),80.2,89,poison,none,115.8,111.6,148,1912645,20,1488,Poison Jab,Dark Pulse,Thunder Punch,7,6,3,50000
Slowpoke,80.2,79,water,psychic,104.1,94.9,186,1837511,50,1384,Confusion,Psyshock,Water Pulse,3,4,3,50000
Blaziken (Shadow),80.1,257,fire,fighting,143.9,90.8,119,1554868,19.5,1496,Ember,Aura Sphere,Blaze Kick,5,4,3,10000
Conkeldurr,80.1,534,fighting,none,134,93.9,133,1673486,16.5,1499,Force Palm,Dynamic Punch,Brutal Swing,5,4,5,75000
Xatu,80.1,178,psychic,flying,132.2,107.9,119,1697461,25.5,1500,Peck,Psyshock,Aerial Ace,5,6,3,50000
Mamoswine,80,473,ice,ground,136.2,87.4,138,1642735,16.5,1500,Powder Snow,Icicle Spear,High Horsepower,5,7,3,50000
Primeape,80,57,fighting,none,138.7,100.1,116,1610529,24,1497,Karate Chop,Rage Fist,Ice Punch,5,5,3,50000
Servine (Shadow),80,496,grass,none,105.8,140.2,141,2091476,50,1492,Vine Whip,Grass Knot,Wrap,7,6,3,10000
Conkeldurr (Shadow),79.9,534,fighting,none,134,93.9,133,1673486,16.5,1499,Force Palm,Dynamic Punch,Brutal Swing,5,4,5,75000
Gastrodon,79.9,423,water,ground,113.2,103.4,168,1966420,24,1495,Mud Slap,Body Slam,Earth Power,4,5,3,50000
Kabutops,79.9,141,rock,water,135.4,119.7,102,1653153,20.5,1497,Fury Cutter,Aqua Jet,Stone Edge,10,14,5,75000
Vikavolt (Shadow),79.9,738,bug,electric,144.1,96.6,111,1545127,17.5,1493,Volt Switch,X-Scissor,Discharge,3,3,1,10000
Houndstone,79.7,972,ghost,none,120.3,130.3,119,1865336,22,1498,Bite,Shadow Ball,Psychic Fangs,13,9,3,50000
Timburr (Shadow),79.7,532,fighting,none,125.2,85.7,164,1759661,50,1487,Low Kick,Brick Break,Rock Tomb,5,7,5,75000
Chimecho,79.6,358,psychic,none,119.5,120.8,130,1876628,25,1498,Astonish,Psyshock,Energy Ball,4,5,5,75000
Claydol (Shadow),79.5,344,ground,psychic,103.5,172.5,121,2160304,29,1498,Mud Slap,Rock Tomb,Shadow Ball,5,5,3,50000
Flygon (Shadow),79.5,330,ground,dragon,127.9,109.5,125,1750631,21,1499,Dragon Tail,Sand Tomb,Twister,4,4,5,75000
Rapidash,79.5,78,fire,none,133.6,111.4,112,1666900,22.5,1497,Incinerate,Drill Run,Wild Charge,2,3,3,50000
Toxicroak (Shadow),79.5,454,poison,fighting,136.2,93.8,129,1648047,22.5,1499,Poison Sting,Dynamic Punch,Shadow Ball,5,6,3,50000
Typhlosion (Shadow),79.5,157,fire,none,132.7,108.8,116,1674780,19,1497,Incinerate,Blast Burn,Thunder Punch,3,2,3,10000
Zygarde (50% Forme),79.5,718,dragon,ground,114.1,128.3,133,1946991,15.5,1493,Dragon Tail,Crunch,Bulldoze,4,5,20,100000
Hattrem,79.4,857,psychic,none,122.7,115.7,128,1817138,38.5,1493,Confusion,Psyshock,Dazzling Gleam,3,4,5,50000
Leavanny,79.4,542,bug,grass,129.4,110.2,121,1725445,21.5,1496,Shadow Claw,Leaf Blade,X-Scissor,5,5,1,10000
Zapdos,79.4,145,electric,flying,135.6,104.6,115,1631132,15.5,1491,Thunder Shock,Drill Peck,Heat Wave,5,5,20,100000
Corvisquire,79.3,822,flying,none,118.1,104.7,153,1891856,49.5,1496,Peck,Sky Attack,Payback,7,8,1,10000
Decidueye (Hisuian),79.3,724,grass,fighting,126.9,109.4,127,1763123,19,1498,Psycho Cut,Energy Ball,Aura Sphere,5,5,3,10000
Fraxure (Shadow),79.3,611,dragon,none,144.2,91.5,118,1556927,25,1499,Dragon Tail,Aqua Tail,Night Slash,3,3,5,75000
Kabutops (Shadow),79.3,141,rock,water,135.4,119.7,102,1653153,20.5,1497,Fury Cutter,Aqua Jet,Stone Edge,10,14,5,75000
Pumpkaboo (Average),79.3,710,ghost,grass,114.2,115.9,125,1654473,50,1379,Astonish,Grass Knot,Foul Play,5,4,5,75000
Slowpoke (Galarian),79.3,79,psychic,none,104.1,94.9,186,1837511,50,1384,Confusion,Psyshock,Surf,3,4,3,50000
Articuno (Galarian),79.2,144,psychic,flying,134.1,111,112,1667131,15.5,1495,Psycho Cut,Fly,Brave Bird,5,7,20,100000
Fletchinder,79.2,662,fire,flying,123.3,102.6,143,1809033,47.5,1494,Peck,Fly,Heat Wave,6,6,1,10000
Garchomp,79.2,445,dragon,ground,132.4,101.4,126,1691595,14,1499,Dragon Tail,Twister,Sand Tomb,4,4,5,75000
Nidoqueen,79.2,31,poison,ground,116.5,118.4,139,1917310,22.5,1496,Mud Slap,Earth Power,Poison Fang,5,4,3,50000
Seismitoad,79.2,537,water,ground,120.3,100.9,154,1869294,22,1500,Mud Shot,Earth Power,Icy Wind,6,5,3,50000
Wailmer (Shadow),79.2,320,water,none,116.5,68.2,242,1922763,48.5,1497,Rollout,Scald,Body Slam,4,4,1,10000
Pawmot,79.1,923,electric,fighting,145,95.4,111,1535463,21,1498,Thunder Shock,Brick Break,Wild Charge,5,5,3,75000
Sirfetch'd,79.1,865,fighting,none,144.7,108,99,1547132,18.5,1498,Fury Cutter,Leaf Blade,Close Combat,9,12,3,50000
Armarouge,79,936,fire,psychic,132.1,109.5,117,1692399,17,1496,Incinerate,Psyshock,Heat Wave,2,3,5,50000
Espurr,79,677,psychic,none,113.4,108.4,145,1782421,50,1423,Confusion,Psyshock,Energy Ball,3,4,3,50000
Kleavor,79,900,bug,rock,143.6,104.5,104,1560645,17.5,1500,Fury Cutter,X-Scissor,Rock Slide,10,12,5,75000
Nidoqueen (Shadow),79,31,poison,ground,116.5,118.4,139,1917310,22.5,1496,Mud Slap,Earth Power,Poison Fang,5,4,3,50000
Nidorina (Shadow),79,30,poison,none,110.9,113.4,157,1974441,50,1480,Poison Sting,Poison Fang,Dig,5,6,3,50000
Wormadam (Plant),79,413,bug,grass,110,144.9,128,2040192,34.5,1499,Sucker Punch,Energy Ball,Bug Buzz,7,9,1,10000
Galvantula,78.9,596,bug,electric,138.2,96.4,122,1625343,25.5,1498,Volt Switch,Discharge,Lunge,3,3,3,50000
Gengar,78.9,94,ghost,poison,154.3,95.5,98,1444094,19,1495,Shadow Claw,Shadow Punch,Dark Pulse,5,6,3,50000
Stoutland,78.9,508,normal,none,123.8,116.1,125,1796647,19.5,1495,Take Down,Wild Charge,Crunch,5,5,1,10000
Talonflame,78.9,663,fire,flying,121.4,112.6,135,1845401,25.5,1500,Incinerate,Fly,Brave Bird,3,3,1,10000
Haxorus (Shadow),78.8,612,dragon,none,151.4,95.2,103,1484568,15.5,1499,Dragon Tail,Night Slash,Surf,3,4,5,75000
Kricketune,78.8,402,bug,none,127.7,89.5,153,1748660,38,1496,Fury Cutter,X-Scissor,Aerial Ace,10,12,1,10000
Thundurus (Incarnate) (Shadow),78.8,642,electric,flying,148.1,95.5,107,1513360,16.5,1499,Thunder Shock,Thunder Punch,Brick Break,5,5,20,100000
Haunter,78.6,93,ghost,poison,161.1,85.5,101,1391179,28,1497,Shadow Claw,Shadow Punch,Ice Punch,5,5,3,50000
Slowpoke (Shadow),78.6,79,water,psychic,104.1,94.9,186,1837511,50,1384,Confusion,Psyshock,Water Pulse,3,4,3,50000
Blaziken,78.5,257,fire,fighting,143.9,90.8,119,1554868,19.5,1496,Ember,Aura Sphere,Blast Burn,5,6,3,10000
Toxicroak,78.5,454,poison,fighting,136.2,93.8,129,1648047,22.5,1499,Poison Sting,Dynamic Punch,Shadow Ball,5,6,3,50000
Hydrapple,78.4,1019,grass,dragon,122.2,110.6,135,1824568,17,1498,Dragon Tail,Seed Bomb,Outrage,4,5,5,75000
Scyther (Shadow),78.4,123,bug,flying,134.8,109.4,113,1666425,20.5,1499,Fury Cutter,Night Slash,X-Scissor,9,10,5,75000
Tyrantrum (Shadow),78.4,697,rock,dragon,129,115,116,1720860,17.5,1491,Dragon Tail,Crunch,Rock Tomb,4,5,5,75000
Magcargo,78.3,219,fire,rock,110.9,156.3,117,2028039,36.5,1500,Ember,Rock Tomb,Overheat,6,7,1,10000
Wormadam (Sandy),78.3,413,bug,ground,110,144.9,128,2040192,34.5,1499,Sucker Punch,Bulldoze,Bug Buzz,8,9,1,10000
Staravia,78.2,397,normal,flying,131.9,91.6,135,1631075,50,1467,Wing Attack,Brave Bird,Fly,7,6,1,10000
Blacephalon,78.1,806,fire,ghost,173.6,88.4,84,1289084,16.5,1496,Incinerate,Mind Blown,Shadow Ball,2,3,20,100000
Hitmonlee (Shadow),78.1,106,fighting,none,141.8,118.9,94,1584842,21.5,1499,Low Kick,Blaze Kick,Brick Break,5,5,5,75000
Nidoking,78.1,34,poison,ground,129.4,105.3,127,1730479,21.5,1499,Poison Sting,Avalanche,Earth Power,5,6,3,50000
Tyrantrum,78.1,697,rock,dragon,129,115,116,1720860,17.5,1491,Dragon Tail,Rock Tomb,Crunch,5,4,5,75000
Grimer,78,88,poison,none,121,88.2,172,1835618,50,1491,Poison Jab,Sludge,Mud Bomb,6,7,3,50000
Pinsir (Shadow),78,127,bug,none,139.6,112.6,102,1603334,18.5,1497,Fury Cutter,Close Combat,X-Scissor,12,10,5,75000
Tyrunt,78,696,rock,dragon,126.6,107.8,129,1760525,38.5,1497,Dragon Tail,Rock Tomb,Stomp,5,4,5,75000
Armaldo (Shadow),77.9,348,rock,bug,133.9,109.1,115,1679976,19.5,1500,Fury Cutter,Rock Blast,Liquidation,10,12,3,50000
Delphox,77.9,655,fire,psychic,132.6,115.6,110,1686142,18,1498,Scratch,Psyshock,Blast Burn,10,13,3,10000
Toedscruel,77.9,949,ground,grass,108.9,143.5,131,2047157,23,1494,Mud Slap,Seed Bomb,Earth Power,4,5,3,50000
Zangoose,77.9,335,normal,none,144.7,87.7,122,1548203,23,1498,Fury Cutter,Close Combat,Night Slash,12,9,3,50000
Bayleef,77.8,153,grass,none,105.5,141.5,142,2119812,49.5,1497,Magical Leaf,Ancient Power,Energy Ball,5,5,3,10000
Charizard,77.8,6,fire,flying,132.7,108.8,116,1674780,19,1497,Ember,Blast Burn,Air Cutter,6,5,3,10000
Grimer (Shadow),77.8,88,poison,none,122.7,86.8,171,1821212,49,1495,Poison Jab,Sludge,Mud Bomb,6,7,3,50000
Vikavolt,77.8,738,bug,electric,144.1,96.6,111,1545127,17.5,1493,Volt Switch,X-Scissor,Fly,3,3,1,10000
Electivire,77.7,466,electric,none,143.3,100.8,108,1560021,18,1496,Thunder Shock,Ice Punch,Wild Charge,5,5,5,75000
Espathra,77.7,956,psychic,none,131.7,89.9,143,1693096,22.5,1497,Confusion,Psyshock,Dazzling Gleam,3,4,3,50000
Golurk (Shadow),77.7,623,ground,ghost,133.3,98.5,128,1680646,19.5,1500,Mud Slap,Shadow Punch,Dynamic Punch,4,5,5,75000
Reshiram (Shadow),77.7,643,dragon,fire,138.4,109,107,1614159,13.5,1497,Dragon Breath,Fusion Flare,Draco Meteor,12,17,20,100000
Drilbur (Shadow),77.6,529,ground,none,139.4,81.5,141,1601915,50,1498,Scratch,Drill Run,Rock Tomb,10,13,3,50000
Garchomp (Shadow),77.6,445,dragon,ground,132.4,101.4,126,1691595,14,1499,Dragon Tail,Twister,Sand Tomb,4,4,5,75000
Tyrunt (Shadow),77.6,696,rock,dragon,126.6,107.8,129,1760525,38.5,1497,Dragon Tail,Rock Tomb,Stomp,5,4,5,75000
Hariyama (Shadow),77.5,297,fighting,none,125.6,76.1,186,1777818,19.5,1495,Force Palm,Upper Hand,Heavy Slam,4,5,3,50000
Barraskewda,77.4,847,water,none,159.6,85.2,103,1400586,20.5,1498,Peck,Aqua Jet,Close Combat,5,6,3,50000
Galvantula (Shadow),77.4,596,bug,electric,138.2,96.4,122,1625343,25.5,1498,Volt Switch,Discharge,Lunge,3,3,3,50000
Pumpkaboo (Small),77.4,710,ghost,grass,115.1,116.8,119,1599798,50,1358,Astonish,Grass Knot,Foul Play,5,4,5,75000
Scolipede,77.4,545,bug,poison,131.7,120.3,107,1695256,22.5,1494,Poison Sting,Aqua Tail,Megahorn,4,7,1,10000
Swadloon,77.4,541,bug,grass,106.7,146.2,135,2105938,50,1500,Bug Bite,Energy Ball,Silver Wind,15,15,1,10000
Kilowattrel,77.3,941,electric,flying,143.2,92.5,118,1563028,22.5,1499,Thunder Shock,Acrobatics,Aerial Ace,7,5,1,10000
Palossand,77.3,770,ghost,ground,116.5,122.9,134,1918592,23,1497,Astonish,Shadow Ball,Earth Power,5,5,3,50000
Drifloon (Shadow),77.2,425,ghost,flying,110.9,79.8,186,1646067,50,1353,Hex,Shadow Ball,Icy Wind,4,4,5,75000
Gigalith,77.2,526,rock,none,127.2,118.4,117,1762076,17,1498,Lock On,Superpower,Meteor Beam,8,12,3,50000
Smoochum,77.2,238,ice,psychic,141.1,89,120,1506948,50,1459,Powder Snow,Psyshock,Ice Punch,5,5,5,10000
Hippopotas,77.1,449,ground,none,115.1,111.7,152,1954214,50,1500,Sand Attack,Rock Tomb,Dig,13,13,3,50000
Suicune,77.1,245,water,none,106.2,142.9,137,2079109,18.5,1487,Ice Fang,Bubble Beam,Scald,9,9,20,100000
Typhlosion,77,157,fire,none,132.7,108.8,116,1674780,19,1497,Incinerate,Blast Burn,Thunder Punch,3,2,3,10000
Weezing,77,110,poison,none,117.5,140.2,116,1910926,25,1499,Rollout,Sludge Bomb,Dark Pulse,4,4,3,50000
Kabuto,76.9,140,rock,water,134.4,129.4,96,1669571,49,1497,Scratch,Aqua Jet,Rock Tomb,10,13,5,75000
Nidoking (Shadow),76.9,34,poison,ground,129.4,105.3,127,1730479,21.5,1499,Poison Sting,Avalanche,Earth Power,5,6,3,50000
Sandslash,76.9,28,ground,none,120.4,123,125,1851150,23.5,1496,Sand Attack,Rock Tomb,Night Slash,13,9,3,50000
Kabuto (Shadow),76.8,140,rock,water,134.4,129.4,96,1669571,49,1497,Scratch,Aqua Jet,Rock Tomb,10,13,5,75000
Mewtwo (Shadow),76.8,150,psychic,none,147.3,94.3,106,1472381,13,1479,Psycho Cut,Psystrike,Thunderbolt,5,7,20,100000
Pancham,76.8,674,fighting,none,123.3,99.3,148,1812066,47.5,1499,Low Kick,Crunch,Body Slam,6,5,3,50000
Golem (Alolan) (Shadow),76.7,76,rock,electric,125.1,122.2,116,1773318,19,1495,Volt Switch,Wild Charge,Rock Blast,3,3,1,10000
Graveler (Alolan) (Shadow),76.7,75,rock,electric,122.6,129.9,115,1831460,29.5,1500,Volt Switch,Stone Edge,Rock Blast,4,3,1,10000
Quilladin,76.7,651,grass,none,114.9,130.1,130,1943304,35,1495,Low Kick,Energy Ball,Body Slam,6,5,3,10000
Staravia (Shadow),76.7,397,normal,flying,131.9,91.6,135,1631075,50,1467,Wing Attack,Brave Bird,Fly,7,6,1,10000
Zapdos (Galarian),76.7,145,fighting,flying,135.6,107.2,113,1642604,15.5,1496,Low Kick,Fly,Close Combat,6,6,20,100000
Gabite (Shadow),76.6,444,dragon,ground,128.7,102.4,132,1739612,30,1498,Mud Shot,Twister,Dig,5,6,5,75000
Bibarel,76.5,400,normal,water,122.9,99.2,149,1816560,31.5,1497,Take Down,Surf,Hyper Fang,5,6,1,10000
Celebi,76.5,251,psychic,grass,120.4,119.3,129,1852920,16.5,1497,Confusion,Aura Sphere,Leaf Storm,3,4,20,100000
Golurk,76.5,623,ground,ghost,133.3,98.5,128,1680646,19.5,1500,Mud Slap,Shadow Punch,Dynamic Punch,4,5,5,75000
Hariyama,76.5,297,fighting,none,125.6,76.1,186,1777818,19.5,1495,Force Palm,Upper Hand,Heavy Slam,4,5,3,50000
Haunter (Shadow),76.5,93,ghost,poison,161.1,85.5,101,1391179,28,1497,Shadow Claw,Ice Punch,Shadow Ball,5,7,3,50000
Meganium (Shadow),76.5,154,grass,none,110.8,139,131,2017557,23,1496,Vine Whip,Frenzy Plant,Earthquake,6,9,3,10000
Misdreavus (Shadow),76.5,200,ghost,none,123,120.8,122,1812725,29,1495,Astonish,Dark Pulse,Shadow Sneak,5,5,3,50000
Passimian,76.5,766,fighting,none,128.6,99.1,135,1720475,18,1493,Counter,Brutal Swing,Superpower,6,7,3,75000
Quaxwell,76.5,913,water,none,125.4,103.5,138,1791088,34,1499,Wing Attack,Aqua Jet,Aerial Ace,5,6,3,10000
Centiskorch,76.4,851,fire,bug,128.7,99.4,136,1739818,18.5,1500,Ember,Lunge,Heat Wave,5,5,5,75000
Coalossal,76.4,839,rock,fire,98.1,139.3,167,2282110,24,1498,Fire Spin,Rock Slide,Flame Charge,5,5,3,10000
Skeledirge,76.4,911,fire,ghost,121.2,109.7,139,1848094,18.5,1499,Incinerate,Torch Song,Shadow Ball,3,3,3,10000
Parasect,76.3,47,bug,grass,124.1,118.2,123,1804240,30.5,1498,Fury Cutter,X-Scissor,Cross Poison,10,9,3,50000
Quilladin (Shadow),76.3,651,grass,none,114.9,130.1,130,1943304,35,1495,Low Kick,Energy Ball,Body Slam,6,5,3,10000
Venomoth,76.3,49,bug,poison,127,107.6,129,1762811,27,1496,Infestation,Poison Fang,Silver Wind,4,4,3,50000
Venomoth (Shadow),76.3,49,bug,poison,127,107.6,129,1762811,27,1496,Infestation,Poison Fang,Silver Wind,4,4,3,50000
Gothitelle,76.2,576,psychic,none,115.3,140.9,119,1933247,23,1498,Confusion,Rock Slide,Future Sight,4,5,3,50000
Hitmonlee,76.2,106,fighting,none,141.8,118.9,94,1584842,21.5,1499,Low Kick,Blaze Kick,Brick Break,5,5,5,75000
Machoke,76.1,67,fighting,none,126.7,97.3,143,1762891,27.5,1497,Karate Chop,Cross Chop,Return,4,8,3,50000
Meowstic (Female),76.1,678,psychic,none,117.1,123.9,132,1915147,26,1498,Confusion,Energy Ball,Shadow Ball,4,4,3,50000
Staraptor (Shadow),76.1,398,normal,flying,140.3,90.8,124,1579666,19.5,1494,Wing Attack,Fly,Close Combat,6,6,1,10000
Wailord (Shadow),76.1,321,water,none,118.3,67.4,237,1889701,24.5,1496,Rollout,Surf,Hyper Beam,4,7,1,10000
Cryogonal,76,615,ice,none,115.8,137.9,121,1932227,20,1496,Ice Shard,Triple Axel,Night Slash,5,4,5,75000
Drifloon,76,425,ghost,flying,110.9,79.8,186,1646067,50,1353,Hex,Shadow Ball,Icy Wind,4,4,5,75000
Gabite,76,444,dragon,ground,128.7,102.4,132,1739612,30,1498,Mud Shot,Twister,Dig,5,6,5,75000
Lampent (Shadow),76,608,ghost,fire,132.5,99,129,1692158,35,1499,Ember,Heat Wave,Energy Ball,5,5,5,75000
Suicune (Shadow),76,245,water,none,107.1,140,136,2039184,18,1477,Ice Fang,Bubble Beam,Scald,9,9,20,100000
Fraxure,75.9,611,dragon,none,144.2,91.5,118,1556927,25,1499,Dragon Tail,Aqua Tail,Night Slash,3,3,5,75000
Salazzle,75.9,758,poison,fire,147,91.2,114,1528330,22.5,1499,Incinerate,Poison Fang,Dragon Pulse,2,3,3,50000
Typhlosion (Hisuian),75.8,157,fire,ghost,139.6,106.9,108,1611710,18.5,1499,Ember,Shadow Ball,Wild Charge,6,5,3,10000
Graveler (Alolan),75.7,75,rock,electric,121.4,130.9,116,1843386,30,1497,Volt Switch,Stone Edge,Rock Blast,4,3,1,10000
Marshtomp (Shadow),75.7,259,water,ground,120.4,111.4,139,1864346,33.5,1499,Mud Shot,Surf,Sludge,5,5,3,10000
Slowking,75.7,199,water,psychic,113.4,120.9,144,1974249,22,1500,Confusion,Surf,Blizzard,4,6,3,50000
Eelektrik,75.6,603,electric,none,122.3,110.1,136,1831271,35.5,1496,Acid,Discharge,Crunch,5,6,1,10000
Swellow,75.6,277,normal,flying,135.9,99.9,121,1642746,29,1497,Wing Attack,Brave Bird,Aerial Ace,7,6,1,10000
Camerupt,75.5,323,fire,ground,133.5,100.5,125,1677094,25.5,1498,Incinerate,Earth Power,Rock Tomb,3,3,3,50000
Roserade,75.5,407,grass,poison,141.9,114.3,97,1573259,18.5,1499,Poison Sting,Weather Ball (Fire),Leaf Storm,4,7,3,50000
Whiscash (Shadow),75.5,340,water,ground,107.5,108.2,178,2070407,27,1492,Mud Shot,Mud Bomb,Scald,5,6,1,10000
Golett (Shadow),75.4,622,ground,ghost,119.3,89.9,141,1512235,50,1343,Astonish,Shadow Punch,Brick Break,4,4,5,75000
Gothorita,75.3,575,psychic,none,112.2,132.7,134,1995118,40,1498,Confusion,Future Sight,Psychic,5,4,3,50000
Scyther,75.3,123,bug,flying,134.8,109.4,113,1666425,20.5,1499,Fury Cutter,Night Slash,X-Scissor,9,10,5,75000
Grotle,75.2,388,grass,none,117.8,114.9,141,1908466,30,1500,Bite,Body Slam,Energy Ball,10,12,3,10000
Pinsir,75.2,127,bug,none,139.6,112.6,102,1603334,18.5,1497,Fury Cutter,Close Combat,X-Scissor,12,10,5,75000
Beedrill,75.1,15,bug,poison,127.1,106.5,130,1759700,30.5,1500,Infestation,X-Scissor,Drill Run,4,4,1,10000
Bibarel (Shadow),75.1,400,normal,water,122.9,99.2,149,1816560,31.5,1497,Take Down,Surf,Hyper Fang,5,6,1,10000
Corvisquire (Shadow),75.1,822,flying,none,118.1,104.7,153,1891856,49.5,1496,Peck,Sky Attack,Payback,7,8,1,10000
Grotle (Shadow),75.1,388,grass,none,117.8,114.9,141,1908466,30,1500,Bite,Energy Ball,Body Slam,12,10,3,10000
Axew (Shadow),75,610,dragon,none,138.6,96,121,1609978,49,1494,Scratch,Aqua Tail,Dragon Claw,9,13,5,75000
Camerupt (Shadow),75,323,fire,ground,133.5,100.5,125,1677094,25.5,1498,Incinerate,Earth Power,Rock Tomb,3,3,3,50000
Machop (Shadow),75,66,fighting,none,127.7,81.5,157,1633985,50,1444,Karate Chop,Cross Chop,Brick Break,4,5,3,50000
Thundurus (Incarnate),75,642,electric,flying,148.1,95.5,107,1513360,16.5,1499,Thunder Shock,Thunder Punch,Brick Break,5,5,20,100000
Serperior (Shadow),74.8,497,grass,none,110.2,142.3,130,2038590,25,1499,Vine Whip,Frenzy Plant,Leaf Tornado,6,5,3,10000
Whiscash,74.8,340,water,ground,107.5,108.2,178,2070407,27,1492,Mud Shot,Mud Bomb,Scald,5,6,1,10000
Beedrill (Shadow),74.7,15,bug,poison,127.1,106.5,130,1759700,30.5,1500,Poison Sting,X-Scissor,Drill Run,5,5,1,10000
Gigalith (Shadow),74.7,526,rock,none,127.2,118.4,117,1762076,17,1498,Lock On,Superpower,Meteor Beam,8,12,3,50000
Scolipede (Shadow),74.7,545,bug,poison,131.7,120.3,107,1695256,22.5,1494,Poison Sting,Aqua Tail,X-Scissor,4,5,1,10000
Golem (Alolan),74.6,76,rock,electric,125.1,122.2,116,1773318,19,1495,Volt Switch,Wild Charge,Rock Blast,3,3,1,10000
Zebstrika (Shadow),74.6,523,electric,none,137.7,95.4,124,1628936,23,1499,Low Kick,Wild Charge,Discharge,6,5,3,50000
Marshtomp,74.5,259,water,ground,119.8,111.5,140,1870078,34.5,1497,Mud Shot,Surf,Sludge,5,5,3,10000
Purugly,74.5,432,normal,none,125.5,105.5,134,1774194,28.5,1492,Scratch,Aerial Ace,Thunder,12,15,3,50000
Weezing (Shadow),74.5,110,poison,none,117.6,139.4,116,1901639,24.5,1497,Rollout,Sludge Bomb,Dark Pulse,4,4,3,50000
Leafeon,74.4,470,grass,none,128.1,133.9,102,1749564,19,1500,Quick Attack,Leaf Blade,Last Resort,5,7,5,75000
Sawk (Shadow),74.4,539,fighting,none,140.3,97.3,117,1597189,20,1497,Low Kick,Brick Break,Body Slam,5,5,5,75000
Grovyle,74.3,253,grass,none,136.3,103.2,117,1645741,36.5,1497,Quick Attack,Leaf Blade,Aerial Ace,5,6,3,10000
Huntail,74.3,367,water,none,130.8,125.6,104,1708562,23.5,1496,Bite,Aqua Tail,Crunch,9,12,3,50000
Armaldo,74.2,348,rock,bug,133.9,109.1,115,1679976,19.5,1500,Fury Cutter,Rock Blast,Liquidation,10,12,3,50000
Relicanth,74.2,369,water,rock,105.1,133.6,151,2120245,22.5,1497,Water Gun,Aqua Tail,Ancient Power,12,15,5,75000
Sandslash (Shadow),74.2,28,ground,none,120.4,123,125,1851150,23.5,1496,Sand Attack,Rock Tomb,Night Slash,13,9,3,50000
Bewear (Shadow),74.1,760,normal,fighting,129.6,87.1,153,1727088,17.5,1496,Low Kick,Superpower,Stomp,5,5,1,10000
Golduck,74.1,55,water,none,124.1,112.1,129,1794598,22.5,1496,Confusion,Cross Chop,Liquidation,3,4,3,50000
Hitmontop,74.1,237,fighting,none,121.2,149.8,102,1851888,26,1499,Counter,Close Combat,Triple Axel,8,8,5,75000
Meowstic (Male),74.1,678,psychic,none,117.1,123.9,132,1915147,26,1498,Confusion,Energy Ball,Thunderbolt,4,4,3,50000
Golduck (Shadow),74,55,water,none,124.1,112.1,129,1794598,22.5,1496,Confusion,Cross Chop,Liquidation,3,4,3,50000
Haxorus,74,612,dragon,none,151.4,95.2,103,1484568,15.5,1499,Dragon Tail,Night Slash,Surf,3,4,5,75000
Tangrowth,74,465,grass,none,120.7,112.8,136,1851635,18,1494,Vine Whip,Power Whip,Rock Slide,7,6,3,50000
Axew,73.9,610,dragon,none,138.6,96,121,1609978,49,1494,Scratch,Aqua Tail,Dragon Claw,9,13,5,75000
Drilbur,73.9,529,ground,none,139.4,81.5,141,1601915,50,1498,Scratch,Drill Run,Rock Tomb,10,13,3,50000
Hippopotas (Shadow),73.8,449,ground,none,115.1,111.7,152,1954214,50,1500,Sand Attack,Rock Tomb,Dig,13,13,3,50000
Masquerain,73.8,284,bug,flying,129.5,109,122,1722091,24.5,1494,Infestation,Air Cutter,Lunge,4,4,1,10000
Staraptor,73.8,398,normal,flying,140.3,90.8,124,1579666,19.5,1494,Wing Attack,Fly,Close Combat,6,6,1,10000
Vibrava,73.8,329,ground,dragon,125.2,95.8,127,1523258,50,1384,Dragon Breath,Sand Tomb,Bulldoze,12,14,5,75000
Chatot,73.7,441,normal,flying,139.6,78.4,147,1608862,32.5,1498,Peck,Heat Wave,Sky Attack,6,7,5,75000
Regice (Shadow),73.7,378,ice,none,105.7,178.4,111,2093114,17,1492,Lock On,Blizzard,Thunder,15,12,20,100000
Sawsbuck,73.6,586,normal,grass,129.4,101.9,131,1727348,23,1496,Take Down,Wild Charge,Trailblaze,5,5,3,50000
Machop,73.5,66,fighting,none,127.7,81.5,157,1633985,50,1444,Karate Chop,Cross Chop,Brick Break,4,5,3,50000
Talonflame (Shadow),73.5,663,fire,flying,121.4,112.6,135,1845401,25.5,1500,Incinerate,Flame Charge,Fly,3,3,1,10000
Thwackey,73.5,811,grass,none,123.6,107.5,136,1807032,30,1498,Scratch,Energy Ball,Grass Knot,12,13,3,10000
Bewear,73.4,760,normal,fighting,129.6,87.1,153,1727088,17.5,1496,Low Kick,Superpower,Stomp,5,5,1,10000
Drakloak,73.3,886,dragon,ghost,130.3,93.1,141,1710461,37.5,1497,Dragon Tail,Shadow Ball,Outrage,5,5,5,75000
Espeon,73.3,196,psychic,none,148,105.6,97,1515994,17.5,1498,Confusion,Psychic Fangs,Shadow Ball,3,4,5,75000
Weepinbell,73.3,70,grass,poison,137.9,84.8,139,1625455,40.5,1499,Acid,Power Whip,Seed Bomb,7,5,3,50000
Tirtouga,73.2,564,water,rock,114.3,132.4,129,1952198,46.5,1499,Bite,Surf,Ancient Power,12,12,5,75000
Beartic,73.1,614,ice,none,135.4,94,130,1654588,18,1498,Powder Snow,Ice Punch,Liquidation,5,6,3,50000
Braixen (Shadow),73.1,654,fire,none,130.5,106.9,123,1715905,31,1497,Ember,Psyshock,Flame Charge,5,6,3,10000
Purugly (Shadow),73.1,432,normal,none,125.5,105.5,134,1774194,28.5,1492,Scratch,Aerial Ace,Thunder,12,15,3,50000
Stufful,73.1,759,normal,fighting,124.8,92.1,156,1793076,49.5,1499,Take Down,Superpower,Stomp,5,5,1,10000
Rhyperior (Shadow),73,464,ground,rock,126.7,104.5,133,1760940,15,1498,Mud Slap,Drill Run,Rock Wrecker,4,5,3,50000
Sandshrew,73,27,ground,none,118.4,113.4,127,1705173,50,1424,Scratch,Sand Tomb,Rock Tomb,12,13,3,50000
Alomomola,72.9,594,water,none,97.4,99.4,238,2304211,26,1499,Waterfall,Hydro Pump,Blizzard,8,8,5,75000
Ivysaur,72.8,2,grass,poison,118.7,121,131,1881514,37.5,1499,Vine Whip,Power Whip,Sludge Bomb,7,7,3,10000
Pidgeotto,72.8,17,normal,flying,110.9,100.8,147,1643272,50,1350,Wing Attack,Air Cutter,Twister,5,5,1,10000
Tauros (Aqua),72.8,128,fighting,water,127.8,120.6,114,1757046,20,1499,Double Kick,Aqua Jet,Trailblaze,4,4,3,50000
Tauros (Combat),72.8,128,fighting,none,127.8,120.6,114,1757046,20,1499,Double Kick,Close Combat,Trailblaze,4,4,3,50000
Bayleef (Shadow),72.7,153,grass,none,105.5,141.5,142,2119812,49.5,1497,Magical Leaf,Ancient Power,Energy Ball,5,5,3,10000
Bergmite,72.7,712,ice,none,110.9,113.4,135,1697768,50,1373,Bite,Icy Wind,Crunch,12,12,3,50000
Floragato,72.6,907,grass,none,124.4,110.5,131,1800752,37,1498,Leafage,Energy Ball,Play Rough,6,8,3,10000
Golett,72.6,622,ground,ghost,119.3,89.9,141,1512235,50,1343,Astonish,Shadow Punch,Brick Break,4,4,5,75000
Karrablast (Shadow),72.6,588,bug,none,127.7,85.7,127,1389874,50,1335,Fury Cutter,Drill Run,X-Scissor,10,10,3,50000
Mienshao,72.6,620,fighting,none,158.9,84.8,105,1414846,20,1500,Force Palm,Brutal Swing,Blaze Kick,4,4,3,50000
Moltres (Shadow),72.6,146,fire,flying,139.9,102,112,1598218,15.5,1499,Wing Attack,Fly,Heat Wave,6,6,20,100000
Pidgeotto (Shadow),72.6,17,normal,flying,110.9,100.8,147,1643272,50,1350,Wing Attack,Air Cutter,Twister,5,5,1,10000
Electabuzz,72.5,125,electric,none,130.8,113.1,115,1701250,24,1496,Thunder Shock,Thunder Punch,Return,5,8,5,75000
Polteageist,72.5,855,ghost,none,142.8,115.6,95,1568230,18,1498,Hex,Shadow Ball,Dark Pulse,4,4,3,50000
Seviper,72.5,336,poison,none,137.5,90.1,131,1622926,26.5,1495,Poison Jab,Poison Fang,Wrap,6,7,3,50000
Torterra,72.5,389,grass,ground,119.9,117,133,1865764,19,1497,Mud Slap,Frenzy Plant,Sand Tomb,5,5,3,10000
Vaporeon,72.5,134,water,none,118.4,96.9,165,1893038,18,1498,Water Gun,Aqua Tail,Last Resort,12,19,5,75000
Sawk,72.4,539,fighting,none,140.3,97.3,117,1597189,20,1497,Low Kick,Brick Break,Body Slam,5,5,5,75000
Vanillish,72.4,583,ice,none,123.6,120.4,122,1815536,40.5,1498,Astonish,Icy Wind,Signal Beam,5,6,3,50000
Vibrava (Shadow),72.4,329,ground,dragon,125.2,95.8,127,1523258,50,1384,Dragon Breath,Sand Tomb,Bulldoze,12,14,5,75000
Electabuzz (Shadow),72.3,125,electric,none,132.1,112.5,114,1694183,24,1498,Thunder Shock,Thunder Punch,Thunderbolt,5,7,5,75000
Emboar (Shadow),72.3,500,fire,fighting,137.8,80.4,146,1617552,18.5,1497,Ember,Blast Burn,Rock Slide,6,5,3,10000
Magmortar (Shadow),72.3,467,fire,none,140.8,104.5,108,1589069,17.5,1498,Karate Chop,Fire Punch,Thunderbolt,5,7,5,75000
Manectric,72.3,310,electric,none,142.4,91.3,121,1573136,23.5,1496,Thunder Fang,Psychic Fangs,Wild Charge,6,8,3,50000
Frosmoth,72.2,873,ice,bug,141.5,101,111,1586357,20.5,1499,Powder Snow,Icy Wind,Bug Buzz,6,8,5,75000
Grovyle (Shadow),72.1,253,grass,none,136.3,103.2,117,1645741,36.5,1497,Bullet Seed,Leaf Blade,Aerial Ace,3,4,3,10000
Lampent,72,608,ghost,fire,132.5,99,129,1692158,35,1499,Ember,Heat Wave,Energy Ball,5,5,5,75000
Slowking (Shadow),72,199,water,psychic,113.4,120.9,144,1974249,22,1500,Confusion,Surf,Blizzard,4,6,3,50000
Tangrowth (Shadow),72,465,grass,none,120.7,112.8,136,1851635,18,1494,Vine Whip,Power Whip,Rock Slide,7,6,3,50000
Eldegoss,71.9,830,grass,none,108.4,160.5,119,2070386,28.5,1498,Bullet Seed,Energy Ball,Grass Knot,4,4,3,50000
Magmar (Shadow),71.9,126,fire,none,135.1,107.6,113,1642654,23,1495,Ember,Fire Punch,Scorching Sands,5,6,5,75000
Sneasler,71.9,903,fighting,poison,145.4,94.7,112,1542171,17,1500,Shadow Claw,Close Combat,X-Scissor,6,5,5,75000
Exeggutor (Shadow),71.8,103,grass,psychic,136.1,92.5,130,1636603,18.5,1497,Confusion,Seed Bomb,Psychic,3,4,3,50000
Anorith (Shadow),71.7,347,rock,bug,145.4,92.1,115,1540004,43.5,1499,Scratch,Aqua Jet,Ancient Power,10,12,3,50000
Gumshoos,71.6,735,normal,none,134.2,85,147,1676829,25.5,1499,Take Down,Rock Tomb,Crunch,6,5,1,10000
Mesprit,71.6,481,psychic,none,123.5,128,114,1802112,18,1494,Confusion,Swift,Future Sight,3,5,20,100000
Gothorita (Shadow),71.3,575,psychic,none,112.2,132.7,134,1995118,40,1498,Confusion,Future Sight,Psychic,5,4,3,50000
Gothitelle (Shadow),71.2,576,psychic,none,115.3,140.9,119,1933247,23,1498,Confusion,Rock Slide,Future Sight,4,5,3,50000
Jynx,71.2,124,ice,psychic,141.2,102.2,110,1587370,21.5,1498,Confusion,Avalanche,Psyshock,4,3,5,75000
Larvesta,71.2,636,bug,fire,130.8,99.7,131,1708340,45.5,1498,Ember,Flame Wheel,Bug Buzz,5,7,5,75000
Sneasler (Shadow),71.1,903,fighting,poison,145.4,94.7,112,1542171,17,1500,Shadow Claw,Close Combat,X-Scissor,6,5,5,75000
Tirtouga (Shadow),71.1,564,water,rock,114.3,132.4,129,1952198,46.5,1499,Bite,Surf,Ancient Power,12,12,5,75000
Zebstrika,71.1,523,electric,none,137.7,95.4,124,1628936,23,1499,Low Kick,Wild Charge,Flame Charge,6,7,3,50000
Bouffalant,71,626,normal,none,118.8,115.8,137,1884714,20,1498,Mud Shot,Stomp,Megahorn,5,7,3,50000
Emboar,71,500,fire,fighting,137.8,80.4,146,1617552,18.5,1497,Ember,Blast Burn,Rock Slide,6,5,3,10000
Watchog (Shadow),71,505,normal,none,125.1,114,125,1782675,31.5,1498,Low Kick,Crunch,Hyper Fang,6,7,1,10000
Alakazam (Shadow),70.9,65,psychic,none,155.8,101.4,91,1437629,18,1498,Psycho Cut,Fire Punch,Shadow Ball,5,6,3,50000
Arcanine,70.9,59,fire,none,132,102.5,125,1691250,18,1495,Bite,Wild Charge,Psychic Fangs,12,9,3,50000
Exeggutor (Alolan),70.9,103,grass,dragon,134.4,94.8,130,1656346,18.5,1497,Dragon Tail,Seed Bomb,Draco Meteor,4,6,3,50000
Carkol,70.8,838,rock,fire,97,141.4,168,2304254,46.5,1497,Smack Down,Rock Slide,Flame Charge,6,7,3,10000
Loudred,70.8,294,normal,none,125.2,80.7,178,1798448,50,1500,Bite,Disarming Voice,Stomp,12,10,1,10000
Magmar,70.8,126,fire,none,135.1,107.6,113,1642654,23,1495,Karate Chop,Fire Punch,Scorching Sands,5,6,5,75000
Combusken (Shadow),70.7,256,fire,fighting,130.3,100.8,131,1720585,37.5,1497,Ember,Rock Slide,Flame Charge,5,6,3,10000
Geodude (Alolan) (Shadow),70.7,74,rock,electric,123.5,123.5,113,1723504,50,1461,Volt Switch,Rock Tomb,Rock Slide,4,3,1,10000
Litleo,70.7,667,fire,normal,121.5,105.7,143,1836485,48.5,1498,Incinerate,Flame Charge,Crunch,3,3,3,10000
Braixen,70.6,654,fire,none,130.5,106.9,123,1715905,31,1497,Ember,Psyshock,Flame Charge,5,6,3,10000
Rhyperior,70.6,464,ground,rock,126.7,104.5,133,1760940,15,1498,Mud Slap,Drill Run,Rock Wrecker,4,5,3,50000
Charmeleon (Shadow),70.5,5,fire,none,126.6,109.4,128,1772805,38.5,1499,Ember,Fire Punch,Flamethrower,5,7,3,10000
Growlithe (Hisuian),70.5,58,fire,rock,131.9,89.9,142,1683809,50,1494,Ember,Rock Slide,Flamethrower,5,7,3,50000
Moltres,70.5,146,fire,flying,136.7,103.6,115,1628644,16,1497,Wing Attack,Fly,Heat Wave,6,6,20,100000
Oddish (Shadow),70.5,43,grass,poison,122.6,106.6,120,1568299,50,1387,Acid,Seed Bomb,Moonblast,5,7,3,50000
Pawmo,70.5,922,electric,fighting,136.1,81.5,142,1575085,50,1468,Thunder Shock,Wild Charge,Thunder Punch,5,5,3,75000
Landorus (Incarnate) (Shadow),70.4,645,ground,flying,140.2,100.9,113,1598518,15,1498,Mud Shot,Earth Power,Rock Slide,6,5,20,100000
Stufful (Shadow),70.4,759,normal,fighting,124.8,92.1,156,1793076,49.5,1499,Take Down,Superpower,Stomp,5,5,1,10000
Beautifly,70.3,267,bug,flying,144.7,84,127,1543660,33,1496,Infestation,Air Cutter,Silver Wind,4,4,1,10000
Watchog,70.3,505,normal,none,125.1,114,125,1782675,31.5,1498,Low Kick,Crunch,Hyper Fang,6,7,1,10000
Ambipom (Shadow),70.2,424,normal,none,133.8,100.5,124,1667416,23,1498,Scratch,Aerial Ace,Low Sweep,12,10,3,50000
Cinderace,70.2,815,fire,none,139,99.4,117,1616542,18.5,1499,Fire Spin,Blast Burn,Pyro Ball,5,4,3,10000
Darumaka (Galarian),70.2,554,ice,none,131.9,82.3,157,1704293,50,1500,Ice Fang,Ice Punch,Ice Beam,7,10,3,50000
Mienfoo,70.2,619,fighting,none,142.7,93.2,117,1556058,47,1496,Low Kick,Brick Break,High Jump Kick,5,7,3,50000
Porygon,70.2,137,normal,none,120,115.4,135,1869480,35.5,1499,Tackle,Discharge,Hyper Beam,14,27,3,50000
Regieleki,70.2,894,electric,none,149.8,82.6,119,1472444,19.5,1489,Volt Switch,Thunder Cage,Hyper Beam,3,5,20,100000
Rotom,70.2,479,electric,ghost,132.4,120.5,106,1691145,27.5,1499,Astonish,Thunderbolt,Ominous Wind,6,5,5,75000
Corsola,70.1,222,water,rock,108.5,141.9,134,2063084,49,1498,Bubble,Power Gem,Rock Blast,5,4,3,50000
Garbodor (Shadow),70.1,569,poison,none,121,115.8,132,1849558,23.5,1496,Infestation,Body Slam,Seed Bomb,4,4,3,50000
Arcanine (Shadow),70,59,fire,none,132,102.5,125,1691250,18,1495,Bite,Wild Charge,Psychic Fangs,12,9,3,50000
Crocalor,70,910,fire,none,119.4,105.7,148,1867846,29,1494,Incinerate,Crunch,Flamethrower,3,3,3,10000
Herdier,69.9,507,normal,none,118.8,111.6,141,1869389,41.5,1495,Take Down,Thunderbolt,Dig,7,6,1,10000
Nidorino,69.9,33,poison,none,123.3,104.3,141,1813287,47.5,1497,Poison Sting,Sludge Bomb,Ice Beam,6,7,3,50000
Oddish,69.9,43,grass,poison,122.6,106.6,120,1568299,50,1387,Acid,Seed Bomb,Moonblast,5,7,3,50000
Delcatty,69.8,301,normal,none,111.9,116.8,153,1999698,46.5,1496,Charm,Wild Charge,Disarming Voice,6,6,3,50000
Palpitoad,69.8,536,water,ground,116.2,102.9,161,1925074,48,1499,Mud Shot,Earth Power,Water Pulse,6,6,3,50000
Accelgor (Shadow),69.7,617,bug,none,143.2,84.9,129,1568341,22.5,1500,Infestation,Energy Ball,Bug Buzz,4,5,3,50000
Exeggutor (Alolan) (Shadow),69.6,103,grass,dragon,134.4,94.8,130,1656346,18.5,1497,Dragon Tail,Seed Bomb,Draco Meteor,4,6,3,50000
Magby,69.6,240,fire,none,139.4,95.7,120,1600870,50,1494,Karate Chop,Fire Punch,Brick Break,5,5,5,10000
Snover,69.5,459,grass,ice,109.2,100.8,142,1563045,50,1310,Powder Snow,Energy Ball,Ice Beam,6,7,3,50000
Appletun,69.4,842,grass,dragon,116.5,102.4,161,1920666,23,1497,Astonish,Energy Ball,Outrage,5,6,5,75000
Cloyster,69.4,91,water,ice,119,169.7,93,1878070,22,1497,Ice Shard,Icy Wind,Liquidation,5,5,3,50000
Dustox,69.4,269,bug,poison,94.9,148.6,142,2002504,50,1382,Confusion,Silver Wind,Sludge Bomb,4,4,1,10000
Elekid,69.4,239,electric,none,126,97.4,120,1472688,50,1363,Thunder Shock,Thunder Punch,Brick Break,5,5,5,10000
Geodude (Alolan),69.4,74,rock,electric,123.5,123.5,113,1723504,50,1461,Volt Switch,Rock Tomb,Rock Slide,4,3,1,10000
Snover (Shadow),69.3,459,grass,ice,109.2,100.8,142,1563045,50,1310,Powder Snow,Energy Ball,Ice Beam,6,7,3,50000
Exeggutor,69.2,103,grass,psychic,136.1,92.5,130,1636603,18.5,1497,Confusion,Seed Bomb,Psychic,3,4,3,50000
Floatzel,69.2,419,water,none,143.8,81.7,133,1562545,22.5,1499,Waterfall,Aqua Jet,Swift,4,4,3,50000
Koffing,69.1,109,poison,none,112.6,131.1,113,1668090,50,1373,Infestation,Sludge,Dark Pulse,4,4,3,50000
Mr. Mime (Galarian),69.1,122,ice,psychic,130.4,126.9,104,1720967,27,1498,Confusion,Ice Punch,Triple Axel,3,4,5,75000
Drowzee,69,96,psychic,none,87.3,126.8,142,1571889,50,1174,Confusion,Psyshock,Return,3,5,3,50000
Exploud,69,295,normal,none,119.7,99.4,157,1868014,24,1498,Astonish,Crunch,Disarming Voice,5,5,1,10000
Magmortar,69,467,fire,none,140.8,104.5,108,1589069,17.5,1498,Karate Chop,Fire Punch,Thunderbolt,5,7,5,75000
Combusken,68.9,256,fire,fighting,130.3,100.8,131,1720585,37.5,1497,Ember,Rock Slide,Flame Charge,5,6,3,10000
Karrablast,68.8,588,bug,none,127.7,85.7,127,1389874,50,1335,Fury Cutter,Drill Run,X-Scissor,10,10,3,50000
Blissey,68.7,242,normal,none,81,111.2,307,2765210,20.5,1498,Zen Headbutt,Wild Charge,Dazzling Gleam,8,10,5,75000
Ceruledge,68.7,937,fire,ghost,136.3,114,106,1647049,17.5,1498,Incinerate,Shadow Ball,Heat Wave,3,3,5,50000
Monferno (Shadow),68.7,391,fire,fighting,129.6,96,139,1729382,42,1498,Ember,Flame Wheel,Low Sweep,5,5,3,10000
Omanyte (Shadow),68.7,138,rock,water,128,135.2,101,1747866,43,1499,Mud Shot,Rock Tomb,Rock Blast,6,5,5,75000
Landorus (Incarnate),68.6,645,ground,flying,140.2,100.9,113,1598518,15,1498,Mud Shot,Earth Power,Rock Slide,6,5,20,100000
Luxray,68.6,405,electric,none,138,99,119,1625778,19,1500,Spark,Wild Charge,Psychic Fangs,7,5,5,75000
Buzzwole,68.5,794,bug,fighting,128.2,111.6,122,1745469,16,1498,Counter,Superpower,Lunge,7,8,20,100000
Hitmontop (Shadow),68.4,237,fighting,none,121.2,149.8,102,1851888,26,1499,Counter,Close Combat,Triple Axel,8,8,5,75000
Ninjask,68.4,291,bug,flying,144.7,88.4,121,1547769,28.5,1497,Fury Cutter,Shadow Ball,Aerial Ace,13,12,5,75000
Torterra (Shadow),68.4,389,grass,ground,119.9,117,133,1865764,19,1497,Mud Slap,Frenzy Plant,Sand Tomb,5,5,3,10000
Buneary,68.3,427,normal,none,121.8,100.8,135,1657454,50,1422,Quick Attack,Swift,Fire Punch,5,5,3,50000
Ponyta (Shadow),68.3,77,fire,none,133.5,108.2,116,1675585,36,1499,Ember,Flame Wheel,Stomp,5,5,3,50000
Sneasel (Hisuian),68.3,215,fighting,poison,133.9,111.7,111,1660186,27,1495,Poison Jab,Close Combat,X-Scissor,7,6,3,50000
Pignite (Shadow),68.2,499,fire,fighting,127.3,87,158,1749866,29,1497,Ember,Rock Tomb,Flame Charge,6,6,3,10000
Mr. Rime,68.1,866,ice,psychic,127.4,114.4,120,1748947,19.5,1494,Confusion,Icy Wind,Psychic,4,4,5,75000
Pignite,68.1,499,fire,fighting,127.3,87,158,1749866,29,1497,Ember,Rock Tomb,Flame Charge,6,6,3,10000
Omastar (Shadow),68,139,rock,water,126.6,128.4,109,1771843,20,1499,Mud Shot,Rock Slide,Hydro Pump,5,9,5,75000
Zygarde (10% Forme),68,718,dragon,ground,138.1,119.1,98,1611876,22.5,1493,Dragon Tail,Crunch,Earthquake,4,6,20,100000
Dolliv,67.9,929,grass,normal,118.4,122.6,130,1887059,50,1495,Magical Leaf,Earth Power,Trailblaze,5,5,3,50000
Luxray (Shadow),67.8,405,electric,none,138,99,119,1625778,19,1500,Spark,Wild Charge,Psychic Fangs,7,5,5,75000
Noivern,67.8,715,flying,dragon,125.4,113.5,125,1779113,20,1499,Bite,Heat Wave,Hurricane,12,15,5,75000
Mantyke,67.7,458,water,flying,100.8,163,120,1971648,50,1410,Bubble,Water Pulse,Aerial Ace,5,5,5,10000
Minun,67.7,312,electric,none,116.3,127.1,130,1921625,36.5,1495,Quick Attack,Thunderbolt,Grass Knot,7,7,3,50000
Ivysaur (Shadow),67.6,2,grass,poison,119.8,121.3,129,1874594,37,1499,Vine Whip,Power Whip,Sludge Bomb,7,7,3,10000
Bonsly,67.5,438,rock,none,116.8,124.4,127,1845300,50,1472,Rock Throw,Rock Tomb,Rock Slide,10,9,5,10000
Koffing (Shadow),67.5,109,poison,none,112.6,131.1,113,1668090,50,1373,Infestation,Sludge,Dark Pulse,4,4,3,50000
Tauros (Blaze),67.5,128,fighting,fire,127.8,120.6,114,1757046,20,1499,Double Kick,Flame Charge,Trailblaze,5,4,3,50000
Carnivine,67.4,455,grass,none,130.1,101.8,130,1721743,25.5,1497,Vine Whip,Energy Ball,Crunch,6,6,5,75000
Garbodor,67.4,569,poison,none,121,115.8,132,1849558,23.5,1496,Infestation,Body Slam,Gunk Shot,4,7,3,50000
Grapploct,67.4,853,fighting,none,130.3,107.1,123,1716481,21,1498,Waterfall,Superpower,Ice Punch,4,4,3,50000
Omanyte,67.4,138,rock,water,128,135.2,101,1747866,43,1499,Mud Shot,Rock Tomb,Rock Blast,6,5,5,75000
Anorith,67.3,347,rock,bug,145.4,92.1,115,1540004,43.5,1499,Scratch,Aqua Jet,Ancient Power,10,12,3,50000
Exploud (Shadow),67.3,295,normal,none,119.7,99.4,157,1868014,24,1498,Astonish,Crunch,Disarming Voice,5,5,1,10000
Sandshrew (Shadow),67.3,27,ground,none,118.4,113.4,127,1705173,50,1424,Scratch,Sand Tomb,Rock Tomb,12,13,3,50000
Gloom,67.2,44,grass,poison,121.3,115.9,131,1841686,37,1496,Acid,Moonblast,Sludge Bomb,7,7,3,50000
Tauros,67.2,128,normal,none,125.1,119.5,120,1793934,21.5,1499,Tackle,Trailblaze,Horn Attack,15,12,3,50000
Growlithe (Shadow),67.1,58,fire,none,126.8,90.7,135,1552603,50,1404,Ember,Flame Wheel,Body Slam,5,5,3,50000
Pyroar,67.1,668,fire,normal,135,98,126,1666980,20,1500,Incinerate,Flame Charge,Dark Pulse,3,3,3,10000
Sneasel (Hisuian) (Shadow),67.1,215,fighting,poison,133.9,111.7,111,1660186,27,1495,Poison Jab,Close Combat,X-Scissor,7,6,3,50000
Sudowoodo,67.1,185,rock,none,117.1,130,125,1902875,26,1498,Counter,Meteor Beam,Trailblaze,10,8,5,75000
Hitmonchan,67,107,fighting,none,128.9,137.4,98,1735664,24,1496,Counter,Ice Punch,Thunder Punch,7,7,5,75000
Lycanroc (Midday),67,745,rock,none,142.7,93.1,118,1567674,20.5,1499,Sucker Punch,Drill Run,Stone Edge,6,8,5,50000
Flareon,66.9,136,fire,none,142.2,109.9,100,1562778,18,1497,Ember,Heat Wave,Superpower,5,5,5,75000
Loudred (Shadow),66.9,294,normal,none,125.2,80.7,178,1798448,50,1500,Bite,Stomp,Disarming Voice,10,12,1,10000
Chandelure (Shadow),66.8,609,ghost,fire,151.4,105.2,93,1481237,17,1497,Incinerate,Shadow Ball,Energy Ball,3,3,5,75000
Musharna,66.7,518,psychic,none,113.1,108.9,161,1982971,20.5,1499,Charge Beam,Psyshock,Dazzling Gleam,4,5,3,50000
Alakazam,66.6,65,psychic,none,155.8,101.4,91,1437629,18,1498,Psycho Cut,Fire Punch,Shadow Ball,5,6,3,50000
Omastar,66.6,139,rock,water,126.6,128.4,109,1771843,20,1499,Mud Shot,Rock Slide,Hydro Pump,5,9,5,75000
Volcanion,66.6,721,fire,water,135.5,117.4,103,1638493,15,1493,Incinerate,Scald,Overheat,3,3,20,100000
Dugtrio (Shadow),66.5,51,ground,none,136.7,120,100,1640400,41,1498,Sucker Punch,Mud Bomb,Stone Edge,7,8,3,50000
Monferno,66.5,391,fire,fighting,129.6,96,139,1729382,42,1498,Ember,Flame Wheel,Low Sweep,5,5,3,10000
Jolteon,66.4,135,electric,none,137.4,114.7,103,1623257,19,1497,Thunder Shock,Discharge,Last Resort,5,7,5,75000
Totodile,66.4,158,water,none,110.9,104.2,127,1467584,50,1279,Scratch,Aqua Jet,Crunch,10,12,3,10000
Charmeleon,66.3,5,fire,none,126.6,109.4,128,1772805,38.5,1499,Ember,Fire Punch,Return,5,8,3,10000
Drowzee (Shadow),66.3,96,psychic,none,87.3,126.8,142,1571889,50,1174,Confusion,Psyshock,Psychic,3,4,3,50000
Mankey (Shadow),66.3,56,fighting,none,136.9,81.5,113,1260781,50,1315,Karate Chop,Cross Chop,Brick Break,4,5,3,50000
Skrelp,66.3,690,poison,water,104.1,104.1,127,1376275,50,1199,Acid,Aqua Tail,Twister,5,5,3,50000
Archen (Shadow),66.2,566,rock,flying,159.5,76.1,116,1408002,30,1500,Wing Attack,Ancient Power,Crunch,6,6,5,75000
Poipole,66.2,803,poison,none,119.7,113.6,137,1862915,36,1494,Peck,Sludge Bomb,Fell Stinger,7,5,20,100000
Banette,66.1,354,ghost,none,145.2,92.2,115,1539556,24,1496,Shadow Claw,Shadow Ball,Dazzling Gleam,7,7,3,50000
Ponyta (Galarian),66.1,77,psychic,none,133.5,108.2,116,1675585,36,1499,Psycho Cut,Swift,Play Rough,4,7,3,50000
Cherrim (Sunshine),66,421,grass,none,121.8,116.2,130,1839911,27.5,1498,Bullet Seed,Weather Ball (Fire),Solar Beam,3,7,1,10000
Mudsdale,66,750,ground,none,123.5,107.1,135,1785625,18,1490,Mud Slap,Bulldoze,Body Slam,6,4,3,50000
Rotom (Mow),66,479,electric,grass,128.8,144.9,93,1735670,21.5,1499,Thunder Shock,Ominous Wind,Leaf Storm,5,7,5,75000
Sandaconda,65.9,844,ground,none,123,132,112,1818432,20,1496,Mud Slap,Earth Power,Wrap,5,5,3,50000
Falinks,65.8,870,fighting,none,127.5,119.1,115,1746304,23.5,1493,Counter,Superpower,Megahorn,7,10,5,75000
Simisage,65.8,512,grass,none,135.9,95.8,126,1640422,23.5,1494,Vine Whip,Grass Knot,Crunch,7,6,3,50000
Cursola,65.7,864,ghost,none,145.6,111,95,1535352,18,1496,Astonish,Night Shade,Power Gem,5,5,3,50000
Cloyster (Shadow),65.6,91,water,ice,119,169.7,93,1878070,22,1497,Ice Shard,Icy Wind,Liquidation,5,5,3,50000
Ho-Oh,65.6,250,fire,flying,122.9,128.4,114,1798961,14,1489,Incinerate,Brave Bird,Sacred Fire,3,4,20,100000
Lycanroc (Dusk),65.6,745,rock,none,144.5,92,117,1555398,20,1499,Sucker Punch,Stone Edge,Trailblaze,8,7,5,50000
Dragapult,65.5,887,dragon,ghost,142.5,96.2,115,1576478,15.5,1500,Dragon Tail,Shadow Ball,Outrage,5,5,5,75000
Nidorino (Shadow),65.5,33,poison,none,123.3,104.3,141,1813287,47.5,1497,Poison Sting,Sludge Bomb,Ice Beam,6,7,3,50000
Torracat,65.5,726,fire,none,135.5,89.8,135,1642667,35,1494,Ember,Flame Charge,Crunch,6,5,3,10000
Totodile (Shadow),65.5,158,water,none,110.9,104.2,127,1467584,50,1279,Scratch,Aqua Jet,Crunch,10,12,3,10000
Hitmonchan (Shadow),65.4,107,fighting,none,128.9,137.4,98,1735664,24,1496,Counter,Ice Punch,Thunder Punch,7,7,5,75000
Archeops (Shadow),65.3,567,rock,flying,160.6,81.9,106,1394233,16.5,1499,Wing Attack,Ancient Power,Crunch,6,6,5,75000
Darmanitan (Standard) (Shadow),65.3,555,fire,none,149.7,72.1,138,1489485,17.5,1495,Incinerate,Rock Slide,Overheat,3,3,3,50000
Quilava (Shadow),65.3,156,fire,none,126.6,109.4,128,1772805,38.5,1499,Ember,Flame Charge,Dig,6,6,3,10000
Exeggcute (Shadow),65.2,102,grass,psychic,102.5,117.6,142,1711668,50,1328,Confusion,Seed Bomb,Ancient Power,3,4,3,50000
Yanma,65.2,193,bug,flying,130.8,89.7,146,1712983,46.5,1498,Wing Attack,Silver Wind,Aerial Ace,6,6,3,50000
Ambipom,65.1,424,normal,none,133.8,100.5,124,1667416,23,1498,Scratch,Aerial Ace,Return,12,18,3,50000
Luxio,65.1,404,electric,none,133.2,91,138,1672726,47.5,1498,Bite,Wild Charge,Crunch,12,12,5,75000
Ponyta,65.1,77,fire,none,133.5,108.2,116,1675585,36,1499,Ember,Flame Wheel,Stomp,5,5,3,50000
Chandelure,64.9,609,ghost,fire,151.4,105.2,93,1481237,17,1497,Incinerate,Shadow Ball,Energy Ball,3,3,5,75000
Darmanitan (Standard),64.9,555,fire,none,149.7,72.1,138,1489485,17.5,1495,Incinerate,Rock Slide,Overheat,3,3,3,50000
Dugtrio,64.8,51,ground,none,136.7,120,100,1640400,41,1498,Sucker Punch,Mud Bomb,Stone Edge,7,8,3,50000
Growlithe,64.8,58,fire,none,126.8,90.7,135,1552603,50,1404,Ember,Flame Wheel,Body Slam,5,5,3,50000
Basculin,64.7,550,water,none,133.9,97.1,129,1677218,27,1499,Water Gun,Aqua Tail,Aqua Jet,12,14,1,10000
Gloom (Shadow),64.7,44,grass,poison,121.3,115.9,131,1841686,37,1496,Acid,Moonblast,Sludge Bomb,7,7,3,50000
Heatmor,64.7,631,fire,none,134.6,92.5,133,1655917,23.5,1498,Fire Spin,Thunder Punch,Flamethrower,4,6,3,50000
Luxio (Shadow),64.6,404,electric,none,133.7,90.2,139,1676304,46,1499,Bite,Wild Charge,Crunch,12,12,5,75000
Mankey,64.6,56,fighting,none,136.9,81.5,113,1260781,50,1315,Karate Chop,Cross Chop,Brick Break,4,5,3,50000
Prinplup,64.6,394,water,none,118.6,117.1,136,1888776,36.5,1498,Bubble,Icy Wind,Bubble Beam,5,5,3,10000
Sandygast,64.6,769,ghost,ground,113.4,111.7,135,1710015,50,1393,Mud Shot,Shadow Ball,Earth Power,6,6,3,50000
Swellow (Shadow),64.6,277,normal,flying,135.9,99.9,121,1642746,29,1497,Wing Attack,Brave Bird,Sky Attack,7,7,1,10000
Poliwhirl,64.5,61,water,none,114.2,115.9,148,1958895,50,1498,Bubble,Scald,Mud Bomb,5,5,3,50000
Darmanitan (Galarian),64.4,555,ice,none,149.7,72.1,138,1489485,17.5,1495,Ice Fang,Avalanche,Ice Punch,8,7,3,50000
Darumaka (Shadow),64.4,554,fire,none,131.9,82.3,157,1704293,50,1500,Fire Fang,Fire Punch,Flame Charge,7,9,3,50000
Darumaka,64.2,554,fire,none,131.9,82.3,157,1704293,50,1500,Fire Fang,Fire Punch,Flame Charge,7,9,3,50000
Exeggcute,64.2,102,grass,psychic,102.5,117.6,142,1711668,50,1328,Confusion,Seed Bomb,Ancient Power,3,4,3,50000
Porygon2,64.2,233,normal,none,122.1,117.9,127,1828240,20.5,1497,Lock On,Tri Attack,Zap Cannon,10,16,3,50000
Banette (Shadow),64.1,354,ghost,none,145.9,91.6,115,1536911,24,1498,Shadow Claw,Shadow Ball,Dazzling Gleam,7,7,3,50000
Shaymin (Land),64,492,grass,none,117.8,122.2,132,1900161,17,1496,Magical Leaf,Grass Knot,Seed Flare,5,8,20,100000
Vileplume,64,45,grass,poison,128.8,112.7,120,1741891,21.5,1498,Acid,Sludge Bomb,Petal Blizzard,7,9,3,50000
Simipour,63.9,516,water,none,135.9,95.8,126,1640422,23.5,1494,Bite,Surf,Crunch,12,12,3,50000
Brionne,63.7,729,water,none,125.8,117,121,1780951,30,1499,Charm,Aqua Jet,Disarming Voice,5,6,3,10000
Flaaffy,63.7,180,electric,none,121.5,100.4,151,1841989,44,1498,Charge Beam,Discharge,Trailblaze,4,5,5,75000
Onix,63.7,95,rock,ground,84,207.5,105,1830150,50,1244,Rock Throw,Rock Slide,Sand Tomb,9,9,5,75000
Archen,63.6,566,rock,flying,159.5,76.1,116,1408002,30,1500,Wing Attack,Ancient Power,Crunch,6,6,5,75000
Klawf,63.6,950,rock,none,121,128,119,1843072,23,1498,Mud Slap,Bulldoze,Rock Tomb,6,5,3,75000
Quilava,63.5,156,fire,none,126.6,109.4,128,1772805,38.5,1499,Ember,Flame Charge,Dig,6,6,3,10000
Tsareena,63.4,763,grass,none,130.4,120.6,109,1714160,18.5,1496,Magical Leaf,Triple Axel,High Jump Kick,5,6,3,10000
Glimmora,63.3,970,rock,poison,137.6,102.9,115,1628290,17,1497,Rock Throw,Meteor Beam,Power Gem,12,10,3,50000
Indeedee (Female),63.3,876,psychic,normal,121.7,128.2,118,1841029,23.5,1499,Extrasensory,Energy Ball,Psychic,5,6,3,50000
Kubfu,63.3,891,fighting,none,136.5,95.6,125,1631175,34.5,1492,Counter,Close Combat,Brick Break,8,7,20,100000
Noivern (Shadow),63.3,715,flying,dragon,125.4,113.5,125,1779113,20,1499,Bite,Heat Wave,Hurricane,12,15,5,75000
Tentacool,63.3,72,water,poison,94.1,137.8,113,1465269,50,1176,Poison Sting,Wrap,Water Pulse,5,6,3,50000
Archeops,63.2,567,rock,flying,160.6,81.9,106,1394233,16.5,1499,Wing Attack,Ancient Power,Crunch,6,6,5,75000
Tentacool (Shadow),63,72,water,poison,94.1,137.8,113,1465269,50,1176,Poison Sting,Wrap,Water Pulse,5,6,3,50000
Urshifu (Rapid Strike),63,892,fighting,water,136.5,97.7,121,1613662,15,1487,Counter,Aqua Jet,Dynamic Punch,7,8,20,100000
Arboliva,62.9,930,grass,normal,129.2,116.6,115,1732443,18.5,1498,Magical Leaf,Earth Power,Trailblaze,5,5,3,50000
Goldeen,62.7,118,water,none,115.9,105,120,1460340,50,1301,Peck,Aqua Tail,Horn Attack,5,5,3,50000
Dwebble,62.6,557,bug,rock,111.7,120.1,127,1703727,50,1383,Smack Down,Rock Tomb,X-Scissor,7,5,1,10000
Dwebble (Shadow),62.6,557,bug,rock,111.7,120.1,127,1703727,50,1383,Smack Down,Rock Tomb,X-Scissor,7,5,1,10000
Manectric (Shadow),62.6,310,electric,none,142.4,91.3,121,1573136,23.5,1496,Snarl,Wild Charge,Psychic Fangs,4,3,3,50000
Rotom (Fan),62.6,479,electric,flying,128.8,144.9,93,1735670,21.5,1499,Astonish,Thunderbolt,Ominous Wind,6,5,5,75000
Donphan,62.5,232,ground,none,125.2,113.1,126,1784175,18.5,1496,Mud Slap,Trailblaze,Earthquake,5,7,3,50000
Oricorio (Pom-Pom),62.4,741,electric,flying,130.8,102,128,1707725,24,1495,Air Slash,Air Cutter,Hurricane,5,7,3,75000
Rotom (Wash),62.4,479,electric,water,128.8,144.9,93,1735670,21.5,1499,Thunder Shock,Thunderbolt,Hydro Pump,7,9,5,75000
Shellos,62.4,422,water,none,99.1,100.8,166,1658220,50,1282,Mud Slap,Water Pulse,Body Slam,5,4,3,50000
Flaaffy (Shadow),62.3,180,electric,none,121.5,100.4,151,1841989,44,1498,Charge Beam,Discharge,Trailblaze,4,5,5,75000
Inteleon,62.3,818,water,none,153.4,89.1,107,1462470,18.5,1500,Water Gun,Snipe Shot,Hydro Cannon,12,14,3,10000
Mudbray,62.3,749,ground,none,129.8,98.6,134,1714970,29.5,1497,Mud Slap,Bulldoze,Body Slam,6,4,3,50000
Azelf,62.2,482,psychic,none,152.5,90.3,106,1459700,17,1493,Confusion,Swift,Future Sight,3,5,20,100000
Vileplume (Shadow),62.2,45,grass,poison,128.8,112.7,120,1741891,21.5,1498,Acid,Moonblast,Sludge Bomb,7,7,3,50000
Elgyem,62.1,605,psychic,none,133.6,95.4,131,1669653,48,1499,Confusion,Dark Pulse,Psychic,4,4,3,50000
Glimmet,62,969,rock,poison,147.1,90.9,113,1510967,36.5,1497,Rock Throw,Power Gem,Dazzling Gleam,10,11,3,50000
Stonjourner,62,874,rock,none,125.5,107.9,132,1787471,17,1498,Rock Throw,Rock Slide,Stomp,9,8,5,75000
Arcanine (Hisuian),61.9,59,fire,rock,132.4,99.4,129,1697712,17.5,1499,Snarl,Wild Charge,Rock Slide,4,4,3,50000
Geodude (Shadow),61.9,74,rock,ground,123.5,123.5,113,1723504,50,1461,Rock Throw,Rock Tomb,Rock Slide,10,9,1,10000
Donphan (Shadow),61.8,232,ground,none,125.2,113.1,126,1784175,18.5,1496,Mud Slap,Trailblaze,Earthquake,5,7,3,50000
Skorupi (Shadow),61.7,451,poison,bug,90.7,139.4,113,1428725,50,1140,Infestation,Cross Poison,Aqua Tail,3,3,5,75000
Rotom (Heat),61.6,479,electric,fire,128.8,144.9,93,1735670,21.5,1499,Thunder Shock,Overheat,Thunderbolt,7,7,5,75000
Pineco,61.5,204,bug,none,103.3,115.1,127,1510008,50,1251,Bug Bite,Rock Tomb,Sand Tomb,17,15,5,75000
Weepinbell (Shadow),61.5,70,grass,poison,139.3,82.6,140,1610865,39.5,1498,Acid,Power Whip,Sludge Bomb,7,7,3,50000
Ho-Oh (Shadow),61.4,250,fire,flying,123.4,126.4,113,1762547,14,1480,Incinerate,Brave Bird,Sacred Fire,3,4,20,100000
Kingler,61.3,99,water,none,144.5,115.6,93,1553491,19.5,1499,Mud Shot,Crabhammer,Vise Grip,6,5,3,50000
Poliwhirl (Shadow),61.2,61,water,none,114.2,115.9,148,1958895,50,1498,Bubble,Scald,Mud Bomb,5,5,3,50000
Vanilluxe,61.2,584,ice,none,131.5,117.3,110,1696744,19.5,1499,Astonish,Avalanche,Flash Cannon,5,7,3,50000
Rampardos (Shadow),61,409,rock,none,162.2,67.3,126,1375424,16.5,1495,Smack Down,Rock Slide,Flamethrower,6,7,5,75000
Skorupi,60.9,451,poison,bug,90.7,139.4,113,1428725,50,1140,Infestation,Aqua Tail,Cross Poison,3,3,5,75000
Lycanroc (Midnight),60.8,745,rock,none,132.6,99.7,127,1678968,20,1493,Rock Throw,Stone Edge,Trailblaze,11,9,5,50000
Prinplup (Shadow),60.8,394,water,none,118.6,117.1,136,1888776,36.5,1498,Bubble,Icy Wind,Bubble Beam,5,5,3,10000
Beheeyem,60.7,606,psychic,none,134.4,105.7,117,1662111,20,1495,Confusion,Rock Slide,Dark Pulse,4,4,3,50000
Porygon2 (Shadow),60.5,233,normal,none,122.1,117.9,127,1828240,20.5,1497,Lock On,Tri Attack,Zap Cannon,10,16,3,50000
Yanmega,60.5,469,bug,flying,136.8,96.1,125,1643310,19,1499,Wing Attack,Aerial Ace,Ancient Power,6,6,3,50000
Breloom,60.4,286,grass,fighting,149.9,96.7,103,1493019,21,1498,Force Palm,Dynamic Punch,Grass Knot,5,5,3,50000
Lilligant (Hisuian),60.4,549,grass,fighting,133.4,107.7,117,1680960,22,1498,Bullet Seed,Upper Hand,Petal Blizzard,4,5,1,10000
Pupitar (Shadow),60.2,247,rock,ground,120.1,111.8,138,1852951,34,1497,Bite,Ancient Power,Dig,12,13,5,75000
Deerling,60.1,585,normal,grass,109.2,96.6,142,1497918,50,1282,Take Down,Wild Charge,Energy Ball,5,5,3,50000
Heliolisk,60.1,695,electric,normal,138.1,112.1,105,1625506,21.5,1500,Volt Switch,Breaking Swipe,Parabolic Charge,4,4,3,50000
Onix (Shadow),60.1,95,rock,ground,84,207.5,105,1830150,50,1244,Rock Throw,Rock Slide,Sand Tomb,9,9,5,75000
Rowlet,60.1,722,grass,flying,98.3,95.8,154,1450240,50,1196,Leafage,Energy Ball,Seed Bomb,6,5,3,10000
Vivillon,59.9,666,bug,flying,131.7,86.3,149,1693491,30,1498,Gust,Energy Ball,Hurricane,4,5,1,10000
Crabominable,59.8,740,fighting,ice,136.8,88.5,135,1634418,19,1498,Bubble,Ice Punch,Brick Break,4,4,3,50000
Porygon (Shadow),59.8,137,normal,none,120,115.4,135,1869480,35.5,1499,Tackle,Discharge,Signal Beam,14,19,3,50000
Raboot,59.8,814,fire,none,128.8,103.6,130,1734678,31.5,1496,Fire Spin,Flame Charge,Flamethrower,5,6,3,10000
Tangela,59.8,114,grass,none,125.5,122.8,116,1787722,25,1499,Infestation,Grass Knot,Sludge Bomb,5,5,3,50000
Boldore,59.7,525,rock,none,124.4,109.6,132,1799720,28,1496,Mud Slap,Rock Slide,Bulldoze,5,6,3,50000
Braviary,59.6,628,normal,flying,133.7,92.9,135,1676799,18,1499,Air Slash,Fly,Close Combat,5,5,5,75000
Rhyhorn,59.6,111,ground,rock,112.5,110.9,159,1983724,38.5,1495,Mud Slap,Bulldoze,Stomp,6,4,3,50000
Rhyhorn (Shadow),59.6,111,ground,rock,112.5,110.9,159,1983724,38.5,1495,Mud Slap,Bulldoze,Stomp,6,4,3,50000
Eelektross,59.5,604,electric,none,133.8,99.8,126,1682508,20,1500,Volt Switch,Dragon Claw,Thunderbolt,4,4,1,10000
Boltund,59.4,836,electric,none,136.9,95.4,126,1645593,26,1500,Bite,Crunch,Thunder,12,15,1,50000
Carracosta,59.4,565,water,rock,121.4,127,120,1850136,21.5,1499,Water Gun,Liquidation,Ancient Power,15,15,5,75000
Graveler (Shadow),59.4,75,rock,ground,122.6,129.9,115,1831460,29.5,1500,Mud Slap,Rock Slide,Dig,5,5,1,10000
Pupitar,59.4,247,rock,ground,120.1,111.8,138,1852951,34,1497,Bite,Ancient Power,Dig,12,13,5,75000
Kingler (Shadow),59.3,99,water,none,144.5,115.6,93,1553491,19.5,1499,Bubble,Crabhammer,Vise Grip,5,4,3,50000
Seel,59.3,86,water,none,84,114.2,149,1429327,50,1097,Water Gun,Aqua Tail,Icy Wind,12,15,3,50000
Phanpy,59.2,231,ground,none,102.5,94.9,186,1809269,50,1363,Tackle,Bulldoze,Rock Slide,19,15,3,50000
Trapinch,59.2,328,ground,none,148.7,78.1,120,1393616,50,1440,Sand Attack,Sand Tomb,Crunch,12,12,5,75000
Bulbasaur,59.1,1,grass,poison,111.7,105.8,120,1418143,50,1259,Vine Whip,Power Whip,Seed Bomb,7,5,3,10000
Kyogre (Shadow),59.1,382,water,none,133.9,116.6,104,1623725,13,1477,Waterfall,Avalanche,Surf,5,5,20,100000
Oricorio (Sensu),59.1,741,ghost,flying,130.8,102,128,1707725,24,1495,Air Slash,Air Cutter,Hurricane,5,7,3,75000
Raticate,59.1,20,normal,none,125.9,116,122,1781737,34.5,1498,Quick Attack,Hyper Fang,Dig,7,7,1,10000
Rotom (Frost),59.1,479,electric,ice,128.8,144.9,93,1735670,21.5,1499,Thunder Shock,Thunderbolt,Blizzard,7,9,5,75000
Tranquill,59,520,normal,flying,123.9,102.1,143,1808977,49.5,1498,Air Slash,Heat Wave,Aerial Ace,5,5,1,10000
Plusle,58.9,311,electric,none,128.2,107.2,127,1745366,33,1498,Quick Attack,Thunderbolt,Grass Knot,7,7,3,50000
Seadra,58.8,117,water,none,131.3,117.6,109,1683056,26.5,1492,Dragon Breath,Hydro Pump,Dragon Pulse,19,14,3,50000
Sunflora,58.8,192,grass,none,128.7,102.1,132,1734516,26,1498,Bullet Seed,Leaf Storm,Sludge Bomb,5,4,3,50000
Graveler,58.6,75,rock,ground,121.4,130.9,116,1843386,30,1497,Mud Slap,Rock Slide,Dig,5,5,1,10000
Groudon (Shadow),58.6,383,ground,none,133.9,116.6,104,1623725,13,1477,Mud Shot,Precipice Blades,Fire Punch,7,5,20,100000
Trapinch (Shadow),58.6,328,ground,none,148.7,78.1,120,1393616,50,1440,Sand Attack,Sand Tomb,Crunch,12,12,5,75000
Whirlipede,58.6,544,bug,poison,96.6,157.9,113,1723605,50,1292,Poison Sting,Sludge Bomb,Gyro Ball,6,6,1,10000
Nosepass,58.5,299,rock,none,81.5,193.2,98,1543088,50,1123,Rock Throw,Rock Slide,Rock Blast,9,8,3,50000
Raticate (Shadow),58.5,20,normal,none,125.9,116,122,1781737,34.5,1498,Quick Attack,Hyper Fang,Dig,7,7,1,10000
Pineco (Shadow),58.4,204,bug,none,103.3,115.1,127,1510008,50,1251,Bug Bite,Rock Tomb,Sand Tomb,17,15,5,75000
Komala,58.1,775,normal,none,136.8,110.2,108,1628139,21.5,1498,Rollout,Bulldoze,Payback,5,5,3,50000
Reuniclus (Shadow),58,579,psychic,none,126.9,94.9,147,1770293,19,1500,Charm,Psyshock,Shadow Ball,5,7,3,50000
Tatsugiri (Curly),58,978,dragon,water,137.4,108.1,109,1618970,20,1497,Take Down,Surf,Outrage,5,7,5,75000
Tatsugiri (Droopy),58,978,dragon,water,137.4,108.1,109,1618970,20,1497,Take Down,Surf,Outrage,5,7,5,75000
Tatsugiri (Stretchy),58,978,dragon,water,137.4,108.1,109,1618970,20,1497,Take Down,Surf,Outrage,5,7,5,75000
Cinccino,57.8,573,normal,none,134.9,96.2,128,1661105,25,1497,Charm,Aqua Tail,Thunderbolt,5,7,3,50000
Eevee,57.7,133,normal,none,99.9,108.3,135,1460588,50,1208,Quick Attack,Swift,Dig,5,7,5,75000
Corphish (Shadow),57.6,341,water,none,131,95.7,117,1466794,50,1389,Bubble,Aqua Jet,Vise Grip,4,4,3,50000
Mothim,57.5,414,bug,flying,140,83,138,1603560,31.5,1500,Bug Bite,Aerial Ace,Bug Buzz,15,20,1,10000
Oricorio (Baile),57.5,741,fire,flying,130.8,102,128,1707725,24,1495,Air Slash,Air Cutter,Hurricane,5,7,3,75000
Sudowoodo (Shadow),57.5,185,rock,none,117.1,130,125,1902875,26,1498,Counter,Meteor Beam,Trailblaze,10,8,5,75000
Seel (Shadow),57.4,86,water,none,84,114.2,149,1429327,50,1097,Water Gun,Aqua Tail,Icy Wind,12,15,3,50000
Tangela (Shadow),57.3,114,grass,none,125.5,122.8,116,1787722,25,1499,Infestation,Grass Knot,Sludge Bomb,5,5,3,50000
Chespin (Shadow),57.2,650,grass,none,105,101.6,136,1450848,50,1238,Vine Whip,Seed Bomb,Body Slam,5,5,3,10000
Lombre,57,271,water,grass,106.7,112.6,142,1706048,50,1353,Bubble,Scald,Grass Knot,5,5,3,50000
Heliolisk (Shadow),56.9,695,electric,normal,138.1,112.1,105,1625506,21.5,1500,Volt Switch,Breaking Swipe,Parabolic Charge,4,4,3,50000
Carracosta (Shadow),56.8,565,water,rock,121.4,127,120,1850136,21.5,1499,Water Gun,Ancient Power,Liquidation,15,15,5,75000
Cubone (Shadow),56.8,104,ground,none,88.2,133.6,127,1496507,50,1151,Mud Slap,Bone Club,Bulldoze,4,6,3,50000
Geodude,56.8,74,rock,ground,123.5,123.5,113,1723504,50,1461,Rock Throw,Rock Tomb,Rock Slide,10,9,1,10000
Entei,56.7,244,fire,none,129.3,96.2,139,1728974,16,1500,Fire Fang,Flame Charge,Scorching Sands,9,9,20,100000
Infernape,56.6,392,fire,fighting,136.6,100.3,119,1630417,20.5,1493,Fire Spin,Close Combat,Blast Burn,5,5,3,10000
Silicobra,56.6,843,ground,none,99.1,115.9,131,1504625,50,1221,Mud Slap,Earth Power,Wrap,5,5,3,50000
Whirlipede (Shadow),56.5,544,bug,poison,96.6,157.9,113,1723605,50,1292,Poison Sting,Sludge Bomb,Gyro Ball,6,6,1,10000
Braviary (Hisuian),56.4,628,psychic,flying,128.5,89.6,150,1727040,19.5,1494,Air Slash,Brave Bird,Fly,7,5,5,75000
Entei (Shadow),56.4,244,fire,none,128.8,95.2,139,1704385,15.5,1482,Fire Fang,Flame Charge,Scorching Sands,9,9,20,100000
Maractus,56.4,556,grass,none,135.5,95.2,128,1651149,24.5,1496,Bullet Seed,Aerial Ace,Petal Blizzard,4,5,1,10000
Chespin,56.3,650,grass,none,105,101.6,136,1450848,50,1238,Vine Whip,Seed Bomb,Body Slam,5,5,3,10000
Tranquill (Shadow),56.3,520,normal,flying,123.9,102.1,143,1808977,49.5,1498,Air Slash,Heat Wave,Aerial Ace,5,5,1,10000
Stantler,56.2,234,normal,none,132.1,99.4,129,1693865,26,1498,Tackle,Wild Charge,Stomp,15,14,3,50000
Simisear,56.1,514,fire,none,135.9,95.8,126,1640422,23.5,1494,Fire Spin,Crunch,Flamethrower,5,6,3,50000
Toedscool,56.1,948,ground,grass,94.1,137.8,113,1465269,50,1176,Mud Slap,Earth Power,Wrap,5,5,3,50000
Boldore (Shadow),56,525,rock,none,125.3,109.2,130,1778759,27.5,1498,Mud Slap,Rock Slide,Bulldoze,5,6,3,50000
Cubone,55.9,104,ground,none,88.2,133.6,127,1496507,50,1151,Mud Slap,Bone Club,Return,4,7,3,50000
Kadabra (Shadow),55.9,64,psychic,none,163.8,90.9,92,1369827,27,1500,Confusion,Shadow Ball,Dazzling Gleam,4,4,3,50000
Nosepass (Shadow),55.9,299,rock,none,81.5,193.2,98,1543088,50,1123,Rock Throw,Rock Slide,Rock Blast,9,8,3,50000
Fuecoco,55.6,909,fire,none,106.7,93.3,152,1513177,50,1274,Incinerate,Crunch,Flamethrower,3,3,3,10000
Infernape (Shadow),55.6,392,fire,fighting,136.6,100.3,119,1630417,20.5,1493,Fire Spin,Close Combat,Blast Burn,5,5,3,10000
Krabby (Shadow),55.6,98,water,none,148,111.2,92,1514099,42,1496,Bubble,Vise Grip,Razor Shell,4,4,3,50000
Chinchou,55.5,170,water,electric,101.6,94,164,1566266,50,1263,Bubble,Water Pulse,Thunderbolt,5,5,3,50000
Accelgor,55.4,617,bug,none,143.2,84.9,129,1568341,22.5,1500,Infestation,Bug Buzz,Acid Spray,5,4,3,50000
Clamperl,55.4,366,water,none,124.3,126,105,1644489,50,1435,Water Gun,Water Pulse,Body Slam,17,14,3,50000
Gorebyss,55.4,368,water,none,136.2,121,100,1648020,22.5,1498,Confusion,Water Pulse,Draining Kiss,4,4,3,50000
Popplio,55.1,728,water,none,113.4,99.1,127,1427218,50,1275,Water Gun,Aqua Tail,Aqua Jet,12,14,3,10000
Corphish,55,341,water,none,131,95.7,117,1466794,50,1389,Bubble,Aqua Jet,Vise Grip,4,4,3,50000
Dottler,54.9,825,bug,psychic,85.7,144.5,127,1572724,50,1164,Confusion,Bug Buzz,Psychic,5,4,1,10000
Glaceon,54.7,471,ice,none,135.7,122.3,99,1643015,17.5,1496,Ice Shard,Avalanche,Water Pulse,5,5,5,75000
Oricorio (Pa'u),54.7,741,psychic,flying,130.8,102,128,1707725,24,1495,Air Slash,Air Cutter,Hurricane,5,7,3,75000
Roggenrola,54.3,524,rock,none,114.2,105,135,1618785,50,1360,Smack Down,Stone Edge,Rock Blast,7,5,3,50000
Sigilyph,54.1,561,psychic,flying,130,112,118,1718080,21.5,1496,Air Slash,Air Cutter,Ancient Power,5,5,5,75000
Stantler (Shadow),54.1,234,normal,none,133.5,98.4,128,1681459,25.5,1499,Tackle,Wild Charge,Stomp,15,14,3,50000
Tornadus (Incarnate),53.9,641,flying,none,148.1,95.5,107,1513360,16.5,1499,Bite,Dark Pulse,Hurricane,12,15,20,100000
Tornadus (Incarnate) (Shadow),53.9,641,flying,none,148.1,95.5,107,1513360,16.5,1499,Bite,Dark Pulse,Hurricane,12,15,20,100000
Seadra (Shadow),53.7,117,water,none,131.3,117.6,109,1683056,26.5,1492,Dragon Breath,Hydro Pump,Dragon Pulse,19,14,3,50000
Roggenrola (Shadow),53.6,524,rock,none,114.2,105,135,1618785,50,1360,Smack Down,Stone Edge,Rock Blast,7,5,3,50000
Clauncher,53.4,692,water,none,103.3,110.9,127,1454908,50,1228,Water Gun,Aqua Jet,Crabhammer,14,17,3,50000
Hoopa,53.4,720,psychic,ghost,144.8,106.3,99,1523832,16,1488,Confusion,Shadow Ball,Psychic,4,4,20,100000
Piplup,53.4,393,water,none,106.7,98.3,131,1374008,50,1214,Bubble,Drill Peck,Icy Wind,4,5,3,10000
Deoxys (Speed),52.8,386,psychic,none,140.7,131.5,86,1591176,18.5,1497,Charge Beam,Psycho Boost,Swift,4,4,20,100000
Rampardos,52.6,409,rock,none,162.2,67.3,126,1375424,16.5,1495,Smack Down,Rock Slide,Flamethrower,6,7,5,75000
Cherrim (Overcast),52.5,421,grass,none,121.8,116.2,130,1839911,27.5,1498,Bullet Seed,Dazzling Gleam,Solar Beam,5,7,1,10000
Shaymin (Sky),52.5,492,grass,flying,139.3,94.1,123,1612300,15.5,1498,Magical Leaf,Energy Ball,Grass Knot,5,5,20,100000
Krabby,52.3,98,water,none,148,111.2,92,1514099,42,1496,Bubble,Vise Grip,Razor Shell,4,4,3,50000
Octillery,52.1,224,water,none,131.5,100.8,128,1696666,24,1494,Lock On,Octazooka,Gunk Shot,10,15,1,10000
Phanpy (Shadow),51.2,231,ground,none,102.5,94.9,186,1809269,50,1363,Tackle,Bulldoze,Rock Slide,19,15,3,50000
Indeedee (Male),51.1,876,psychic,normal,134.9,114.6,107,1654171,22.5,1494,Extrasensory,Shadow Ball,Psychic,5,6,3,50000
Unfezant (Shadow),50.7,521,normal,flying,138.5,95.5,122,1613664,20,1497,Air Slash,Heat Wave,Sky Attack,5,6,1,10000
Drizzile,50.6,817,water,none,137.8,92.1,128,1624497,29.5,1498,Water Gun,Surf,Water Pulse,15,17,3,10000
Cranidos (Shadow),50.5,408,rock,none,163.9,62.9,133,1371138,30,1500,Take Down,Rock Tomb,Ancient Power,6,5,5,75000
Piplup (Shadow),50.5,393,water,none,106.7,98.3,131,1374008,50,1214,Bubble,Drill Peck,Icy Wind,4,5,3,10000
Roselia,50.2,315,grass,poison,138.5,105.9,110,1613387,29.5,1496,Poison Jab,Sludge Bomb,Dazzling Gleam,8,8,3,50000
Frogadier,50.1,657,water,none,134.4,100.8,123,1666345,38.5,1499,Bubble,Surf,Aerial Ace,5,5,3,10000
Kadabra,50,64,psychic,none,163.8,90.9,92,1369827,27,1500,Confusion,Shadow Ball,Dazzling Gleam,4,4,3,50000
Rhydon (Shadow),49.1,112,ground,rock,126.2,103.3,136,1772959,17.5,1497,Mud Slap,Stone Edge,Earthquake,6,7,3,50000
Golem (Shadow),48.9,76,rock,ground,125.1,122.2,116,1773318,19,1495,Mud Slap,Stone Edge,Earthquake,6,7,1,10000
Unfezant,48.9,521,normal,flying,138.5,95.5,122,1613664,20,1497,Air Slash,Heat Wave,Sky Attack,5,6,1,10000
Bulbasaur (Shadow),48.8,1,grass,poison,111.7,105.8,120,1418143,50,1259,Vine Whip,Power Whip,Sludge Bomb,7,7,3,10000
Munna,48.8,517,psychic,none,105.8,89.8,166,1577139,50,1293,Charge Beam,Psyshock,Dazzling Gleam,4,5,3,50000
Turtwig,48.7,387,grass,none,112.6,105,135,1596105,50,1342,Tackle,Energy Ball,Body Slam,15,14,3,10000
Naganadel,48.1,804,poison,dragon,149.7,95.5,105,1501117,17.5,1499,Poison Jab,Dragon Claw,Sludge Bomb,8,8,20,100000
Reuniclus,48,579,psychic,none,126.9,94.9,147,1770293,19,1500,Hidden Power (Fighting),Psyshock,Shadow Ball,5,7,3,50000
Crabrawler,47.7,739,fighting,none,135.7,98.8,123,1649081,49.5,1497,Bubble,Crabhammer,Power-Up Punch,5,4,3,50000
Golem,47.6,76,rock,ground,125.1,122.2,116,1773318,19,1495,Mud Slap,Stone Edge,Earthquake,6,7,1,10000
Rhydon,47.5,112,ground,rock,126.2,103.3,136,1772959,17.5,1497,Mud Slap,Stone Edge,Earthquake,6,7,3,50000
Frogadier (Shadow),47.4,657,water,none,134.4,100.8,123,1666345,38.5,1499,Bubble,Surf,Aerial Ace,5,5,3,10000
Turtwig (Shadow),47.4,387,grass,none,112.6,105,135,1596105,50,1342,Tackle,Energy Ball,Body Slam,15,14,3,10000
Clawitzer,47,693,water,none,134.4,110.5,112,1663334,20,1497,Water Gun,Crabhammer,Ice Beam,17,19,3,50000
Porygon-Z (Shadow),46.6,474,normal,none,147.6,88.1,117,1521417,17,1500,Lock On,Tri Attack,Zap Cannon,10,16,3,50000
Porygon-Z,46.2,474,normal,none,147.6,88.1,117,1521417,17,1500,Lock On,Tri Attack,Zap Cannon,10,16,3,50000
Wugtrio,46.1,961,water,none,151,108.6,90,1475874,29,1497,Mud Slap,Liquidation,Surf,5,5,3,50000
Butterfree (Shadow),45.9,12,bug,flying,126.6,112.5,124,1766070,31.5,1497,Confusion,Bug Buzz,Signal Beam,5,4,1,10000
Butterfree,45.5,12,bug,flying,126.6,112.5,124,1766070,31.5,1497,Confusion,Bug Buzz,Signal Beam,5,4,1,10000
Duosion (Shadow),45.2,578,psychic,none,149.2,82,123,1504831,27.5,1499,Hidden Power (Psychic),Psyshock,Night Shade,5,6,3,50000
Solosis (Shadow),44.7,577,psychic,none,152,81.8,118,1467165,49,1497,Hidden Power (Psychic),Psyshock,Night Shade,5,6,3,50000
Cranidos,44.3,408,rock,none,163.9,62.9,133,1371138,30,1500,Take Down,Rock Tomb,Ancient Power,6,5,5,75000
Lilligant,44.1,549,grass,none,136.5,105.8,113,1631912,22,1498,Charm,Petal Blizzard,Hyper Beam,9,10,1,10000
Duosion,42.9,578,psychic,none,149.2,82,123,1504831,27.5,1499,Hidden Power (Psychic),Psyshock,Night Shade,5,6,3,50000
Solosis,41.8,577,psychic,none,152,81.8,118,1467165,49,1497,Hidden Power (Psychic),Psyshock,Night Shade,5,6,3,50000
Skiddo,38.7,672,grass,none,115.9,98.3,151,1720338,50,1412,Rock Smash,Brick Break,Seed Bomb,6,6,3,50000
Regigigas (Shadow),37.1,486,normal,none,140.2,102,110,1573044,12.5,1491,Hidden Power (Ice),Crush Grip,Thunder,7,8,20,100000
Spoink,35.7,325,psychic,none,117.6,115.1,141,1908542,50,1498,Zen Headbutt,Mirror Coat,Shadow Ball,8,9,1,10000
Regigigas,35.4,486,normal,none,139.8,104.4,110,1605463,12.5,1498,Hidden Power (Rock),Crush Grip,Thunder,7,8,20,100000
Clobbopus,34.6,852,fighting,none,114.2,99.1,127,1437287,50,1284,Rock Smash,Superpower,Ice Punch,6,6,3,50000
Spoink (Shadow),34.5,325,psychic,none,117.6,115.1,141,1908542,50,1498,Zen Headbutt,Mirror Coat,Shadow Ball,8,9,1,10000
Slaking,12.1,289,normal,none,138.8,83.1,140,1614799,12.5,1498,Yawn,Body Slam,Earthquake,4,6,5,75000
Slaking (Shadow),9,289,normal,none,138.8,83.1,140,1614799,12.5,1498,Yawn,Body Slam,Earthquake,4,6,5,75000
