Pokemon,Score,Dex,Type 1,Type 2,Attack,Defense,Stamina,Stat Product,Level,CP,Fast Move,Charged Move 1,Charged Move 2,Charged Move 1 Count,Charged Move 2 Count,Buddy Distance,Charged Move Cost
Walrein (Shadow),100,365,ice,water,110.3,112.1,151,1867059,38.5,1438,Powder Snow,Icicle Spear,Earthquake,5,9,3,50000
Snorlax (Shadow),99,143,normal,none,99.5,93.9,175,1635034,28.5,1276,Psywave,Body Slam,Earthquake,10,17,5,75000
Mimikyu,98.8,778,ghost,fairy,128.4,144.6,108,2005197,50,1610,Shadow Claw,Shadow Sneak,Play Rough,7,8,5,50000
Feraligatr (Shadow),98.6,160,water,none,118.2,114.8,118,1601184,35,1376,Shadow Claw,Hydro Cannon,Ice Beam,5,7,3,10000
Corviknight (Shadow),98.2,823,flying,steel,109.4,135,153,2259657,47,1573,Sand Attack,Air Cutter,Payback,10,15,1,10000
Palkia (Shadow),98.1,484,water,dragon,132.5,104,89,1226420,23,1277,Dragon Breath,Aqua Tail,Draco Meteor,9,17,20,100000
Palkia,98,484,water,dragon,130.6,103.1,92,1238767,23,1276,Dragon Breath,Aqua Tail,Draco Meteor,9,17,20,100000
Mamoswine (Shadow),97.9,473,ice,ground,125.8,80.2,128,1291412,27.5,1278,Powder Snow,Icicle Spear,High Horsepower,5,7,3,50000
Palkia (Origin),97.9,484,water,dragon,131.6,104.6,90,1238882,21.5,1279,Dragon Breath,Aqua Tail,Draco Meteor,9,17,20,100000
Toucannon (Shadow),97.9,733,normal,flying,134.9,94.9,121,1549043,39,1446,Peck,Beak Blast,Drill Peck,7,5,1,10000
Dusknoir (Shadow),97.6,477,ghost,none,122.5,177.7,95,2067984,48.5,1592,Astonish,Dynamic Punch,Shadow Punch,5,4,3,50000
Charizard (Shadow),97.4,6,fire,flying,126.5,103.6,111,1454699,34,1359,Dragon Breath,Blast Burn,Air Cutter,13,10,3,10000
Piloswine (Shadow),97.2,221,ice,ground,126.4,99.6,155,1951363,47,1575,Powder Snow,Icicle Spear,High Horsepower,5,7,3,50000
Dusknoir,97.1,477,ghost,none,122.5,177.7,95,2067984,48.5,1592,Astonish,Dynamic Punch,Shadow Punch,5,4,3,50000
Gyarados (Shadow),97,130,water,flying,120.2,98.8,114,1353837,27,1279,Dragon Breath,Aqua Tail,Twister,9,10,1,10000
Latias (Shadow),96.5,380,dragon,psychic,116.9,122.8,97,1392466,26,1279,Dragon Breath,Mist Ball,Aura Sphere,15,10,20,100000
Honchkrow (Shadow),96.4,430,dark,flying,145.5,68.9,140,1403493,38,1430,Peck,Brave Bird,Dark Pulse,7,6,3,50000
Lapras (Shadow),96.3,131,water,ice,102.8,114.9,177,2090674,40.5,1468,Psywave,Sparkling Aria,Ice Beam,12,14,5,75000
Moltres (Galarian),96.2,146,dark,flying,106.9,125.6,113,1517210,29.5,1274,Sucker Punch,Fly,Brave Bird,7,8,20,100000
Walrein,96.2,365,ice,water,110.3,112.1,151,1867059,38.5,1438,Powder Snow,Icicle Spear,Earthquake,5,9,3,50000
Electivire (Shadow),96.1,466,electric,none,132.4,91.9,101,1228924,29.5,1279,Thunder Shock,Wild Charge,Ice Punch,5,5,5,75000
Hydreigon (Shadow),96,635,dark,dragon,125.2,97,107,1299451,25,1278,Dragon Breath,Brutal Swing,Fly,9,12,5,75000
Latios (Shadow),96,381,dragon,psychic,129.2,103,94,1250914,24,1272,Dragon Breath,Aura Sphere,Luster Purge,10,15,20,100000
Primarina,96,730,water,fairy,120.9,106.6,104,1340346,28.5,1276,Waterfall,Hydro Cannon,Moonblast,4,5,3,10000
Ursaluna (Shadow),95.9,901,ground,normal,115.6,89.4,136,1405511,24,1278,Scratch,Thunder Punch,High Horsepower,10,14,3,50000
Reshiram,95.7,643,dragon,fire,127.4,102,98,1273490,22.5,1275,Dragon Breath,Fusion Flare,Draco Meteor,12,17,20,100000
Greninja (Shadow),95.6,658,water,dark,136.3,99.1,114,1539836,39.5,1453,Water Shuriken,Hydro Cannon,Brutal Swing,3,3,3,10000
Melmetal,95.6,809,steel,none,111,98.9,134,1471039,25.5,1278,Thunder Shock,Double Iron Bash,Dynamic Punch,4,5,20,100000
Corviknight,95.5,823,flying,steel,109.4,135,153,2259657,47,1573,Sand Attack,Air Cutter,Iron Head,10,13,1,10000
Cramorant,95.5,845,flying,water,127,120.3,126,1925041,50,1566,Peck,Dive,Fly,5,6,3,50000
Golurk (Shadow),95.5,623,ground,ghost,127.8,94.4,123,1483911,35,1378,Astonish,Shadow Punch,Dynamic Punch,4,5,5,75000
Rapidash (Shadow),95.5,78,fire,none,136.8,113.4,114,1768496,46,1560,Incinerate,Wild Charge,Drill Run,3,2,3,50000
Rillaboom,95.5,812,grass,none,121.8,91.2,120,1332979,27.5,1275,Scratch,Drum Beating,Earth Power,9,13,3,10000
Grumpig (Shadow),95.4,326,psychic,none,117.7,135.1,137,2178474,49,1602,Psywave,Dynamic Punch,Shadow Ball,12,13,1,10000
Samurott (Shadow),95.4,503,water,none,123,97.4,130,1557426,35.5,1385,Fury Cutter,Hydro Cannon,Megahorn,10,14,3,10000
Seaking,95.3,119,water,none,128.4,109.5,138,1940252,50,1581,Peck,Drill Run,Icy Wind,5,6,3,50000
Doublade,95.2,680,steel,ghost,125.1,144,108,1945555,46.5,1566,Shadow Claw,Sacred Sword,Iron Head,5,7,5,75000
Toucannon,95.2,733,normal,flying,134.9,94.9,121,1549043,39,1446,Peck,Beak Blast,Drill Peck,7,5,1,10000
Malamar (Shadow),95.1,687,dark,psychic,122.3,120.3,145,2133340,50,1616,Psywave,Foul Play,Superpower,10,10,3,50000
Blastoise (Shadow),94.9,9,water,none,113.5,143.1,130,2111441,45.5,1552,Bite,Hydro Cannon,Skull Bash,10,19,3,10000
Greninja (Mega),94.9,658,water,dark,142.3,90.8,88,1137034,24,1279,Water Shuriken,Hydro Cannon,Brutal Swing,3,3,3,10000
Kyurem,94.9,646,dragon,ice,122.3,86.7,126,1336030,26,1279,Dragon Breath,Glaciate,Dragon Claw,10,13,20,100000
Bombirdier,94.8,962,flying,dark,129.5,118.6,119,1827685,45,1544,Sucker Punch,Fly,Drill Run,7,6,5,75000
Kingdra (Shadow),94.8,230,water,dragon,120.4,127.1,117,1790432,40.5,1470,Dragon Breath,Surf,Swift,12,9,3,50000
Empoleon (Shadow),94.6,395,water,steel,118.6,110.3,115,1504382,33,1340,Metal Sound,Hydro Cannon,Drill Peck,5,5,3,10000
Feraligatr,94.6,160,water,none,118.2,114.8,118,1601184,35,1376,Shadow Claw,Hydro Cannon,Ice Beam,5,7,3,10000
Tinkaton,94.6,959,fairy,steel,112.8,142.6,143,2300195,50,1616,Fairy Wind,Gigaton Hammer,Bulldoze,7,7,3,75000
Dodrio,94.5,85,normal,flying,147.7,103.2,113,1722418,48.5,1596,Peck,Drill Peck,Brave Bird,5,7,3,50000
Lapras,94.5,131,water,ice,102.8,114.9,177,2090674,40.5,1468,Psywave,Sparkling Aria,Ice Beam,12,14,5,75000
Flamigo,94.2,973,flying,fighting,134.3,92.4,119,1476709,37,1412,Peck,Upper Hand,Brave Bird,5,7,3,75000
Genesect (Shock),94.2,649,bug,steel,130.1,105.3,91,1246657,27,1275,Fury Cutter,Magnet Bomb,Techno Blast (Shock),10,14,20,100000
Hippowdon (Shadow),94.2,450,ground,none,107.3,107.8,131,1515269,30,1279,Sand Attack,Weather Ball (Rock),Earth Power,9,13,3,50000
Milotic (Shadow),94.2,350,water,none,105.1,125,123,1615913,31.5,1308,Waterfall,Aqua Tail,Wrap,4,5,5,75000
Electivire,94.1,466,electric,none,132.4,91.9,101,1228924,29.5,1279,Thunder Shock,Wild Charge,Ice Punch,5,5,5,75000
Snorlax,94.1,143,normal,none,99.5,93.9,175,1635034,28.5,1276,Psywave,Body Slam,Earthquake,10,17,5,75000
Gyarados,94,130,water,flying,120.2,98.8,114,1353837,27,1279,Dragon Breath,Aqua Tail,Twister,9,10,1,10000
Honchkrow,94,430,dark,flying,145.5,68.9,140,1403493,38,1430,Peck,Brave Bird,Dark Pulse,7,6,3,50000
Trevenant (Shadow),94,709,ghost,grass,129.2,105.9,131,1792379,43.5,1522,Shadow Claw,Shadow Ball,Seed Bomb,7,5,5,75000
Charizard (Mega X),93.9,6,fire,dragon,129.3,105.2,93,1265019,23.5,1278,Dragon Breath,Blast Burn,Air Cutter,13,10,3,10000
Delphox (Shadow),93.9,655,fire,psychic,123.5,107.7,101,1343396,30.5,1289,Scratch,Psyshock,Blast Burn,10,13,3,10000
Blaziken (Shadow),93.8,257,fire,fighting,136.5,86.9,113,1340389,34,1357,Ember,Aura Sphere,Blast Burn,5,6,3,10000
Crustle (Shadow),93.8,558,bug,rock,121,134.9,117,1909779,43.5,1521,Fury Cutter,X-Scissor,Rock Wrecker,10,13,1,10000
Reshiram (Shadow),93.8,643,dragon,fire,127.4,102,98,1273490,22.5,1275,Dragon Breath,Fusion Flare,Draco Meteor,12,17,20,100000
Bellibolt,93.7,939,electric,none,112.9,108.1,153,1867287,39.5,1452,Sucker Punch,Parabolic Charge,Zap Cannon,8,12,1,50000
Blastoise,93.7,9,water,none,113.5,143.1,130,2111441,45.5,1552,Bite,Hydro Cannon,Skull Bash,10,19,3,10000
Charizard,93.7,6,fire,flying,126.5,103.6,111,1454699,34,1359,Dragon Breath,Blast Burn,Air Cutter,13,10,3,10000
Empoleon,93.7,395,water,steel,118.6,110.3,115,1504382,33,1340,Metal Sound,Hydro Cannon,Drill Peck,5,5,3,10000
Kingdra,93.7,230,water,dragon,120.4,127.1,117,1790432,40.5,1470,Dragon Breath,Surf,Swift,12,9,3,50000
Latias,93.7,380,dragon,psychic,114.6,127.4,97,1416204,26.5,1276,Dragon Breath,Mist Ball,Aura Sphere,15,10,20,100000
Zapdos (Shadow),93.7,145,electric,flying,126.9,95.1,105,1267160,25.5,1269,Thunder Shock,Drill Peck,Thunderbolt,5,7,20,100000
Zygarde (Complete Forme),93.7,718,dragon,ground,92.2,101.6,189,1770461,24,1278,Dragon Tail,Crunch,Bulldoze,4,5,20,100000
Samurott,93.6,503,water,none,123,97.4,130,1557426,35.5,1385,Fury Cutter,Hydro Cannon,Megahorn,10,14,3,10000
Malamar (Mega),93.5,687,dark,psychic,110,123,109,1474770,29.5,1277,Psywave,Foul Play,Superpower,10,10,3,50000
Regidrago,93.5,895,dragon,none,112.8,61.6,225,1563408,32.5,1328,Dragon Breath,Dragon Energy,Vise Grip,12,10,20,100000
Annihilape (Shadow),93.4,979,fighting,ghost,113.8,97.1,129,1425447,28,1278,Low Kick,Rage Fist,Ice Punch,5,5,3,50000
Dragonite (Mega),93.4,149,dragon,flying,126.2,110,93,1291026,19,1278,Dragon Breath,Superpower,Thunder Punch,10,10,5,75000
Houndoom (Shadow),93.4,229,dark,fire,136.9,95.5,117,1529652,39.5,1451,Incinerate,Foul Play,Trailblaze,2,3,3,50000
Malamar,93.4,687,dark,psychic,122.3,120.3,145,2133340,50,1616,Psywave,Superpower,Foul Play,10,10,3,50000
Ninetales,93.3,38,fire,none,121.1,137.1,127,2108557,49,1602,Ember,Weather Ball (Fire),Energy Ball,4,5,3,50000
Primeape,93.3,57,fighting,none,145.7,101.8,117,1735374,48.5,1596,Karate Chop,Rage Fist,Close Combat,5,5,3,50000
Raichu (Mega X),93.3,26,electric,none,137.4,105.3,82,1186394,26,1279,Volt Switch,Brick Break,Trailblaze,3,3,1,10000
Florges,93.2,671,fairy,none,110.2,131.1,102,1473616,28.5,1277,Fairy Wind,Chilling Water,Disarming Voice,5,5,3,50000
Machamp (Shadow),93.2,68,fighting,none,124.6,91.1,115,1305372,30,1278,Karate Chop,Cross Chop,Rock Slide,4,5,3,50000
Muk (Alolan),93.2,89,poison,dark,112.8,108.7,144,1765636,37,1411,Poison Jab,Brutal Swing,Ice Punch,5,6,3,50000
Muk (Alolan) (Shadow),93.2,89,poison,dark,112.8,108.7,144,1765636,37,1411,Poison Jab,Brutal Swing,Ice Punch,5,6,3,50000
Ninetales (Shadow),93.2,38,fire,none,121.1,137.1,127,2108557,49,1602,Ember,Weather Ball (Fire),Energy Ball,4,5,3,50000
Seismitoad,93.2,537,water,ground,119.6,102.8,153,1881117,42.5,1504,Mud Shot,Earth Power,Icy Wind,6,5,3,50000
Conkeldurr (Shadow),93.1,534,fighting,none,123.8,86.7,123,1320216,27.5,1279,Force Palm,Dynamic Punch,Brutal Swing,5,4,5,75000
Giratina (Altered),93,487,ghost,dragon,96.2,120.3,146,1689638,27.5,1276,Dragon Breath,Ancient Power,Shadow Force,12,17,20,100000
Golisopod,93,768,bug,water,114.8,123,100,1412040,29,1278,Fury Cutter,X-Scissor,Aqua Jet,10,10,1,10000
Pangoro,93,675,fighting,dark,126.3,88.4,126,1406780,33,1336,Karate Chop,Close Combat,Night Slash,5,4,3,50000
Piloswine,93,221,ice,ground,126.4,99.6,155,1951363,47,1575,Powder Snow,Icicle Spear,High Horsepower,5,7,3,50000
Starmie (Shadow),93,121,water,psychic,131.7,121.9,104,1669640,41.5,1488,Psywave,Aqua Jet,Power Gem,10,13,3,50000
Ursaring (Shadow),93,217,normal,none,130.3,86,119,1333490,32,1320,Shadow Claw,Swift,Close Combat,5,6,3,50000
Drapion (Shadow),92.9,452,poison,dark,119.3,140.6,121,2029603,46,1557,Poison Sting,Aqua Tail,Crunch,4,5,5,75000
Raikou (Shadow),92.9,243,electric,none,122.5,99.4,108,1315062,26.5,1273,Thunder Shock,Wild Charge,Aura Sphere,5,5,20,100000
Turtonator,92.8,776,fire,dragon,121,155.4,114,2143588,50,1616,Incinerate,Brutal Swing,Dragon Claw,2,3,5,75000
Latios (Mega),92.7,381,dragon,psychic,138.3,103,82,1168082,18,1272,Dragon Breath,Aura Sphere,Luster Purge,10,15,20,100000
Scizor (Shadow),92.7,212,bug,steel,127.7,104.3,98,1305273,31,1297,Fury Cutter,Night Slash,Trailblaze,9,12,5,75000
Togekiss,92.7,468,fairy,flying,115.3,115.3,106,1409174,27.5,1278,Peck,Psyshock,Aura Sphere,5,5,3,50000
Aurorus (Shadow),92.6,699,rock,ice,108.9,102.1,160,1778990,36,1394,Powder Snow,Weather Ball (Ice),Meteor Beam,5,8,5,75000
Crustle,92.6,558,bug,rock,121,134.9,117,1909779,43.5,1521,Fury Cutter,X-Scissor,Rock Wrecker,10,13,1,10000
Latias (Mega),92.6,380,dragon,psychic,122.9,128.7,83,1312830,19,1275,Dragon Breath,Aura Sphere,Mist Ball,10,15,20,100000
Articuno (Shadow),92.5,144,ice,flying,105,129.3,115,1561298,30.5,1283,Powder Snow,Icy Wind,Hurricane,6,8,20,100000
Manectric (Shadow),92.5,310,electric,none,147.8,92,121,1645310,46,1560,Snarl,Wild Charge,Psychic Fangs,4,3,3,50000
Politoed (Shadow),92.5,186,water,none,116,125.7,143,2085112,46,1560,Mud Shot,Weather Ball (Water),Earthquake,4,8,3,50000
Clefable,92.4,36,fairy,none,119.9,114.6,152,2088562,47.5,1582,Fairy Wind,Meteor Mash,Draining Kiss,5,7,1,10000
Cofagrigus (Shadow),92.4,563,ghost,none,117.7,167.4,111,2187031,49.5,1608,Shadow Claw,Shadow Ball,Energy Ball,7,6,3,50000
Dondozo,92.4,977,water,none,97.3,103.8,176,1777554,32,1318,Waterfall,Surf,Outrage,5,6,5,75000
Drapion,92.4,452,poison,dark,119.3,140.6,121,2029603,46,1557,Poison Sting,Crunch,Aqua Tail,5,4,5,75000
Gliscor (Shadow),92.3,472,ground,flying,113.5,142.3,115,1857371,39.5,1454,Wing Attack,Acrobatics,Night Slash,7,5,5,75000
Rapidash,92.3,78,fire,none,136.8,113.4,114,1768496,46,1560,Incinerate,Wild Charge,Drill Run,3,2,3,50000
Starmie (Mega),92.3,121,water,psychic,132.9,114.9,80,1221617,24.5,1277,Psywave,Thunder,Power Gem,15,13,3,50000
Talonflame,92.3,663,fire,flying,129.1,114.9,135,2002535,50,1612,Incinerate,Fly,Brave Bird,3,3,1,10000
Annihilape,92.2,979,fighting,ghost,113.8,97.1,129,1425447,28,1278,Low Kick,Rage Fist,Ice Punch,5,5,3,50000
Genesect (Chill),92.2,649,bug,steel,130.1,105.3,91,1246657,27,1275,Fury Cutter,Magnet Bomb,Techno Blast (Chill),10,14,20,100000
Latios,92.2,381,dragon,psychic,127.8,103.5,95,1256594,24,1273,Dragon Breath,Aura Sphere,Luster Purge,10,15,20,100000
Kommo-o,92.1,784,dragon,fighting,114.3,127.4,98,1427058,28,1277,Dragon Tail,Clanging Scales,Upper Hand,4,4,5,75000
Magnezone (Shadow),92.1,462,electric,steel,124,112.2,94,1307803,28.5,1279,Volt Switch,Wild Charge,Mirror Shot,3,3,3,50000
Swampert (Shadow),92.1,260,water,ground,114.6,102.7,129,1518255,32,1320,Mud Shot,Hydro Cannon,Earthquake,5,8,3,10000
Ursaluna,92.1,901,ground,normal,115.6,89.4,136,1405511,24,1278,Scratch,Thunder Punch,High Horsepower,10,14,3,50000
Weezing (Galarian) (Shadow),92,110,poison,fairy,124.4,141.1,117,2053682,49,1603,Fairy Wind,Brutal Swing,Sludge,4,5,3,50000
Hippowdon,91.9,450,ground,none,107.3,107.8,131,1515269,30,1279,Sand Attack,Weather Ball (Rock),Earth Power,9,13,3,50000
Genesect (Douse),91.8,649,bug,steel,130.1,105.3,91,1246657,27,1275,Fury Cutter,Magnet Bomb,Techno Blast (Douse),10,14,20,100000
Beedrill (Mega),91.7,15,bug,poison,152.4,80.9,86,1060308,27,1278,Infestation,Drill Run,Sludge Bomb,4,5,1,10000
Aromatisse,91.5,683,fairy,none,121.2,107.4,157,2043650,47,1575,Fairy Wind,Moonblast,Psyshock,6,5,3,50000
Camerupt (Shadow),91.5,323,fire,ground,141.2,102,126,1814702,50,1603,Incinerate,Earth Power,Rock Tomb,3,3,3,50000
Typhlosion (Shadow),91.5,157,fire,none,126.5,103.6,111,1454699,34,1359,Incinerate,Blast Burn,Thunder Punch,3,2,3,10000
Dhelmise,91.4,781,ghost,grass,129.1,105.1,100,1356841,32.5,1329,Shadow Claw,Brutal Swing,Shadow Ball,5,7,5,50000
Milotic,91.4,350,water,none,105.1,125,123,1615913,31.5,1308,Waterfall,Aqua Tail,Wrap,4,5,5,75000
Primeape (Shadow),91.4,57,fighting,none,145.7,101.8,117,1735374,48.5,1596,Karate Chop,Rage Fist,Ice Punch,5,5,3,50000
Cofagrigus,91.3,563,ghost,none,117.7,167.4,111,2187031,49.5,1608,Shadow Claw,Shadow Ball,Energy Ball,7,6,3,50000
Darkrai (Shadow),91.3,491,dark,none,138.1,97.8,86,1161531,24,1271,Sucker Punch,Foul Play,Shadow Ball,6,8,20,100000
Miltank,91.3,241,normal,none,109.5,139.2,156,2377814,50,1613,Rollout,Body Slam,High Horsepower,4,5,5,75000
Roserade,91.3,407,grass,poison,133.5,108.1,90,1298821,32,1319,Poison Sting,Weather Ball (Fire),Leaf Storm,4,7,3,50000
Swampert,91.3,260,water,ground,114.6,102.7,129,1518255,32,1320,Mud Shot,Hydro Cannon,Earthquake,5,8,3,10000
Grimmsnarl,91.2,861,dark,fairy,129.3,85.8,128,1420024,34,1358,Sucker Punch,Foul Play,Draining Kiss,6,8,5,50000
Kabutops (Shadow),91.2,141,rock,water,131.7,117.6,98,1517816,37.5,1420,Fury Cutter,Aqua Jet,Stone Edge,10,14,5,75000
Nidoking (Shadow),91.2,34,poison,ground,128.8,105.9,126,1718630,42,1493,Poison Sting,Avalanche,Earth Power,5,6,3,50000
Cradily,91.1,346,rock,grass,112.8,141.2,145,2309467,50,1616,Acid,Rock Tomb,Grass Knot,7,7,3,50000
Hitmonlee (Shadow),91.1,106,fighting,none,141.2,120.8,92,1569240,42,1495,Low Kick,Close Combat,Blaze Kick,6,5,5,75000
Zapdos,91.1,145,electric,flying,126,96,107,1294272,25.5,1277,Thunder Shock,Drill Peck,Thunderbolt,5,7,20,100000
Zoroark (Hisuian),91.1,571,normal,ghost,159.3,85.3,96,1304476,39,1442,Shadow Claw,Swift,Shadow Ball,5,7,5,75000
Cobalion,91,638,steel,fighting,105.4,129.8,117,1600668,31,1298,Double Kick,Sacred Sword,Stone Edge,3,5,20,100000
Genesect,91,649,bug,steel,130.1,105.3,91,1246657,27,1275,Fury Cutter,Magnet Bomb,Techno Blast (Normal),10,14,20,100000
Grumpig,91,326,psychic,none,117.7,135.1,137,2178474,49,1602,Psywave,Dynamic Punch,Shadow Ball,12,13,1,10000
Hydreigon,91,635,dark,dragon,125.2,97,107,1299451,25,1278,Dragon Breath,Brutal Swing,Dragon Pulse,9,14,5,75000
Giratina (Altered) (Shadow),90.9,487,ghost,dragon,98.3,116.7,144,1651912,27,1278,Dragon Breath,Ancient Power,Shadow Sneak,12,13,20,100000
Oinkologne (Female),90.9,916,normal,none,111.5,113.5,169,2138737,45,1545,Take Down,Body Slam,Trailblaze,5,5,1,10000
Pelipper,90.9,279,water,flying,128.4,127.7,114,1869222,50,1555,Wing Attack,Weather Ball (Water),Hurricane,5,8,3,50000
Spiritomb,90.9,442,ghost,dark,124.3,144.6,102,1833326,50,1515,Sucker Punch,Shadow Ball,Rock Tomb,8,8,5,75000
Galvantula,90.7,596,bug,electric,146,96.6,126,1777054,50,1612,Volt Switch,Lunge,Discharge,3,3,3,50000
Mamoswine,90.7,473,ice,ground,125.8,80.2,128,1291412,27.5,1278,Powder Snow,Icicle Spear,High Horsepower,5,7,3,50000
Salamence (Shadow),90.7,373,dragon,flying,133,85.7,108,1230995,24,1279,Dragon Tail,Fly,Brutal Swing,4,3,5,75000
Starmie,90.7,121,water,psychic,131.7,121.9,104,1669640,41.5,1488,Psywave,Aqua Jet,Power Gem,10,13,3,50000
Tentacruel (Shadow),90.7,73,water,poison,112.6,147.6,135,2243668,48,1589,Acid,Scald,Payback,7,8,3,50000
Delphox (Mega),90.6,655,fire,psychic,139.5,102.5,81,1158199,19,1276,Scratch,Blast Burn,Psyshock,13,10,3,10000
Mew,90.6,151,psychic,none,111.3,110.8,118,1455181,27.5,1275,Shadow Claw,Psyshock,Wild Charge,5,6,20,100000
Sandslash (Alolan) (Shadow),90.6,28,ice,steel,119.2,136.3,129,2095858,47.5,1581,Powder Snow,Ice Punch,Drill Run,5,5,3,50000
Victreebel (Shadow),90.6,71,grass,poison,137.5,97.7,132,1773255,46.5,1563,Sucker Punch,Leaf Blade,Acid Spray,5,7,3,50000
Yveltal,90.6,717,dark,flying,120.1,94.1,120,1356169,24.5,1277,Sucker Punch,Dark Pulse,Oblivion Wing,7,8,20,100000
Aurorus,90.5,699,rock,ice,108.9,102.1,160,1778990,36,1394,Powder Snow,Weather Ball (Ice),Meteor Beam,5,8,5,75000
Orthworm,90.5,968,steel,none,115.1,155.7,123,2204292,48.5,1594,Mud Slap,Iron Head,Rock Tomb,5,5,5,75000
Runerigus,90.5,867,ground,ghost,117.7,167.4,111,2187031,49.5,1608,Shadow Claw,Rock Tomb,Shadow Ball,7,7,3,50000
Dragalge,90.4,691,poison,dragon,121.1,148.5,117,2104052,49,1601,Dragon Tail,Aqua Tail,Outrage,3,5,3,50000
Raikou,90.4,243,electric,none,121,102.3,108,1336856,26.5,1273,Thunder Shock,Wild Charge,Aura Sphere,5,5,20,100000
Weezing (Galarian),90.4,110,poison,fairy,124.4,141.1,117,2053682,49,1603,Fairy Wind,Brutal Swing,Sludge,4,5,3,50000
Articuno,90.3,144,ice,flying,104.3,133.6,115,1602465,31,1297,Powder Snow,Icy Wind,Hurricane,6,8,20,100000
Decidueye,90.3,724,grass,ghost,124.4,112.2,115,1605133,37,1413,Astonish,Frenzy Plant,Spirit Shackle,5,4,3,10000
Jellicent,90.3,593,water,ghost,112.6,126.5,156,2222048,47.5,1582,Hex,Surf,Shadow Ball,4,4,3,50000
Luxray (Shadow),90.3,405,electric,none,130.5,94.6,112,1382674,33.5,1348,Snarl,Wild Charge,Psychic Fangs,4,3,5,75000
Nidoqueen (Shadow),90.3,31,poison,ground,118.6,119.9,143,2033480,45.5,1553,Mud Slap,Poison Fang,Earth Power,4,5,3,50000
Overqwil,90.3,904,dark,poison,123.1,100.2,116,1430816,32.5,1327,Poison Jab,Aqua Tail,Dark Pulse,5,7,5,75000
Raichu (Mega Y),90.3,26,electric,none,161,79.1,79,1006073,24,1277,Thunder Shock,Brick Break,Trailblaze,5,5,1,10000
Skarmory (Shadow),90.3,227,steel,flying,110.1,162.9,120,2152235,50,1541,Air Slash,Brave Bird,Drill Run,7,5,5,75000
Sylveon,90.3,700,fairy,none,108.9,114.1,120,1491059,30,1278,Fairy Wind,Draining Kiss,Shadow Ball,7,6,5,75000
Camerupt,90.2,323,fire,ground,141.2,102,126,1814702,50,1603,Incinerate,Earth Power,Rock Tomb,3,3,3,50000
Cradily (Shadow),90.2,346,rock,grass,112.8,141.2,145,2309467,50,1616,Acid,Rock Tomb,Grass Knot,7,7,3,50000
Gengar (Shadow),90.1,94,ghost,poison,146,90,93,1222020,33,1338,Shadow Claw,Shadow Punch,Dark Pulse,5,6,3,50000
Absol (Shadow),90,359,dark,none,155.7,84.1,110,1440381,42.5,1504,Psycho Cut,Brutal Swing,Megahorn,4,7,5,75000
Blacephalon,90,806,fire,ghost,160.4,81.2,78,1015909,27.5,1277,Incinerate,Mind Blown,Shadow Ball,2,3,20,100000
Dialga (Origin),90,483,steel,dragon,124.2,107.1,98,1303578,22,1273,Dragon Breath,Roar of Time,Iron Head,17,13,20,100000
Slurpuff,90,685,fairy,none,123.7,120.3,140,2083355,50,1607,Fairy Wind,Draining Kiss,Energy Ball,7,5,3,50000
Abomasnow (Shadow),89.9,460,grass,ice,123,116.9,147,2113669,50,1613,Powder Snow,Weather Ball (Ice),Energy Ball,5,6,3,50000
Drifblim,89.9,426,ghost,flying,122.5,77.9,217,2070777,48.5,1594,Hex,Icy Wind,Shadow Ball,4,4,5,75000
Gliscor,89.9,472,ground,flying,113.5,142.3,115,1857371,39.5,1454,Wing Attack,Acrobatics,Night Slash,7,5,5,75000
Morpeko (Full Belly),89.9,877,electric,dark,139.9,91.9,112,1439963,50,1420,Thunder Shock,Aura Wheel,Psychic Fangs,5,4,3,50000
Scolipede (Shadow),89.9,545,bug,poison,134.9,122.5,110,1817778,46.5,1566,Poison Sting,Aqua Tail,Megahorn,4,7,1,10000
Trevenant,89.9,709,ghost,grass,129.2,105.9,131,1792379,43.5,1522,Shadow Claw,Shadow Ball,Seed Bomb,7,5,5,75000
Flygon,89.8,330,ground,dragon,126.3,108.2,123,1680876,40,1462,Dragon Tail,Twister,Sand Tomb,4,4,5,75000
Sneasler (Shadow),89.8,903,fighting,poison,134.2,86.7,104,1210055,28.5,1277,Shadow Claw,Close Combat,X-Scissor,6,5,5,75000
Skarmory (Mega),89.7,227,steel,flying,131,114.5,83,1244959,24.5,1279,Air Slash,Brave Bird,Flash Cannon,7,8,5,75000
Steelix,89.7,208,steel,ground,101.2,190.3,130,2503587,48.5,1593,Thunder Fang,Psychic Fangs,Earthquake,6,11,5,75000
Blaziken,89.6,257,fire,fighting,136.5,86.9,113,1340389,34,1357,Ember,Aura Sphere,Blast Burn,5,6,3,10000
Galvantula (Shadow),89.6,596,bug,electric,146,96.6,126,1777054,50,1612,Volt Switch,Lunge,Discharge,3,3,3,50000
Shelgon (Shadow),89.6,372,dragon,none,126.4,114.9,120,1742803,50,1485,Dragon Breath,Twister,Flamethrower,10,14,5,75000
Haxorus (Shadow),89.5,612,dragon,none,139,89.3,94,1166794,25.5,1277,Dragon Tail,Night Slash,Dragon Claw,3,5,5,75000
Ninetales (Alolan),89.5,38,ice,fairy,120.5,137,125,2063563,47.5,1582,Powder Snow,Weather Ball (Ice),Chilling Water,5,6,3,50000
Victreebel,89.5,71,grass,poison,137.5,97.7,132,1773255,46.5,1563,Sucker Punch,Leaf Blade,Sludge Bomb,5,8,3,50000
Abomasnow,89.4,460,grass,ice,123,116.9,147,2113669,50,1613,Powder Snow,Weather Ball (Ice),Energy Ball,5,6,3,50000
Heracross,89.4,214,bug,fighting,123.5,100.7,105,1305827,29.5,1275,Fury Cutter,Upper Hand,Rock Tomb,10,13,3,50000
Lickilicky,89.4,463,normal,none,108.1,127.1,167,2294498,47,1575,Rollout,Body Slam,Shadow Ball,4,4,3,50000
Marshadow,89.4,802,fighting,ghost,129.2,95.5,101,1246199,24,1272,Shadow Claw,Close Combat,Thunder Punch,6,5,20,100000
Pawmot,89.4,923,electric,fighting,143.5,92.4,113,1498312,40.5,1471,Thunder Shock,Brick Break,Wild Charge,5,5,3,75000
Sandslash (Shadow),89.4,28,ground,none,125.1,126.4,131,2071456,49.5,1609,Sand Attack,Night Slash,Rock Tomb,9,13,3,50000
Thievul,89.4,828,dark,none,126.4,121,126,1927094,50,1562,Sucker Punch,Night Slash,Icy Wind,5,7,1,10000
Dialga (Shadow),89.3,483,steel,dragon,127.8,100.6,97,1247098,22.5,1268,Dragon Breath,Iron Head,Draco Meteor,13,17,20,100000
Flygon (Shadow),89.3,330,ground,dragon,126.3,108.2,123,1680876,40,1462,Dragon Tail,Twister,Sand Tomb,4,4,5,75000
Goodra,89.3,706,dragon,none,109.6,125.2,108,1481967,26,1276,Dragon Breath,Aqua Tail,Power Whip,9,13,5,75000
Grafaiai,89.3,945,poison,normal,141.1,109.7,117,1811004,49,1599,Scratch,Poison Fang,Foul Play,10,10,3,50000
Greninja,89.2,658,water,dark,136.3,99.1,114,1539836,39.5,1453,Water Shuriken,Hydro Cannon,Brutal Swing,3,3,3,10000
Garchomp (Shadow),89.1,445,dragon,ground,121.5,95.3,115,1331579,23,1276,Dragon Tail,Sand Tomb,Twister,4,4,5,75000
Gurdurr (Shadow),89.1,533,fighting,none,131.8,100.7,143,1897933,50,1586,Low Kick,Brick Break,Stone Edge,5,7,5,75000
Politoed,89.1,186,water,none,116,125.7,143,2085112,46,1560,Mud Shot,Weather Ball (Water),Earthquake,4,8,3,50000
Drifblim (Shadow),89,426,ghost,flying,122.5,77.9,217,2070777,48.5,1594,Hex,Shadow Ball,Icy Wind,4,4,5,75000
Perrserker,89,863,steel,none,132.4,117.8,123,1918397,48.5,1594,Shadow Claw,Close Combat,Foul Play,6,5,3,50000
Talonflame (Shadow),89,663,fire,flying,129.1,114.9,135,2002535,50,1612,Incinerate,Fly,Brave Bird,3,3,1,10000
Ampharos (Shadow),88.9,181,electric,none,121.6,102.3,125,1554960,35,1377,Volt Switch,Brutal Swing,Trailblaze,3,3,5,75000
Golurk,88.9,623,ground,ghost,127.8,94.4,123,1483911,35,1378,Astonish,Shadow Punch,Dynamic Punch,4,5,5,75000
Nidoking,88.9,34,poison,ground,128.8,105.9,126,1718630,42,1493,Poison Sting,Avalanche,Earth Power,5,6,3,50000
Sandslash (Alolan),88.9,28,ice,steel,119.2,136.3,129,2095858,47.5,1581,Powder Snow,Ice Punch,Drill Run,5,5,3,50000
Scizor,88.9,212,bug,steel,127.7,104.3,98,1305273,31,1297,Fury Cutter,Night Slash,Trailblaze,9,12,5,75000
Staraptor (Shadow),88.9,398,normal,flying,134.2,87,119,1389373,34.5,1368,Wing Attack,Fly,Close Combat,6,6,1,10000
Tentacruel,88.9,73,water,poison,112.6,147.6,135,2243668,48,1589,Acid,Scald,Payback,7,8,3,50000
Amoonguss (Shadow),88.8,591,grass,poison,114.9,104.1,178,2129074,50,1565,Astonish,Foul Play,Grass Knot,4,5,3,50000
Typhlosion,88.8,157,fire,none,126.5,103.6,111,1454699,34,1359,Incinerate,Blast Burn,Thunder Punch,3,2,3,10000
Altaria (Mega),88.7,334,dragon,fairy,116.8,118.9,100,1388752,29,1279,Dragon Breath,Moonblast,Flamethrower,13,14,1,10000
Blaziken (Mega),88.7,257,fire,fighting,149.3,81.1,90,1089741,22,1279,Ember,Aura Sphere,Blaze Kick,5,4,3,10000
Dragonite (Shadow),88.7,149,dragon,flying,125.5,99.7,103,1288772,24,1277,Dragon Breath,Thunder Punch,Superpower,10,10,5,75000
Forretress,88.7,205,bug,steel,115.8,145.7,130,2193368,48.5,1596,Volt Switch,Rock Tomb,Sand Tomb,4,3,5,75000
Incineroar,88.7,727,fire,dark,116.9,101.9,123,1465190,31.5,1310,Snarl,Brutal Swing,Blast Burn,3,4,3,10000
Sandslash,88.7,28,ground,none,125.1,126.4,131,2071456,49.5,1609,Sand Attack,Night Slash,Rock Tomb,9,13,3,50000
Stunfisk (Galarian),88.5,618,ground,steel,107.4,125.7,172,2322031,50,1581,Mud Shot,Rock Slide,Earthquake,5,8,5,75000
Lucario,88.4,448,fighting,steel,140.4,93,109,1423235,37.5,1417,Force Palm,Aura Sphere,Shadow Ball,4,5,5,75000
Toxicroak (Shadow),88.4,454,poison,fighting,137.1,94.3,133,1719494,44.5,1536,Poison Sting,Dynamic Punch,Shadow Ball,5,6,3,50000
Chandelure (Shadow),88.3,609,ghost,fire,139.1,98.1,85,1159885,28,1277,Incinerate,Shadow Ball,Energy Ball,3,3,5,75000
Garchomp,88.3,445,dragon,ground,121.5,95.3,115,1331579,23,1276,Dragon Tail,Sand Tomb,Twister,4,4,5,75000
Houndoom,88.3,229,dark,fire,136.9,95.5,117,1529652,39.5,1451,Incinerate,Foul Play,Trailblaze,2,3,3,50000
Luxray,88.3,405,electric,none,130.5,94.6,112,1382674,33.5,1348,Snarl,Wild Charge,Psychic Fangs,4,3,5,75000
Mismagius (Shadow),88.3,429,ghost,none,131.6,122.4,103,1659108,41,1480,Hex,Shadow Ball,Mystical Fire,4,4,3,50000
Ninetales (Alolan) (Shadow),88.3,38,ice,fairy,120.5,137,125,2063563,47.5,1582,Powder Snow,Weather Ball (Ice),Chilling Water,5,6,3,50000
Skuntank (Shadow),88.3,435,poison,dark,127,98.7,164,2055724,50,1616,Poison Jab,Crunch,Trailblaze,7,7,3,50000
Steelix (Shadow),88.3,208,steel,ground,101.2,190.3,130,2503587,48.5,1593,Thunder Fang,Psychic Fangs,Crunch,6,8,5,75000
Wailord,88.3,321,water,none,124.5,67.9,240,2028852,48.5,1591,Rollout,Surf,Blizzard,4,6,1,10000
Ludicolo,88.2,272,water,grass,121.8,125.8,133,2037885,47.5,1580,Astonish,Weather Ball (Water),Energy Ball,4,5,3,50000
Oinkologne,88.2,916,normal,none,116.3,102.8,157,1877035,41,1478,Take Down,Body Slam,Trailblaze,5,5,1,10000
Baxcalibur,88.1,998,dragon,ice,125.5,88.3,117,1296553,25.5,1279,Dragon Breath,Glaive Rush,Avalanche,10,12,5,75000
Machamp,88.1,68,fighting,none,124.6,91.1,115,1305372,30,1278,Karate Chop,Cross Chop,Rock Slide,4,5,3,50000
Nidoqueen,88.1,31,poison,ground,118.6,119.9,143,2033480,45.5,1553,Mud Slap,Poison Fang,Earth Power,4,5,3,50000
Palossand,88.1,770,ghost,ground,119.2,125.1,139,2072757,47,1575,Astonish,Shadow Ball,Sand Tomb,5,5,3,50000
Armarouge,88,936,fire,psychic,121.4,102,108,1337342,28.5,1275,Incinerate,Psyshock,Flame Charge,2,3,5,50000
Swampert (Mega),88,260,water,ground,124.6,100.8,103,1293647,20.5,1275,Mud Shot,Hydro Cannon,Earthquake,5,8,3,10000
Bellossom (Shadow),87.9,182,grass,none,121.1,133.1,130,2095393,48.5,1596,Acid,Leaf Blade,Dazzling Gleam,5,7,3,50000
Lucario (Mega),87.9,448,fighting,steel,147,89,85,1112055,24,1279,Force Palm,Aura Sphere,Shadow Ball,4,5,5,75000
Zapdos (Galarian),87.9,145,fighting,flying,125,97.5,106,1291875,25.5,1274,Low Kick,Fly,Brave Bird,6,7,20,100000
Centiskorch,87.8,851,fire,bug,121.1,92.4,128,1432274,32,1320,Ember,Lunge,Heat Wave,5,5,5,75000
Scizor (Mega),87.8,212,bug,steel,128.3,117.4,84,1265243,22.5,1279,Fury Cutter,Night Slash,Trailblaze,9,12,5,75000
Qwilfish (Shadow),87.7,211,water,poison,134.5,103.4,120,1668876,50,1499,Poison Sting,Aqua Tail,Shadow Ball,4,6,3,50000
Skeledirge,87.7,911,fire,ghost,112.4,101.9,129,1477509,30.5,1290,Incinerate,Torch Song,Shadow Ball,3,3,3,10000
Toxtricity,87.7,849,electric,poison,139.5,94.2,119,1563767,41,1479,Acid,Wild Charge,Swift,6,5,5,75000
Arcanine (Shadow),87.6,59,fire,none,122.9,95.2,117,1368909,31,1300,Fire Fang,Wild Charge,Psychic Fangs,8,6,3,50000
Genesect (Burn),87.6,649,bug,steel,130.1,105.3,91,1246657,27,1275,Fury Cutter,Magnet Bomb,X-Scissor,10,10,20,100000
Greedent,87.6,820,normal,none,110.3,115,184,2333948,49.5,1607,Bite,Body Slam,Trailblaze,10,12,1,10000
Lugia,87.6,249,psychic,flying,94.6,154.3,118,1722420,25,1276,Dragon Tail,Aeroblast,Earth Power,7,5,20,100000
Drampa,87.5,780,normal,dragon,130,98.5,109,1395745,33.5,1349,Dragon Breath,Swift,Dragon Pulse,9,14,5,75000
Mawile (Mega),87.5,303,steel,fairy,127.8,153.6,100,1963008,48,1588,Fairy Wind,Vise Grip,Iron Head,5,6,5,75000
Quaquaval,87.5,914,water,fighting,126.7,91.8,112,1302679,30.5,1286,Low Kick,Close Combat,Hydro Cannon,6,5,3,10000
Solrock,87.5,338,rock,psychic,125.1,110.6,144,1992393,47.5,1580,Psywave,Weather Ball (Fire),Rock Slide,9,12,3,50000
Zeraora,87.5,807,electric,none,129.4,92.5,105,1256798,26.5,1276,Volt Switch,Plasma Fists,Dynamic Punch,3,3,20,100000
Ampharos,87.4,181,electric,none,121.6,102.3,125,1554960,35,1377,Volt Switch,Brutal Swing,Trailblaze,3,3,5,75000
Mantine,87.4,226,water,flying,110.1,162.9,120,2152235,50,1541,Wing Attack,Twister,Water Pulse,5,7,5,75000
Tapu Lele,87.4,786,psychic,fairy,128.6,108.2,90,1252307,26,1270,Astonish,Nature's Madness,Psyshock,5,4,20,100000
Tyranitar (Shadow),87.4,248,rock,dark,119.4,102.1,112,1365363,24,1278,Dragon Breath,Brutal Swing,Stone Edge,9,14,5,75000
Gastrodon,87.3,423,water,ground,119.2,104.1,169,2097074,47.5,1582,Mud Slap,Body Slam,Earth Power,4,5,3,50000
Guzzlord,87.3,799,dark,dragon,107,63.5,252,1712214,34,1356,Dragon Tail,Brutal Swing,Sludge Bomb,3,5,20,100000
Magmortar (Shadow),87.3,467,fire,none,130.2,95.7,100,1246014,29,1279,Karate Chop,Fire Punch,Thunderbolt,5,7,5,75000
Forretress (Shadow),87.2,205,bug,steel,115.8,145.7,130,2193368,48.5,1596,Volt Switch,Rock Tomb,Sand Tomb,4,3,5,75000
Lunatone,87.2,337,rock,psychic,125.1,110.6,144,1992393,47.5,1580,Psywave,Weather Ball (Ice),Rock Slide,9,12,3,50000
Oranguru,87.2,765,normal,psychic,112.7,135,144,2190888,47,1575,Confusion,Brutal Swing,Trailblaze,3,4,3,75000
Stunfisk,87.2,618,ground,electric,107.4,125.7,172,2322031,50,1581,Thunder Shock,Mud Bomb,Discharge,5,5,5,75000
Emboar (Shadow),87.1,500,fire,fighting,128.2,75.6,137,1327793,31.5,1308,Ember,Blast Burn,Rock Slide,6,5,3,10000
Enamorus (Therian),87.1,905,fairy,flying,127.1,107.3,94,1281956,27,1278,Fairy Wind,Mystical Fire,Moonblast,5,6,20,100000
Fearow,87.1,22,normal,flying,133.1,100,120,1597200,50,1460,Peck,Drill Peck,Drill Run,5,5,1,10000
Metagross,87.1,376,steel,psychic,122.7,113.3,95,1320681,24,1279,Shadow Claw,Meteor Mash,Earthquake,6,9,5,75000
Umbreon,87.1,197,dark,none,95.3,172.3,156,2561550,50,1562,Snarl,Dark Pulse,Last Resort,4,5,5,75000
Bronzong,87,437,steel,psychic,118.3,152.7,122,2203858,50,1616,Confusion,Weather Ball (Water),Bulldoze,3,4,3,50000
Cetitan,87,975,ice,none,110,71.6,187,1472812,29.5,1276,Powder Snow,Icicle Spear,Superpower,5,5,3,50000
Darmanitan (Standard) (Shadow),87,555,fire,none,138.6,67,127,1179347,29.5,1278,Incinerate,Rock Slide,Overheat,3,3,3,50000
Delphox,87,655,fire,psychic,123.5,107.7,101,1343396,30.5,1289,Scratch,Psyshock,Blast Burn,10,13,3,10000
Electrode (Hisuian),87,101,electric,grass,129.1,129.1,114,1900016,50,1571,Thunder Shock,Wild Charge,Energy Ball,5,5,3,50000
Gallade (Shadow),87,475,psychic,fighting,125.6,108.5,95,1294622,29.5,1278,Low Kick,Sacred Sword,Close Combat,5,6,5,75000
Qwilfish (Hisuian),87,211,dark,poison,134.5,112.2,120,1810908,50,1561,Poison Jab,Aqua Tail,Dark Pulse,5,7,3,50000
Skarmory,87,227,steel,flying,110.1,162.9,120,2152235,50,1541,Air Slash,Brave Bird,Drill Run,7,5,5,75000
Barbaracle,86.9,689,rock,water,118.8,130.7,113,1754569,39,1445,Fury Cutter,Cross Chop,Stone Edge,9,14,3,50000
Cresselia,86.9,488,psychic,none,90.1,155.3,156,2182835,36.5,1403,Psycho Cut,Grass Knot,Moonblast,6,6,20,100000
Gourgeist (Super),86.9,711,ghost,grass,113.1,130.8,128,1893565,40.5,1468,Incinerate,Shadow Ball,Seed Bomb,3,2,5,75000
Kingambit,86.9,983,dark,steel,117.1,104.2,114,1391007,25,1279,Low Kick,Foul Play,Iron Head,5,7,5,75000
Conkeldurr,86.8,534,fighting,none,123.8,86.7,123,1320216,27.5,1279,Force Palm,Dynamic Punch,Brutal Swing,5,4,5,75000
Cresselia (Shadow),86.8,488,psychic,none,89.6,148.2,152,2018365,33.5,1345,Psycho Cut,Grass Knot,Moonblast,6,6,20,100000
Dudunsparce,86.8,982,normal,none,113.1,97.2,164,1802904,38,1429,Astonish,Drill Run,Rock Slide,4,5,3,50000
Gogoat,86.7,673,grass,none,114.7,92.3,159,1683303,36,1393,Vine Whip,Leaf Blade,Rock Slide,5,6,3,50000
Groudon (Shadow),86.7,383,ground,none,124.6,105.3,98,1285797,22,1269,Mud Shot,Precipice Blades,Fire Punch,7,5,20,100000
Lokix,86.7,920,bug,dark,138.3,104.7,124,1795521,47.5,1579,Sucker Punch,X-Scissor,Trailblaze,6,7,1,50000
Salazzle,86.7,758,poison,fire,148.3,91.3,116,1570616,44,1530,Incinerate,Poison Fang,Dragon Pulse,2,3,3,50000
Scolipede,86.7,545,bug,poison,134.9,122.5,110,1817778,46.5,1566,Poison Sting,Aqua Tail,Megahorn,4,7,1,10000
Slowbro (Shadow),86.7,80,water,psychic,114.1,121.6,144,1997937,43,1512,Confusion,Drain Punch,Ice Beam,3,4,3,50000
Throh (Shadow),86.7,538,fighting,none,110.9,109,172,2079153,43.5,1522,Low Kick,Brick Break,Body Slam,5,5,5,75000
Barraskewda,86.6,847,water,none,157.4,84.1,101,1336971,39.5,1453,Peck,Aqua Jet,Close Combat,5,6,3,50000
Samurott (Hisuian),86.6,503,water,dark,126.4,95.1,126,1514601,35.5,1385,Fury Cutter,Icy Wind,Dark Pulse,12,12,3,10000
Charizard (Mega Y),86.5,6,fire,flying,139.8,97.4,86,1171021,20.5,1279,Ember,Blast Burn,Air Cutter,6,5,3,10000
Gourgeist (Small),86.5,711,ghost,grass,123.7,157.3,107,2082007,49.5,1609,Incinerate,Shadow Ball,Seed Bomb,3,2,5,75000
Meganium (Shadow),86.5,154,grass,none,114.5,143.8,135,2222789,48.5,1595,Vine Whip,Frenzy Plant,Earthquake,6,9,3,10000
Salamence (Mega),86.5,373,dragon,flying,127.3,107.8,93,1276233,18,1276,Dragon Tail,Fly,Brutal Swing,4,3,5,75000
Hawlucha,86.4,701,fighting,flying,131.1,110,132,1903572,47.5,1581,Low Kick,Flying Press,Aerial Ace,5,6,5,75000
Metagross (Shadow),86.4,376,steel,psychic,122.7,113.3,95,1320681,24,1279,Shadow Claw,Meteor Mash,Earthquake,6,9,5,75000
Skuntank,86.4,435,poison,dark,127,98.7,164,2055724,50,1616,Poison Jab,Crunch,Trailblaze,7,7,3,50000
Medicham (Mega),86.3,308,fighting,psychic,134,124.4,107,1783647,45,1545,Psycho Cut,Dynamic Punch,Ice Punch,5,5,3,50000
Thundurus (Incarnate) (Shadow),86.3,642,electric,flying,135.8,89.2,98,1187109,27.5,1274,Thunder Shock,Thunder Punch,Brick Break,5,5,20,100000
Avalugg,86.2,713,ice,none,102.9,131.2,117,1579556,29,1277,Ice Fang,Icy Wind,Crunch,8,8,3,50000
Dialga,86.2,483,steel,dragon,127.4,102,98,1273490,22.5,1275,Dragon Breath,Iron Head,Draco Meteor,13,17,20,100000
Excadrill (Shadow),86.2,530,ground,steel,132,72.8,128,1230029,28,1278,Mud Shot,Drill Run,Rock Slide,5,5,3,50000
Regirock,86.2,377,rock,none,95.8,168,105,1689912,30,1273,Lock On,Stone Edge,Focus Blast,11,15,20,100000
Urshifu (Single Strike),86.2,892,fighting,dark,126.3,89.9,113,1283044,24.5,1273,Sucker Punch,Payback,Dynamic Punch,9,7,20,100000
Bellossom,86.1,182,grass,none,121.1,133.1,130,2095393,48.5,1596,Acid,Leaf Blade,Dazzling Gleam,5,7,3,50000
Crawdaunt (Shadow),86.1,342,water,dark,146.2,100.6,110,1617849,45,1544,Waterfall,Night Slash,Scald,4,5,3,50000
Muk (Shadow),86.1,89,poison,none,112.8,108.7,144,1765636,37,1411,Poison Jab,Dark Pulse,Thunder Punch,7,6,3,50000
Dragonite,86,149,dragon,flying,125.5,99.7,103,1288772,24,1277,Dragon Breath,Thunder Punch,Superpower,10,10,5,75000
Druddigon,86,621,dragon,none,127.8,106.6,117,1593947,38,1429,Dragon Tail,Night Slash,Rock Tomb,3,5,5,75000
Garganacl,86,934,rock,none,103.8,134.6,142,1983950,38.5,1436,Mud Shot,Rock Tomb,Rock Blast,6,5,5,50000
Kabutops,86,141,rock,water,131.7,117.6,98,1517816,37.5,1420,Fury Cutter,Aqua Jet,Stone Edge,10,14,5,75000
Kilowattrel,86,941,electric,flying,145,94.8,120,1649520,45.5,1550,Thunder Shock,Acrobatics,Aerial Ace,7,5,1,10000
Magneton (Shadow),86,82,electric,steel,144.5,116,96,1609152,44,1527,Volt Switch,Magnet Bomb,Discharge,3,3,3,50000
Magnezone,86,462,electric,steel,124,112.2,94,1307803,28.5,1279,Volt Switch,Wild Charge,Mirror Shot,3,3,3,50000
Venusaur (Shadow),86,3,grass,poison,119,119.6,120,1707888,38,1430,Vine Whip,Frenzy Plant,Sludge,6,5,3,10000
Lugia (Shadow),85.9,249,psychic,flying,96.5,152.3,114,1675452,24.5,1274,Dragon Tail,Fly,Earth Power,4,5,20,100000
Pidgeot (Shadow),85.9,18,normal,flying,122.3,114.2,141,1969299,50,1556,Gust,Brave Bird,Twister,4,3,1,10000
Gourgeist (Large),85.8,711,ghost,grass,116,140.1,123,1998947,44,1526,Incinerate,Shadow Ball,Seed Bomb,3,2,5,75000
Houndoom (Mega),85.8,229,dark,fire,137.1,96.4,90,1189480,23.5,1279,Incinerate,Foul Play,Trailblaze,2,3,3,50000
Xatu (Shadow),85.8,178,psychic,flying,139.9,108.8,120,1826534,50,1600,Peck,Psyshock,Aerial Ace,5,6,3,50000
Gurdurr,85.7,533,fighting,none,131.8,100.7,143,1897933,50,1586,Low Kick,Brick Break,Stone Edge,5,7,5,75000
Rhyperior (Shadow),85.7,464,ground,rock,116.4,96.5,125,1404075,24.5,1279,Mud Slap,Drill Run,Rock Wrecker,4,5,3,50000
Salamence,85.7,373,dragon,flying,133,85.7,108,1230995,24,1279,Dragon Tail,Fly,Brutal Swing,4,3,5,75000
Xerneas,85.7,716,fairy,none,120.1,94.1,120,1356169,24.5,1277,Geomancy,Close Combat,Moonblast,4,4,20,100000
Aerodactyl (Shadow),85.6,142,rock,flying,129,99.2,117,1497226,36,1393,Dragon Breath,Rock Slide,Brutal Swing,12,9,5,75000
Crobat (Shadow),85.6,169,poison,flying,120.4,115.6,128,1781535,40.5,1469,Gust,Poison Fang,Shadow Ball,3,4,1,10000
Pinsir (Shadow),85.6,127,bug,none,131.8,105.7,96,1337401,32.5,1330,Fury Cutter,Close Combat,X-Scissor,12,10,5,75000
Venusaur,85.6,3,grass,poison,119,119.6,120,1707888,38,1430,Vine Whip,Frenzy Plant,Sludge,6,5,3,10000
Altaria (Shadow),85.5,334,dragon,flying,105.4,146,132,2031269,50,1465,Dragon Breath,Moonblast,Flamethrower,13,14,1,10000
Machoke (Shadow),85.5,67,fighting,none,129.7,94.6,138,1693208,50,1485,Karate Chop,Cross Chop,Dynamic Punch,4,5,3,50000
Metagross (Mega),85.5,376,steel,psychic,125,124.5,83,1291688,18.5,1276,Shadow Claw,Meteor Mash,Earthquake,6,9,5,75000
Toedscruel,85.5,949,ground,grass,112.6,147.6,135,2243668,48,1589,Mud Slap,Seed Bomb,Earth Power,4,5,3,50000
Ceruledge,85.4,937,fire,ghost,125.6,102.9,100,1292424,29,1279,Incinerate,Shadow Ball,Flame Charge,3,3,5,50000
Giratina (Origin),85.4,487,ghost,dragon,110.4,96,140,1483776,25,1279,Shadow Claw,Shadow Ball,Dragon Pulse,7,7,20,100000
Gourgeist (Average),85.4,711,ghost,grass,119.7,151.9,117,2127344,49,1601,Incinerate,Shadow Ball,Seed Bomb,3,2,5,75000
Shelgon,85.4,372,dragon,none,126.4,114.9,120,1742803,50,1485,Dragon Breath,Twister,Flamethrower,10,14,5,75000
Vikavolt (Shadow),85.4,738,bug,electric,133.9,88.2,103,1216428,29.5,1278,Volt Switch,X-Scissor,Discharge,3,3,1,10000
Zebstrika (Shadow),85.4,523,electric,none,140.9,98.9,126,1755811,47,1575,Low Kick,Wild Charge,Discharge,6,5,3,50000
Abomasnow (Mega),85.3,460,grass,ice,121.2,100.8,110,1343866,27,1277,Powder Snow,Weather Ball (Ice),Energy Ball,5,6,3,50000
Deoxys (Defense),85.3,386,psychic,none,104.7,231.8,102,2475485,50,1610,Low Kick,Psycho Boost,Thunderbolt,5,7,20,100000
Gholdengo,85.3,1000,steel,ghost,124.7,99.4,105,1301494,26,1278,Hex,Shadow Ball,Power Gem,4,4,5,10000
Glalie (Shadow),85.3,362,ice,none,119.6,119.6,138,1973974,50,1539,Powder Snow,Avalanche,Shadow Ball,6,7,3,50000
Hitmonlee,85.3,106,fighting,none,141.2,120.8,92,1569240,42,1495,Low Kick,Close Combat,Blaze Kick,6,5,5,75000
Blastoise (Mega),85.2,9,water,none,122.8,115.5,93,1319056,23,1273,Rollout,Hydro Cannon,Skull Bash,4,6,3,10000
Mandibuzz,85.2,630,dark,flying,97.3,148.7,173,2503052,50,1563,Snarl,Dark Pulse,Shadow Ball,4,4,5,75000
Mienshao,85.2,620,fighting,none,153.9,81.9,104,1310859,37.5,1421,Force Palm,Brutal Swing,Brick Break,4,4,3,50000
Mismagius,85.2,429,ghost,none,131.6,122.4,103,1659108,41,1480,Hex,Shadow Ball,Mystical Fire,4,4,3,50000
Moltres (Shadow),85.2,146,fire,flying,126.2,93.6,107,1263918,26,1266,Wing Attack,Fly,Heat Wave,6,6,20,100000
Darmanitan (Standard),85.1,555,fire,none,138.6,67,127,1179347,29.5,1278,Incinerate,Rock Slide,Overheat,3,3,3,50000
Gyarados (Mega),85.1,130,water,dark,124.9,107.6,97,1303606,19.5,1279,Dragon Breath,Aqua Tail,Crunch,9,12,1,10000
Kleavor,85.1,900,bug,rock,132.8,97.3,95,1227537,29,1277,Fury Cutter,X-Scissor,Stone Edge,10,14,5,75000
Poliwrath (Shadow),85.1,62,water,fighting,115.2,122.6,137,1934922,42,1495,Counter,Icy Wind,Scald,8,9,3,50000
Rayquaza (Mega),85.1,384,dragon,flying,145.6,84.9,90,1112530,16,1276,Dragon Tail,Dragon Ascent,Breaking Swipe,4,5,20,100000
Pidgeot,85,18,normal,flying,122.3,114.2,141,1969299,50,1556,Gust,Twister,Brave Bird,3,4,1,10000
Toxicroak,85,454,poison,fighting,137.1,94.3,133,1719494,44.5,1536,Poison Sting,Dynamic Punch,Shadow Ball,5,6,3,50000
Aggron,84.9,306,steel,rock,108.9,145.9,99,1572962,31.5,1309,Metal Sound,Brick Break,Meteor Beam,5,8,1,10000
Chesnaught (Shadow),84.9,652,grass,fighting,112.5,120.2,118,1595655,33,1340,Low Kick,Frenzy Plant,Superpower,6,5,3,10000
Escavalier (Shadow),84.9,589,bug,steel,125.6,111.7,103,1445041,33.5,1349,Bug Bite,Drill Run,Razor Shell,14,12,3,50000
Heracross (Mega),84.9,214,bug,fighting,140.8,98.3,83,1148773,19,1277,Fury Cutter,Rock Tomb,Upper Hand,13,10,3,50000
Keldeo (Resolute),84.9,647,water,fighting,126.9,96.4,103,1260015,24,1270,Low Kick,Secret Sword,Aqua Jet,5,5,20,100000
Arctibax,84.8,997,dragon,ice,127,96.6,150,1840230,50,1529,Dragon Breath,Avalanche,Dragon Claw,12,13,5,75000
Solgaleo,84.8,791,psychic,steel,119.2,93.5,123,1370860,23,1279,Fire Spin,Psychic Fangs,Iron Head,4,5,20,100000
Tapu Fini,84.8,788,water,fairy,109.7,149.8,105,1725471,35,1376,Water Gun,Surf,Nature's Madness,15,17,20,100000
Landorus (Therian),84.7,645,ground,flying,135.2,88.9,99,1189909,23,1271,Mud Shot,Sandsear Storm,Stone Edge,5,7,20,100000
Raichu (Alolan),84.7,26,electric,psychic,142.5,111,113,1787378,49,1601,Volt Switch,Volt Tackle,Psyshock,3,3,1,10000
Togedemaru,84.7,777,electric,steel,138.5,108.1,120,1796622,50,1579,Thunder Shock,Fell Stinger,Wild Charge,4,5,3,50000
Victreebel (Mega),84.7,71,grass,poison,131.1,95,99,1232996,26,1277,Acid,Leaf Blade,Sludge Bomb,5,7,3,50000
Enamorus (Incarnate),84.6,905,fairy,flying,142,86.9,93,1147601,27,1279,Fairy Wind,Fly,Dazzling Gleam,5,7,20,100000
Froslass (Shadow),84.6,478,ice,ghost,125.7,111.5,126,1765959,50,1491,Powder Snow,Avalanche,Shadow Ball,6,7,3,50000
Altaria,84.5,334,dragon,flying,105.4,146,132,2031269,50,1465,Dragon Breath,Moonblast,Flamethrower,13,14,1,10000
Articuno (Galarian),84.5,144,psychic,flying,123.1,100.4,106,1310079,25.5,1273,Psycho Cut,Fly,Brave Bird,5,7,20,100000
Groudon (Primal),84.5,383,fire,ground,135.1,102.3,87,1202404,15.5,1276,Mud Shot,Fire Punch,Precipice Blades,5,7,20,100000
Pidgeot (Mega),84.5,18,normal,flying,135.7,89.8,98,1194214,25,1279,Gust,Brave Bird,Twister,4,3,1,10000
Torterra (Shadow),84.5,389,grass,ground,113.9,112.3,125,1598871,33.5,1349,Mud Slap,Frenzy Plant,Sand Tomb,5,5,3,10000
Audino (Mega),84.4,531,normal,fairy,96.8,162.2,157,2465051,45,1544,Charge Beam,Disarming Voice,Body Slam,5,4,3,50000
Banette (Shadow),84.4,354,ghost,none,152.1,92.9,116,1639090,47.5,1583,Shadow Claw,Shadow Ball,Dazzling Gleam,7,7,3,50000
Coalossal,84.4,839,rock,fire,102.2,143.2,172,2517227,49.5,1607,Fire Spin,Rock Slide,Flame Charge,5,5,3,10000
Garchomp (Mega),84.4,445,dragon,ground,134.3,92,98,1210849,16.5,1276,Dragon Tail,Twister,Sand Tomb,4,4,5,75000
Hariyama (Shadow),84.4,297,fighting,none,121,72.4,179,1568112,35,1377,Force Palm,Upper Hand,Heavy Slam,4,5,3,50000
Jirachi,84.4,385,steel,psychic,111.3,110.8,118,1455181,27.5,1275,Confusion,Doom Desire,Aura Sphere,3,3,20,100000
Kartana,84.4,798,grass,steel,156.2,91.7,73,1045618,25,1279,Fury Cutter,Leaf Blade,Sacred Sword,9,9,20,100000
Mewtwo (Armored),84.4,150,psychic,none,96.5,149.5,116,1673503,29.5,1275,Confusion,Psystrike,Dynamic Punch,4,4,20,100000
Sliggoo,84.4,705,dragon,none,117.6,129.1,124,1882588,50,1489,Dragon Breath,Body Slam,Dragon Pulse,10,14,5,75000
Ursaring,84.4,217,normal,none,130.3,86,119,1333490,32,1320,Shadow Claw,Swift,Close Combat,5,6,3,50000
Crobat,84.3,169,poison,flying,120.4,115.6,128,1781535,40.5,1469,Gust,Poison Fang,Shadow Ball,3,4,1,10000
Steelix (Mega),84.3,208,steel,ground,103.7,162.9,93,1571024,25,1277,Thunder Fang,Psychic Fangs,Crunch,6,8,5,75000
Vikavolt,84.3,738,bug,electric,133.9,88.2,103,1216428,29.5,1278,Volt Switch,X-Scissor,Fly,3,3,1,10000
Wailord (Shadow),84.3,321,water,none,124.5,67.9,240,2028852,48.5,1591,Rollout,Scald,Blizzard,4,6,1,10000
Absol (Mega),84.2,359,dark,none,159.4,72.2,89,1024273,27.5,1278,Psycho Cut,Brutal Swing,Megahorn,4,7,5,75000
Magmar (Shadow),84.2,126,fire,none,139,111.9,116,1804276,48,1587,Karate Chop,Fire Punch,Scorching Sands,5,6,5,75000
Manectric,84.2,310,electric,none,147.8,92,121,1645310,46,1560,Snarl,Wild Charge,Psychic Fangs,4,3,3,50000
Meganium,84.2,154,grass,none,114.5,143.8,135,2222789,48.5,1595,Vine Whip,Frenzy Plant,Earthquake,6,9,3,10000
Sinistcha,84.2,1013,grass,ghost,124.3,111.4,101,1398549,32,1319,Astonish,Energy Ball,Shadow Ball,5,5,3,50000
Throh,84.2,538,fighting,none,110.9,109,172,2079153,43.5,1522,Low Kick,Focus Blast,Body Slam,10,5,5,75000
Zygarde (50% Forme),84.2,718,dragon,ground,104.8,119.1,123,1535247,26.5,1272,Dragon Tail,Crunch,Earthquake,4,6,20,100000
Aerodactyl,84.1,142,rock,flying,129,99.2,117,1497226,36,1393,Dragon Breath,Rock Slide,Brutal Swing,12,9,5,75000
Glalie,84.1,362,ice,none,119.6,119.6,138,1973974,50,1539,Powder Snow,Avalanche,Shadow Ball,6,7,3,50000
Virizion,84.1,640,grass,fighting,105.4,129.8,117,1600668,31,1298,Double Kick,Leaf Blade,Sacred Sword,3,3,20,100000
Darkrai,84,491,dark,none,138.1,97.8,86,1161531,24,1271,Sucker Punch,Foul Play,Shadow Ball,6,8,20,100000
Heatran (Shadow),84,485,fire,steel,122.2,106.3,101,1311976,24,1269,Fire Spin,Magma Storm,Earth Power,4,5,20,100000
Registeel,84,379,steel,none,98.3,194.7,136,2602905,49,1602,Lock On,Flash Cannon,Focus Blast,13,15,20,100000
Escavalier,83.9,589,bug,steel,125.6,111.7,103,1445041,33.5,1349,Bug Bite,Razor Shell,Drill Run,12,14,3,50000
Bewear (Shadow),83.8,760,normal,fighting,119.4,80.5,142,1364861,29.5,1279,Low Kick,Superpower,Stomp,5,5,1,10000
Electabuzz (Shadow),83.8,125,electric,none,136.8,112.7,115,1772996,46.5,1564,Thunder Shock,Thunder Punch,Thunderbolt,5,7,5,75000
Landorus (Incarnate) (Shadow),83.8,645,ground,flying,129.6,92.6,105,1260101,26,1279,Mud Shot,Earth Power,Rock Slide,6,5,20,100000
Cinderace,83.7,815,fire,none,129.3,94.2,107,1303266,31,1300,Fire Spin,Blast Burn,Pyro Ball,5,4,3,10000
Gengar,83.7,94,ghost,poison,146,90,93,1222020,33,1338,Shadow Claw,Shadow Punch,Dark Pulse,5,6,3,50000
Houndstone,83.7,972,ghost,none,121.1,133.9,120,1945835,44.5,1538,Bite,Shadow Ball,Psychic Fangs,13,9,3,50000
Rayquaza,83.7,384,dragon,flying,133.4,85.7,105,1200400,23.5,1269,Dragon Tail,Breaking Swipe,Dragon Ascent,5,4,20,100000
Slowbro,83.7,80,water,psychic,114.1,121.6,144,1997937,43,1512,Confusion,Drain Punch,Ice Beam,3,4,3,50000
Cacturne (Shadow),83.6,332,grass,dark,155.1,86.5,122,1636770,48.5,1596,Sucker Punch,Dark Pulse,Trailblaze,7,7,3,50000
Froslass,83.6,478,ice,ghost,125.7,111.5,126,1765959,50,1491,Powder Snow,Avalanche,Shadow Ball,6,7,3,50000
Raichu,83.6,26,electric,none,140.6,112.2,114,1798386,50,1595,Volt Switch,Trailblaze,Volt Tackle,3,3,1,10000
Torterra,83.6,389,grass,ground,113.9,112.3,125,1598871,33.5,1349,Mud Slap,Frenzy Plant,Sand Tomb,5,5,3,10000
Aggron (Shadow),83.5,306,steel,rock,108.9,145.9,99,1572962,31.5,1309,Metal Sound,Brick Break,Meteor Beam,5,8,1,10000
Chesnaught (Mega),83.5,652,grass,fighting,111.5,132.8,98,1451106,22.5,1277,Low Kick,Thunder Punch,Superpower,5,5,3,10000
Lurantis,83.5,754,grass,none,129.8,121.8,123,1944586,48,1589,Leafage,Leaf Blade,Superpower,5,5,3,50000
Scyther (Shadow),83.5,123,bug,flying,130.8,108.4,110,1559659,38,1429,Fury Cutter,X-Scissor,Night Slash,10,9,5,75000
Amoonguss,83.4,591,grass,poison,114.9,104.1,178,2129074,50,1565,Astonish,Foul Play,Grass Knot,4,5,3,50000
Gengar (Mega),83.3,94,ghost,poison,154.6,93.7,73,1057479,21,1279,Shadow Claw,Shadow Punch,Dark Pulse,5,6,3,50000
Gigalith,83.3,526,rock,none,117.3,110.2,107,1383131,28.5,1277,Lock On,Superpower,Meteor Beam,8,12,3,50000
Necrozma (Dusk Mane),83.3,800,psychic,steel,127.4,106.5,94,1275401,22.5,1279,Shadow Claw,Dark Pulse,Sunsteel Strike,6,9,20,100000
Avalugg (Hisuian),83.2,713,ice,rock,108.2,123.5,113,1509985,26.5,1279,Powder Snow,Rock Slide,Icy Wind,6,6,3,50000
Dubwool,83.2,832,normal,none,117.6,143.9,129,2183021,50,1602,Double Kick,Body Slam,Wild Charge,4,4,3,10000
Torkoal,83.2,324,fire,none,112.2,147.3,126,2082410,50,1530,Ember,Flame Wheel,Overheat,5,7,3,50000
Venusaur (Mega),83.2,3,grass,poison,117.1,122.3,97,1389169,25,1278,Vine Whip,Frenzy Plant,Sludge,6,5,3,10000
Cacturne,83.1,332,grass,dark,155.1,86.5,122,1636770,48.5,1596,Sucker Punch,Dark Pulse,Trailblaze,7,7,3,50000
Chesnaught,83.1,652,grass,fighting,112.5,120.2,118,1595655,33,1340,Low Kick,Frenzy Plant,Superpower,6,5,3,10000
Fraxure (Shadow),83.1,611,dragon,none,152,93.3,120,1701792,50,1614,Dragon Tail,Aqua Tail,Night Slash,3,3,5,75000
Glalie (Mega),83.1,362,ice,none,131,92.5,103,1248103,28,1279,Powder Snow,Avalanche,Shadow Ball,6,7,3,50000
Klefki,83.1,707,steel,fairy,118.3,131.1,110,1706004,50,1425,Astonish,Foul Play,Draining Kiss,4,6,3,50000
Kyogre,83.1,382,water,none,124.2,107.4,98,1307230,22.5,1276,Waterfall,Avalanche,Origin Pulse,5,6,20,100000
Manectric (Mega),83.1,310,electric,none,139.9,93.1,89,1159197,25.5,1279,Snarl,Wild Charge,Psychic Fangs,4,3,3,50000
Qwilfish,83.1,211,water,poison,134.5,103.4,120,1668876,50,1499,Poison Sting,Aqua Tail,Shadow Ball,4,6,3,50000
Poliwrath,83,62,water,fighting,115.2,122.6,137,1934922,42,1495,Counter,Icy Wind,Scald,8,9,3,50000
Tyranitar,83,248,rock,dark,119.4,102.1,112,1365363,24,1278,Dragon Breath,Brutal Swing,Stone Edge,9,14,5,75000
Bruxish,82.9,779,water,psychic,140.4,105.3,121,1788879,48,1589,Confusion,Aqua Tail,Psychic Fangs,3,3,3,50000
Sawk (Shadow),82.9,539,fighting,none,134.9,95.1,111,1424018,35.5,1386,Low Kick,Brick Break,Body Slam,5,5,5,75000
Swanna (Shadow),82.9,581,water,flying,133.1,99.3,132,1744622,50,1526,Gust,Aqua Jet,Fly,3,4,3,50000
Muk,82.8,89,poison,none,112.8,108.7,144,1765636,37,1411,Poison Jab,Thunder Punch,Dark Pulse,6,7,3,50000
Sableye (Mega),82.8,302,dark,ghost,112.2,156.1,102,1786471,50,1420,Shadow Claw,Foul Play,Shadow Sneak,5,7,5,75000
Sceptile (Shadow),82.6,254,grass,none,132,106.4,107,1502794,37,1411,Fury Cutter,Leaf Blade,Breaking Swipe,9,13,3,10000
Decidueye (Hisuian),82.5,724,grass,fighting,120.6,104,120,1505088,33.5,1350,Psycho Cut,Aura Sphere,Trailblaze,5,5,3,10000
Exeggutor (Alolan) (Shadow),82.5,103,grass,dragon,124.1,87.9,120,1309007,30,1279,Dragon Tail,Seed Bomb,Draco Meteor,4,6,3,50000
Regirock (Shadow),82.5,377,rock,none,96.8,165.4,104,1665115,30,1271,Lock On,Stone Edge,Focus Blast,11,15,20,100000
Tangrowth (Shadow),82.5,465,grass,none,112.3,105.4,127,1503225,31,1299,Infestation,Power Whip,Rock Slide,5,4,3,50000
Victini,82.5,494,psychic,fire,111.3,110.8,118,1455181,27.5,1275,Confusion,V-Create,Psyshock,3,3,20,100000
Absol,82.4,359,dark,none,155.7,84.1,110,1440381,42.5,1504,Psycho Cut,Brutal Swing,Megahorn,4,7,5,75000
Ampharos (Mega),82.4,181,electric,dragon,132,96.2,97,1231745,21.5,1278,Volt Switch,Brutal Swing,Trailblaze,3,3,5,75000
Slowbro (Mega),82.4,80,water,psychic,107.8,129.6,108,1508855,24.5,1277,Confusion,Drain Punch,Ice Beam,3,4,3,50000
Staraptor,82.4,398,normal,flying,134.2,87,119,1389373,34.5,1368,Wing Attack,Fly,Close Combat,6,6,1,10000
Dewgong,82.3,87,water,ice,104.1,129.7,150,2025265,50,1451,Ice Shard,Icy Wind,Drill Run,5,4,3,50000
Flapple,82.3,841,grass,dragon,140.5,101.8,119,1702045,45.5,1552,Dragon Breath,Fly,Seed Bomb,12,10,5,75000
Leavanny,82.3,542,bug,grass,128.7,110.8,120,1711195,41.5,1487,Shadow Claw,Leaf Blade,X-Scissor,5,5,1,10000
Mewtwo (Mega X),82.2,150,psychic,fighting,149.2,84.4,86,1082953,15,1277,Psycho Cut,Psystrike,Shadow Ball,5,6,20,100000
Weavile (Shadow),82.2,461,dark,ice,132.5,98.7,99,1294697,31.5,1310,Snarl,Avalanche,Foul Play,4,4,3,50000
Gigalith (Shadow),82.1,526,rock,none,117.3,110.2,107,1383131,28.5,1277,Lock On,Meteor Beam,Superpower,12,8,3,50000
Haxorus,82.1,612,dragon,none,139,89.3,94,1166794,25.5,1277,Dragon Tail,Night Slash,Dragon Claw,3,5,5,75000
Masquerain,82.1,284,bug,flying,136.5,109.7,125,1871756,49,1598,Infestation,Air Cutter,Lunge,4,4,1,10000
Sneasler,82.1,903,fighting,poison,134.2,86.7,104,1210055,28.5,1277,Shadow Claw,Close Combat,X-Scissor,6,5,5,75000
Xatu,82.1,178,psychic,flying,139.9,108.8,120,1826534,50,1600,Peck,Psyshock,Aerial Ace,5,6,3,50000
Dipplin,82,1011,grass,dragon,118.4,133.1,137,2158988,49,1599,Dragon Tail,Seed Bomb,Outrage,4,5,5,75000
Hariyama,82,297,fighting,none,121,72.4,179,1568112,35,1377,Force Palm,Upper Hand,Heavy Slam,4,5,3,50000
Hydrapple,82,1019,grass,dragon,112.7,101,127,1445603,28.5,1279,Dragon Tail,Seed Bomb,Outrage,4,5,5,75000
Scrafty,82,560,dark,fighting,117.7,157.3,119,2203191,49.5,1609,Counter,Foul Play,Thunder Punch,7,7,3,50000
Urshifu (Rapid Strike),82,892,fighting,water,126.3,89.9,113,1283044,24.5,1273,Waterfall,Aqua Jet,Dynamic Punch,4,5,20,100000
Alakazam (Shadow),81.9,65,psychic,none,144.5,93.7,83,1123791,30,1279,Psycho Cut,Fire Punch,Shadow Ball,5,6,3,50000
Magmortar,81.9,467,fire,none,130.2,95.7,100,1246014,29,1279,Karate Chop,Fire Punch,Thunderbolt,5,7,5,75000
Rhyperior,81.9,464,ground,rock,116.4,96.5,125,1404075,24.5,1279,Mud Slap,Drill Run,Rock Wrecker,4,5,3,50000
Squawkabilly,81.9,931,normal,flying,135.1,81.1,140,1533925,50,1442,Peck,Brave Bird,Fly,7,6,3,75000
Uxie,81.9,480,psychic,none,104.3,181.8,124,2351256,46.5,1568,Confusion,Swift,Future Sight,3,5,20,100000
Emboar,81.8,500,fire,fighting,128.2,75.6,137,1327793,31.5,1308,Ember,Blast Burn,Rock Slide,6,5,3,10000
Exeggutor (Alolan),81.8,103,grass,dragon,124.1,87.9,120,1309007,30,1279,Dragon Tail,Seed Bomb,Draco Meteor,4,6,3,50000
Lopunny (Mega),81.8,428,normal,fighting,135.3,108.3,82,1201545,24.5,1277,Low Kick,Triple Axel,Thunder Punch,6,5,3,50000
Slowbro (Galarian),81.8,80,poison,psychic,121.2,110.8,150,2014344,46.5,1565,Confusion,Drain Punch,Sludge Bomb,3,4,3,50000
Kyurem (Black),81.7,646,dragon,ice,134.6,82.7,109,1213325,19.5,1279,Dragon Tail,Freeze Shock,Fusion Bolt,5,4,20,100000
Magmar,81.7,126,fire,none,139,111.9,116,1804276,48,1587,Karate Chop,Fire Punch,Scorching Sands,5,6,5,75000
Stoutland,81.7,508,normal,none,119.3,110.8,120,1586213,35,1378,Take Down,Wild Charge,Crunch,5,5,1,10000
Zekrom,81.7,644,dragon,electric,127.4,102,98,1273490,22.5,1275,Dragon Breath,Crunch,Wild Charge,12,12,20,100000
Sceptile,81.6,254,grass,none,132,106.4,107,1502794,37,1411,Fury Cutter,Leaf Blade,Breaking Swipe,9,13,3,10000
Dewgong (Shadow),81.5,87,water,ice,104.1,129.7,150,2025265,50,1451,Ice Shard,Icy Wind,Drill Run,5,4,3,50000
Golem (Alolan) (Shadow),81.5,76,rock,electric,117.1,116,111,1507780,32.5,1330,Volt Switch,Wild Charge,Rock Blast,3,3,1,10000
Falinks (Mega),81.4,870,fighting,none,129.5,116.1,84,1262936,25,1279,Counter,Superpower,Megahorn,7,10,5,75000
Hatterene,81.3,858,psychic,fairy,135.3,110.6,92,1376705,34.5,1364,Psycho Cut,Psyshock,Power Whip,5,6,5,50000
Quagsire (Shadow),81.3,195,water,ground,112.8,106.8,156,1879338,50,1456,Mud Shot,Aqua Tail,Stone Edge,4,7,3,50000
Rapidash (Galarian),81.3,78,psychic,fairy,136.8,113.4,114,1768496,46,1560,Fairy Wind,Body Slam,Wild Charge,5,5,3,50000
Sandaconda,81.3,844,ground,none,118.1,127.3,109,1638720,36,1394,Mud Slap,Earth Power,Wrap,5,5,3,50000
Sirfetch'd,81.3,865,fighting,none,135.2,101.9,92,1267473,31.5,1310,Fury Cutter,Leaf Blade,Close Combat,9,12,3,50000
Thundurus (Incarnate),81.2,642,electric,flying,135.8,89.2,98,1187109,27.5,1274,Thunder Shock,Crunch,Thunder,5,7,20,100000
Girafarig (Shadow),81.1,203,normal,psychic,133.1,100,126,1677060,50,1496,Confusion,Psychic Fangs,Trailblaze,3,4,3,50000
Venomoth (Shadow),81.1,49,bug,poison,131.1,106.8,126,1764186,50,1522,Infestation,Silver Wind,Poison Fang,4,4,3,50000
Crawdaunt,81,342,water,dark,146.2,100.6,110,1617849,45,1544,Waterfall,Night Slash,Crabhammer,4,5,3,50000
Gallade,81,475,psychic,fighting,125.6,108.5,95,1294622,29.5,1278,Low Kick,Sacred Sword,Leaf Blade,5,5,5,75000
Pinsir,81,127,bug,none,131.8,105.7,96,1337401,32.5,1330,Fury Cutter,Close Combat,X-Scissor,12,10,5,75000
Serperior,81,497,grass,none,115.8,145.7,130,2193368,48.5,1596,Vine Whip,Frenzy Plant,Aerial Ace,6,6,3,10000
Sharpedo (Mega),81,319,water,dark,148.2,78.9,94,1099140,28,1279,Waterfall,Crunch,Poison Fang,5,4,3,50000
Vigoroth (Shadow),81,288,normal,none,117.6,108.1,138,1754333,50,1438,Scratch,Body Slam,Rock Slide,10,12,5,75000
Groudon,80.9,383,ground,none,124.2,107.4,98,1307230,22.5,1276,Mud Shot,Precipice Blades,Fire Punch,7,5,20,100000
Regieleki,80.9,894,electric,none,143.1,78.6,115,1293481,34.5,1361,Volt Switch,Thunder Cage,Hyper Beam,3,5,20,100000
Armaldo (Shadow),80.8,348,rock,bug,127,104.8,109,1450746,34,1358,Fury Cutter,Rock Blast,Liquidation,10,12,3,50000
Dachsbun,80.8,927,fairy,none,117.6,153.4,110,1984382,50,1532,Charm,Psychic Fangs,Body Slam,5,5,3,50000
Durant,80.8,632,bug,steel,132.7,121.9,98,1585261,39.5,1454,Bug Bite,X-Scissor,Iron Head,14,17,3,50000
Magneton,80.8,82,electric,steel,144.5,116,96,1609152,44,1527,Volt Switch,Magnet Bomb,Discharge,3,3,3,50000
Serperior (Shadow),80.8,497,grass,none,115.8,145.7,130,2193368,48.5,1596,Vine Whip,Frenzy Plant,Leaf Tornado,6,5,3,10000
Tyranitar (Mega),80.8,248,rock,dark,123.3,114.7,93,1315253,17,1278,Dragon Breath,Brutal Swing,Stone Edge,9,14,5,75000
Vespiquen,80.8,416,bug,flying,110.8,138.5,126,1933571,50,1466,Fury Cutter,X-Scissor,Power Gem,10,13,3,50000
Aerodactyl (Mega),80.7,142,rock,flying,133.1,100.4,91,1216055,22,1278,Dragon Breath,Rock Slide,Brutal Swing,12,9,5,75000
Kyurem (White),80.6,646,dragon,ice,134.6,82.7,109,1213325,19.5,1279,Dragon Breath,Fusion Flare,Ice Burn,12,15,20,100000
Meowscarada,80.6,908,grass,dark,133.6,94.3,111,1398431,34.5,1367,Leafage,Night Slash,Frenzy Plant,5,6,3,10000
Necrozma (Dawn Wings),80.6,800,psychic,ghost,127.4,106.5,94,1275401,22.5,1279,Shadow Claw,Dark Pulse,Moongeist Beam,6,9,20,100000
Regice,80.6,378,ice,none,95.8,168,105,1689912,30,1273,Lock On,Thunder,Blizzard,12,15,20,100000
Typhlosion (Hisuian),80.6,157,fire,ghost,128.8,98.7,101,1283969,30.5,1287,Ember,Fire Punch,Wild Charge,5,5,3,10000
Kangaskhan (Mega),80.5,115,normal,none,117,104.9,113,1386883,24,1278,Low Kick,Brick Break,Crunch,5,6,3,50000
Moltres,80.5,146,fire,flying,126.6,97.3,104,1281091,27,1278,Wing Attack,Fly,Heat Wave,6,6,20,100000
Porygon2 (Shadow),80.5,233,normal,none,119,114.9,125,1709138,38,1428,Lock On,Tri Attack,Zap Cannon,10,16,3,50000
Scyther,80.5,123,bug,flying,130.8,108.4,110,1559659,38,1429,Fury Cutter,X-Scissor,Night Slash,10,9,5,75000
Zebstrika,80.5,523,electric,none,140.9,98.9,126,1755811,47,1575,Low Kick,Wild Charge,Discharge,6,5,3,50000
Thundurus (Therian),80.4,642,electric,flying,143.8,82.7,95,1129765,25,1278,Volt Switch,Wildbolt Storm,Focus Blast,3,5,20,100000
Mewtwo (Shadow),80.3,150,psychic,none,137.4,85.1,100,1169274,21.5,1270,Psycho Cut,Psystrike,Shadow Ball,5,6,20,100000
Rotom (Heat),80.3,479,electric,fire,128.8,144.9,92,1717007,42,1494,Thunder Shock,Overheat,Thunderbolt,7,7,5,75000
Volcanion,80.3,721,fire,water,125,108.1,95,1283688,24,1273,Incinerate,Scald,Overheat,3,3,20,100000
Meloetta (Aria),80.2,648,normal,psychic,117.9,107.4,108,1367546,22.5,1271,Confusion,Psyshock,Dazzling Gleam,3,4,20,100000
Orbeetle,80.2,826,bug,psychic,114.9,172.3,114,2256889,50,1611,Confusion,Psyshock,Bug Buzz,3,5,1,10000
Eternatus,80.1,890,poison,dragon,124.8,88,119,1306906,20,1278,Dragon Tail,Dynamax Cannon,Sludge Bomb,4,5,20,100000
Mudsdale,80.1,750,ground,none,116,98.4,127,1449629,31,1300,Mud Slap,Bulldoze,Body Slam,6,4,3,50000
Banette,80,354,ghost,none,151.3,94.8,119,1706846,49.5,1606,Shadow Claw,Shadow Ball,Dazzling Gleam,7,7,3,50000
Claydol,80,344,ground,psychic,104.7,164.9,114,1968213,50,1441,Mud Slap,Ice Beam,Rock Tomb,6,5,3,50000
Tauros (Aqua),80,128,fighting,water,121,117.6,110,1565256,35,1377,Double Kick,Aqua Jet,Trailblaze,4,4,3,50000
Heatran,79.9,485,fire,steel,120.6,107.8,103,1339070,24.5,1274,Fire Spin,Magma Storm,Earth Power,4,5,20,100000
Lunala,79.9,792,psychic,ghost,119.2,93.5,123,1370860,23,1279,Shadow Claw,Shadow Ball,Moonblast,7,7,20,100000
Machoke,79.8,67,fighting,none,129.7,94.6,138,1693208,50,1485,Karate Chop,Cross Chop,Dynamic Punch,4,5,3,50000
Pinsir (Mega),79.8,127,bug,flying,138.5,109.4,77,1166696,22,1279,Fury Cutter,Close Combat,X-Scissor,12,10,5,75000
Porygon2,79.8,233,normal,none,119,114.9,125,1709138,38,1428,Lock On,Tri Attack,Zap Cannon,10,16,3,50000
Sharpedo (Shadow),79.8,319,water,dark,174.3,66.2,126,1453871,50,1594,Bite,Crunch,Poison Fang,12,10,3,50000
Vaporeon,79.8,134,water,none,108.5,91.4,151,1497452,29.5,1276,Water Gun,Aqua Tail,Liquidation,12,15,5,75000
Whiscash (Shadow),79.8,340,water,ground,112.2,105.4,173,2045877,50,1517,Mud Shot,Mud Bomb,Scald,5,6,1,10000
Chimecho,79.7,358,psychic,none,126.4,123.7,132,2063910,50,1617,Astonish,Psyshock,Energy Ball,4,5,5,75000
Excadrill,79.6,530,ground,steel,132,72.8,128,1230029,28,1278,Mud Shot,Drill Run,Rock Slide,5,5,3,50000
Mewtwo,79.6,150,psychic,none,136.5,86.4,101,1191154,21.5,1275,Psycho Cut,Psystrike,Shadow Ball,5,6,20,100000
Pyroar,79.6,668,fire,normal,129.9,94.1,124,1515725,36.5,1404,Incinerate,Flame Charge,Dark Pulse,3,3,3,10000
Ribombee,79.6,743,bug,fairy,143.9,108.8,114,1784820,50,1609,Fairy Wind,Draining Kiss,Bug Buzz,7,7,1,10000
Regice (Shadow),79.5,378,ice,none,96.8,165.4,104,1665115,30,1271,Lock On,Thunder,Blizzard,12,15,20,100000
Relicanth,79.5,369,water,rock,105.8,138.3,152,2224085,44.5,1536,Water Gun,Aqua Tail,Ancient Power,12,15,5,75000
Venomoth,79.5,49,bug,poison,131.1,106.8,126,1764186,50,1522,Infestation,Silver Wind,Poison Fang,4,4,3,50000
Comfey,79.4,764,fairy,none,121.6,155.4,104,1965251,50,1546,Vine Whip,Draining Kiss,Grass Knot,7,7,3,50000
Donphan,79.4,232,ground,none,116,106.4,117,1444061,31,1297,Mud Slap,Earthquake,Trailblaze,7,5,3,50000
Landorus (Incarnate),79.4,645,ground,flying,129.6,92.6,105,1260101,26,1279,Mud Shot,Earth Power,Rock Slide,6,5,20,100000
Noctowl,79.4,164,normal,flying,108.1,115.6,162,2024410,50,1480,Wing Attack,Shadow Ball,Return,7,9,1,10000
Tangrowth,79.4,465,grass,none,112.3,105.4,127,1503225,31,1299,Infestation,Power Whip,Rock Slide,5,4,3,50000
Tapu Koko,79.4,785,electric,fairy,131.7,99.3,94,1229314,29,1277,Volt Switch,Thunderbolt,Nature's Madness,4,4,20,100000
Aggron (Mega),79.3,306,steel,none,112.5,155.1,83,1448246,22,1279,Dragon Tail,Thunder,Rock Tomb,5,5,1,10000
Ferrothorn (Shadow),79.3,598,grass,steel,112,155.3,127,2208987,47,1573,Bullet Seed,Power Whip,Flash Cannon,4,5,3,75000
Mr. Mime,79.2,122,psychic,fairy,139.2,147.2,90,1844122,49.5,1608,Psywave,Shadow Ball,Psychic,13,14,5,75000
Zweilous (Shadow),79.2,634,dark,dragon,117.6,101.4,129,1538279,50,1344,Dragon Breath,Dark Pulse,Body Slam,12,10,5,75000
Clodsire,79,980,poison,ground,96,112.2,197,2121926,50,1427,Poison Sting,Stone Edge,Earthquake,7,8,3,50000
Noivern,79,715,flying,dragon,121.2,109.1,122,1613196,36.5,1404,Bite,Heat Wave,Hurricane,12,15,5,75000
Sawk,79,539,fighting,none,134.9,95.1,111,1424018,35.5,1386,Low Kick,Brick Break,Body Slam,5,5,5,75000
Swalot,79,317,poison,none,104.7,117.6,162,1994661,50,1446,Infestation,Sludge,Ice Beam,4,5,1,10000
Swanna,79,581,water,flying,133.1,99.3,132,1744622,50,1526,Gust,Aqua Jet,Fly,3,4,3,50000
Whiscash,79,340,water,ground,112.2,105.4,173,2045877,50,1517,Mud Shot,Mud Bomb,Scald,5,6,1,10000
Electabuzz,78.9,125,electric,none,135.8,116.9,120,1905002,50,1610,Thunder Shock,Thunder Punch,Return,5,8,5,75000
Banette (Mega),78.8,354,ghost,none,152.4,83.1,84,1063813,25,1278,Shadow Claw,Shadow Ball,Dazzling Gleam,7,7,3,50000
Floatzel,78.8,419,water,none,145,83.2,137,1652768,45.5,1549,Waterfall,Aqua Jet,Swift,4,4,3,50000
Gallade (Mega),78.8,475,psychic,fighting,141,104.7,78,1151491,20,1276,Low Kick,Sacred Sword,Leaf Blade,5,5,5,75000
Sawsbuck,78.8,586,normal,grass,133.7,106.6,132,1881319,48,1588,Take Down,Wild Charge,Trailblaze,5,5,3,50000
Claydol (Shadow),78.7,344,ground,psychic,104.7,164.9,114,1968213,50,1441,Mud Slap,Rock Tomb,Ice Beam,5,6,3,50000
Kingler (Shadow),78.7,99,water,none,137.9,110.8,89,1359859,35,1376,Mud Shot,Crabhammer,X-Scissor,6,5,3,50000
Mightyena (Shadow),78.7,262,dark,none,125.7,99.3,126,1572733,50,1408,Sucker Punch,Crunch,Poison Fang,7,6,1,10000
Polteageist,78.7,855,ghost,none,132.4,106.8,87,1230208,30,1279,Hex,Shadow Ball,Dark Pulse,4,4,3,50000
Weezing (Shadow),78.7,110,poison,none,124.4,141.1,117,2053682,49,1603,Rollout,Sludge Bomb,Shadow Ball,4,4,3,50000
Slowking (Galarian),78.6,199,poison,psychic,115,115.6,135,1794690,38.5,1438,Acid,Surf,Shadow Ball,6,7,3,50000
Quagsire,78.5,195,water,ground,112.8,106.8,156,1879338,50,1456,Mud Shot,Aqua Tail,Stone Edge,4,7,3,50000
Sceptile (Mega),78.5,254,grass,dragon,147,90.1,83,1099310,22,1277,Fury Cutter,Leaf Blade,Breaking Swipe,9,13,3,10000
Ambipom (Shadow),78.4,424,normal,none,136.9,103.5,127,1799482,47,1574,Scratch,Aerial Ace,Low Sweep,12,10,3,50000
Cloyster,78.4,91,water,ice,119,168.8,94,1888197,42.5,1504,Ice Shard,Icy Wind,Hydro Pump,5,8,3,50000
Cryogonal,78.4,615,ice,none,112,133.4,117,1748074,36.5,1403,Ice Shard,Night Slash,Triple Axel,4,5,5,75000
Electrode (Shadow),78.4,101,electric,none,127,127,114,1838706,50,1534,Volt Switch,Foul Play,Discharge,3,3,3,50000
Wyrdeer,78.4,899,normal,psychic,122.9,93,143,1634447,37.5,1419,Confusion,Wild Charge,Stomp,4,3,5,75000
Ferrothorn,78.3,598,grass,steel,112,155.3,127,2208987,47,1573,Bullet Seed,Power Whip,Flash Cannon,4,5,3,75000
Tyrantrum,78.1,697,rock,dragon,119.9,106.4,106,1352280,29.5,1278,Dragon Tail,Rock Tomb,Crunch,5,4,5,75000
Grapploct,78,853,fighting,none,127.1,105.6,122,1637455,39,1445,Waterfall,Superpower,Ice Punch,4,4,3,50000
Zoroark,78,571,dark,none,156.4,87.4,103,1407944,41.5,1486,Shadow Claw,Foul Play,Sludge Bomb,5,7,5,75000
Arbok (Shadow),77.9,24,poison,none,123,113.5,114,1591497,50,1404,Acid,Brutal Swing,Wrap,5,6,3,50000
Golduck (Shadow),77.9,55,water,none,127.1,114,133,1927090,46.5,1568,Confusion,Cross Chop,Liquidation,3,4,3,50000
Hypno (Shadow),77.9,97,psychic,none,107.4,140.6,143,2159363,50,1528,Confusion,Thunder Punch,Ice Punch,3,3,3,50000
Noivern (Shadow),77.9,715,flying,dragon,121.2,109.1,122,1613196,36.5,1404,Bite,Heat Wave,Hurricane,12,15,5,75000
Girafarig,77.8,203,normal,psychic,133.1,100,126,1677060,50,1496,Confusion,Psychic Fangs,Trailblaze,3,4,3,50000
Vigoroth,77.8,288,normal,none,117.6,108.1,138,1754333,50,1438,Scratch,Body Slam,Rock Slide,10,12,5,75000
Weavile,77.8,461,dark,ice,132.5,98.7,99,1294697,31.5,1310,Snarl,Avalanche,Foul Play,4,4,3,50000
Hitmontop (Shadow),77.7,237,fighting,none,127,150,102,1943100,50,1576,Counter,Close Combat,Triple Axel,8,8,5,75000
Terrakion,77.7,639,rock,fighting,127.1,95.6,106,1287981,25,1279,Double Kick,Sacred Sword,Rock Slide,3,4,20,100000
Kangaskhan,77.6,115,normal,none,114.6,111.5,152,1942241,42,1496,Low Kick,Power-Up Punch,Outrage,5,8,3,50000
Whimsicott,77.6,547,grass,fairy,121,129.1,114,1780805,50,1472,Fairy Wind,Moonblast,Seed Bomb,6,5,1,10000
Donphan (Shadow),77.5,232,ground,none,116,106.4,117,1444061,31,1297,Mud Slap,Earthquake,Trailblaze,7,5,3,50000
Shiinotic (Shadow),77.5,756,grass,fairy,114.2,123.7,114,1610426,50,1361,Astonish,Moonblast,Seed Bomb,5,4,3,50000
Zamazenta (Crowned Shield),77.4,889,fighting,steel,114.7,134,92,1414022,22,1276,Ice Fang,Close Combat,Behemoth Bash,8,8,20,100000
Huntail,77.3,367,water,none,136.1,125.7,104,1779208,46,1559,Bite,Aqua Tail,Crunch,9,12,3,50000
Kecleon,77.3,352,normal,none,118.9,137.9,114,1869179,50,1496,Sucker Punch,Dynamic Punch,Foul Play,7,6,5,75000
Rotom (Fan),77.3,479,electric,flying,128.8,144.9,92,1717007,42,1494,Astonish,Thunderbolt,Ominous Wind,6,5,5,75000
Suicune,77.3,245,water,none,100,135.1,128,1729280,32,1315,Ice Fang,Ice Beam,Scald,10,9,20,100000
Bewear,77.2,760,normal,fighting,119.4,80.5,142,1364861,29.5,1279,Low Kick,Superpower,Stomp,5,5,1,10000
Passimian,77.2,766,fighting,none,120.2,93.1,125,1398827,31,1300,Counter,Close Combat,Brick Break,8,7,3,75000
Shiftry (Shadow),77.1,275,grass,dark,138.9,89.1,144,1782143,47,1573,Snarl,Leaf Blade,Foul Play,3,4,3,50000
Armaldo,76.9,348,rock,bug,127,104.8,109,1450746,34,1358,Fury Cutter,Rock Blast,Liquidation,10,12,3,50000
Golem (Alolan),76.8,76,rock,electric,117.1,116,111,1507780,32.5,1330,Volt Switch,Rock Blast,Wild Charge,3,3,1,10000
Bisharp,76.7,625,dark,steel,132.5,107.2,99,1406196,34.5,1367,Snarl,Dark Pulse,Iron Head,4,4,5,75000
Cloyster (Shadow),76.7,91,water,ice,119,168.8,94,1888197,42.5,1504,Ice Shard,Icy Wind,Hydro Pump,5,8,3,50000
Shiftry,76.7,275,grass,dark,138.9,89.1,144,1782143,47,1573,Snarl,Leaf Blade,Foul Play,3,4,3,50000
Suicune (Shadow),76.7,245,water,none,102.1,132.3,129,1742510,33,1336,Ice Fang,Scald,Ice Beam,9,10,20,100000
Golduck,76.6,55,water,none,127.1,114,133,1927090,46.5,1568,Confusion,Cross Chop,Liquidation,3,4,3,50000
Zangoose,76.6,335,normal,none,147.3,90.6,124,1654827,46.5,1563,Fury Cutter,Close Combat,Night Slash,12,9,3,50000
Tapu Bulu,76.5,787,grass,fairy,126.1,110.7,92,1284253,27,1275,Bullet Seed,Grass Knot,Nature's Madness,4,4,20,100000
Alakazam,76.4,65,psychic,none,144.5,93.7,83,1123791,30,1279,Psycho Cut,Fire Punch,Shadow Ball,5,6,3,50000
Ambipom,76.4,424,normal,none,136.9,103.5,127,1799482,47,1574,Scratch,Aerial Ace,Return,12,18,3,50000
Hypno,76.4,97,psychic,none,107.4,140.6,143,2159363,50,1528,Confusion,Thunder Punch,Shadow Ball,3,4,3,50000
Tornadus (Therian),76.4,641,flying,none,124.5,104,101,1307748,29,1278,Gust,Bleakwind Storm,Heat Wave,4,4,20,100000
Archeops (Shadow),76.3,567,rock,flying,148.3,75.7,98,1100178,27.5,1278,Wing Attack,Ancient Power,Crunch,6,6,5,75000
Buzzwole,76.3,794,bug,fighting,118.1,103.3,113,1378569,26.5,1279,Counter,Superpower,Lunge,7,8,20,100000
Sneasel (Hisuian) (Shadow),76.3,215,fighting,poison,137.9,108.8,108,1620380,50,1499,Poison Jab,Close Combat,X-Scissor,7,6,3,50000
Tauros (Blaze),76.3,128,fighting,fire,121,117.6,110,1565256,35,1377,Double Kick,Flame Charge,Trailblaze,5,4,3,50000
Appletun,76.2,842,grass,dragon,119.2,104.2,167,2074247,47,1576,Astonish,Energy Ball,Outrage,5,6,5,75000
Duraludon,76.2,884,steel,dragon,127.7,103.1,97,1277089,30,1279,Dragon Tail,Dragon Claw,Flash Cannon,5,6,5,75000
Espathra,76.2,956,psychic,none,134.1,90.9,147,1791884,45.5,1553,Confusion,Psyshock,Dazzling Gleam,3,4,3,50000
Fraxure,76.2,611,dragon,none,152,93.3,120,1701792,50,1614,Dragon Tail,Aqua Tail,Night Slash,3,3,5,75000
Heatmor,76.2,631,fire,none,137,94.8,140,1818264,47.5,1580,Fire Spin,Thunder Punch,Flamethrower,4,6,3,50000
Hitmontop,76.2,237,fighting,none,127,150,102,1943100,50,1576,Counter,Close Combat,Triple Axel,8,8,5,75000
Xurkitree,76.2,796,electric,none,153.1,72.4,96,1064106,23,1277,Thunder Shock,Discharge,Power Whip,5,6,20,100000
Araquanid (Shadow),76.1,752,water,bug,95.3,158.1,124,1868299,50,1335,Infestation,Water Pulse,Mirror Coat,5,4,3,50000
Beartic,76.1,614,ice,none,124.6,87.4,120,1306805,30,1277,Powder Snow,Ice Punch,Liquidation,5,6,3,50000
Garbodor (Shadow),76.1,569,poison,none,127.1,115.9,133,1959208,47.5,1582,Infestation,Body Slam,Seed Bomb,4,4,3,50000
Celesteela,76,797,steel,flying,110.4,111.5,120,1477152,30,1279,Air Slash,Body Slam,Bulldoze,5,7,20,100000
Marowak (Alolan) (Shadow),76,105,fire,ghost,107.4,135.8,114,1662681,50,1342,Hex,Bone Club,Flame Wheel,3,4,3,50000
Tauros (Combat),76,128,fighting,none,121,117.6,110,1565256,35,1377,Double Kick,Close Combat,Trailblaze,4,4,3,50000
Kyogre (Shadow),75.9,382,water,none,124.6,105.3,98,1285797,22,1269,Waterfall,Avalanche,Surf,5,5,20,100000
Sneasel (Hisuian),75.9,215,fighting,poison,137.9,108.8,108,1620380,50,1499,Poison Jab,Close Combat,X-Scissor,7,6,3,50000
Weezing,75.9,110,poison,none,123,142.5,119,2085773,49.5,1607,Rollout,Sludge Bomb,Shadow Ball,4,4,3,50000
Lanturn,75.8,171,water,electric,108.8,102.7,191,2134188,50,1524,Spark,Surf,Thunderbolt,7,8,3,50000
Mightyena,75.8,262,dark,none,125.7,99.3,126,1572733,50,1408,Sucker Punch,Crunch,Poison Fang,7,6,1,10000
Bouffalant,75.7,626,normal,none,114.9,112.6,132,1707782,36.5,1404,Mud Shot,Stomp,Megahorn,5,7,3,50000
Jolteon,75.7,135,electric,none,131.5,108.7,98,1400817,34,1357,Volt Switch,Discharge,Last Resort,3,4,5,75000
Lycanroc (Midday),75.7,745,rock,none,140.2,91.9,115,1481704,39,1446,Sucker Punch,Drill Run,Stone Edge,6,8,5,50000
Inteleon,75.6,818,water,none,143.8,83.3,101,1209833,32,1319,Water Gun,Snipe Shot,Hydro Cannon,12,14,3,10000
Mewtwo (Mega Y),75.5,150,psychic,none,149.1,82.2,86,1054018,14,1260,Psycho Cut,Psystrike,Shadow Ball,5,6,20,100000
Porygon-Z (Shadow),75.5,474,normal,none,136,82.9,106,1195086,28,1279,Lock On,Tri Attack,Blizzard,10,15,3,50000
Ho-Oh,75.3,250,fire,flying,113,120,105,1423800,23.5,1269,Incinerate,Brave Bird,Sacred Fire,3,4,20,100000
Lycanroc (Dusk),75.3,745,rock,none,140.2,90.1,115,1452682,38,1430,Sucker Punch,Stone Edge,Trailblaze,8,7,5,50000
Zarude,75.3,893,dark,grass,117.2,105.2,112,1380897,23.5,1275,Bite,Dark Pulse,Energy Ball,12,12,20,100000
Zygarde (10% Forme),75.3,718,dragon,ground,140.9,123.2,100,1735888,47,1570,Dragon Tail,Crunch,Earthquake,4,6,20,100000
Flareon,75.2,136,fire,none,131.4,101.5,93,1240350,30,1277,Ember,Superpower,Heat Wave,5,5,5,75000
Krookodile,75.2,553,ground,dark,122.5,90,120,1323000,30,1277,Mud Slap,Crunch,Sand Tomb,5,5,5,75000
Sharpedo,75.2,319,water,dark,174.3,66.2,126,1453871,50,1594,Bite,Crunch,Poison Fang,12,10,3,50000
Tsareena,75.2,763,grass,none,122.2,113.5,102,1414709,32,1319,Magical Leaf,Triple Axel,High Jump Kick,5,6,3,10000
Rotom (Mow),75.1,479,electric,grass,128.8,144.9,92,1717007,42,1494,Thunder Shock,Thunderbolt,Leaf Storm,7,7,5,75000
Seviper,75.1,336,poison,none,142.6,89.9,129,1653746,50,1539,Poison Jab,Poison Fang,Wrap,6,7,3,50000
Slowking (Shadow),75.1,199,water,psychic,114.1,121.6,144,1997937,43,1512,Confusion,Surf,Blizzard,4,6,3,50000
Accelgor (Shadow),75,617,bug,none,144.9,86.5,131,1641934,45,1545,Infestation,Energy Ball,Bug Buzz,4,5,3,50000
Alakazam (Mega),75,65,psychic,none,159,94,68,1016328,20,1278,Psycho Cut,Fire Punch,Shadow Ball,5,6,3,50000
Hitmonchan (Shadow),75,107,fighting,none,134.2,137.5,99,1826798,46.5,1566,Counter,Ice Punch,Thunder Punch,7,7,5,75000
Beedrill (Shadow),74.9,15,bug,poison,124.3,98,120,1461768,50,1349,Infestation,Drill Run,X-Scissor,4,4,1,10000
Klawf,74.9,950,rock,none,124.5,132.4,123,2027507,48,1589,Mud Slap,Bulldoze,Rock Tomb,6,5,3,75000
Entei,74.8,244,fire,none,118.6,90,129,1376946,26.5,1279,Fire Spin,Flame Charge,Scorching Sands,5,5,20,100000
Tyrantrum (Shadow),74.8,697,rock,dragon,119.9,106.4,106,1352280,29.5,1278,Dragon Tail,Meteor Beam,Rock Tomb,5,5,5,75000
Mabosstiff,74.7,943,dark,none,127.5,97.5,111,1379869,32.5,1330,Bite,Crunch,Psychic Fangs,12,9,3,50000
Vileplume (Shadow),74.6,45,grass,poison,128.2,112.7,120,1733777,42,1495,Acid,Moonblast,Sludge Bomb,7,7,3,50000
Obstagoon (Shadow),74.5,862,dark,normal,111.2,126.3,136,1910060,40,1460,Counter,Cross Chop,Night Slash,6,6,3,10000
Zweilous,74.5,634,dark,dragon,117.6,101.4,129,1538279,50,1344,Dragon Breath,Dark Pulse,Body Slam,12,10,5,75000
Metang (Shadow),74.4,375,steel,psychic,103.4,129.1,114,1521779,50,1258,Fury Cutter,Psyshock,Gyro Ball,10,13,5,75000
Dedenne,74.3,702,electric,fairy,121,100.7,122,1486533,50,1345,Thunder Shock,Discharge,Parabolic Charge,5,6,3,50000
Espeon,74.3,196,psychic,none,136.7,96.9,90,1192161,28.5,1279,Confusion,Psychic Fangs,Shadow Ball,3,4,5,75000
Kingler,74.2,99,water,none,137.9,110.8,89,1359859,35,1376,Mud Shot,Crabhammer,X-Scissor,6,5,3,50000
Furfrou,74.1,676,normal,none,121,123,132,1964556,50,1543,Sucker Punch,Dark Pulse,Grass Knot,7,8,5,75000
Celebi,74,251,psychic,grass,111.3,110.8,118,1455181,27.5,1275,Confusion,Seed Bomb,Aura Sphere,3,3,20,100000
Gothitelle,74,576,psychic,none,119.2,143.7,123,2106872,48,1589,Confusion,Rock Slide,Future Sight,4,5,3,50000
Marowak (Shadow),74,105,ground,none,107.4,135.8,114,1662681,50,1342,Mud Slap,Bone Club,Rock Slide,4,5,3,50000
Arbok,73.9,24,poison,none,123,113.5,114,1591497,50,1404,Acid,Brutal Swing,Wrap,5,6,3,50000
Electrode,73.9,101,electric,none,127,127,114,1838706,50,1534,Volt Switch,Foul Play,Discharge,3,3,3,50000
Necrozma,73.9,800,psychic,none,121.8,98.4,111,1330348,25,1278,Psycho Cut,Dark Pulse,Iron Head,5,6,20,100000
Registeel (Shadow),73.8,379,steel,none,98.4,190.3,132,2471769,46.5,1561,Lock On,Focus Blast,Zap Cannon,15,16,20,100000
Vileplume,73.8,45,grass,poison,128.2,112.7,120,1733777,42,1495,Acid,Moonblast,Sludge Bomb,7,7,3,50000
Noctowl (Shadow),73.7,164,normal,flying,108.1,115.6,162,2024410,50,1480,Wing Attack,Sky Attack,Shadow Ball,7,7,1,10000
Slowking,73.7,199,water,psychic,114.1,121.6,144,1997937,43,1512,Confusion,Surf,Blizzard,4,6,3,50000
Araquanid,73.6,752,water,bug,95.3,158.1,124,1868299,50,1335,Infestation,Water Pulse,Mirror Coat,5,4,3,50000
Cursola,73.6,864,ghost,none,134.5,103.1,87,1206425,30,1277,Astonish,Night Shade,Power Gem,5,5,3,50000
Dragapult,73.6,887,dragon,ghost,131.6,90.1,104,1233145,26,1278,Dragon Tail,Shadow Ball,Outrage,5,5,5,75000
Obstagoon,73.6,862,dark,normal,111.2,126.3,136,1910060,40,1460,Counter,Night Slash,Cross Chop,6,6,3,10000
Gardevoir (Shadow),73.4,282,psychic,fairy,125.6,108.5,95,1294622,29.5,1278,Confusion,Triple Axel,Shadow Ball,4,4,5,75000
Marowak (Alolan),73.4,105,fire,ghost,107.4,135.8,114,1662681,50,1342,Hex,Bone Club,Flame Wheel,3,4,3,50000
Exploud,73.3,295,normal,none,124.5,98.4,160,1960128,46.5,1566,Astonish,Crunch,Disarming Voice,5,5,1,10000
Garbodor,73.3,569,poison,none,127.1,115.9,133,1959208,47.5,1582,Infestation,Body Slam,Seed Bomb,4,4,3,50000
Vanilluxe,73.3,584,ice,none,126.4,113.3,105,1503718,35.5,1384,Astonish,Avalanche,Flash Cannon,5,7,3,50000
Accelgor,73.2,617,bug,none,144.9,86.5,131,1641934,45,1545,Infestation,Energy Ball,Bug Buzz,4,5,3,50000
Octillery,73.2,224,water,none,138.4,103.3,127,1815683,48,1589,Lock On,Water Pulse,Aurora Beam,10,12,1,10000
Rotom (Wash),73.2,479,electric,water,128.8,144.9,92,1717007,42,1494,Thunder Shock,Thunderbolt,Hydro Pump,7,9,5,75000
Golbat (Shadow),73,42,poison,flying,118.9,111.5,132,1749970,50,1445,Wing Attack,Air Cutter,Poison Fang,5,5,1,10000
Kyogre (Primal),73,382,water,none,135.1,102.3,87,1202404,15.5,1276,Waterfall,Avalanche,Surf,5,5,20,100000
Shiinotic,73,756,grass,fairy,114.2,123.7,114,1610426,50,1361,Astonish,Moonblast,Seed Bomb,5,4,3,50000
Gothitelle (Shadow),72.9,576,psychic,none,119.2,143.7,123,2106872,48,1589,Confusion,Rock Slide,Future Sight,4,5,3,50000
Maushold,72.9,925,normal,none,117.6,116.2,131,1790131,50,1451,Take Down,Swift,Crunch,4,5,1,10000
Omastar (Shadow),72.9,139,rock,water,121,123.9,107,1604133,36,1394,Mud Shot,Rock Slide,Rock Blast,5,5,5,75000
Porygon-Z,72.7,474,normal,none,136,82.9,106,1195086,28,1279,Lock On,Tri Attack,Blizzard,10,15,3,50000
Volbeat,72.7,313,bug,none,106.8,122.3,120,1567397,50,1294,Infestation,Lunge,Thunderbolt,4,5,3,50000
Exploud (Shadow),72.5,295,normal,none,124.5,98.4,160,1960128,46.5,1566,Astonish,Crunch,Disarming Voice,5,5,1,10000
Hitmonchan,72.5,107,fighting,none,134.2,137.5,99,1826798,46.5,1566,Counter,Ice Punch,Thunder Punch,7,7,5,75000
Leafeon,72.5,470,grass,none,119.5,126.5,96,1451208,32,1318,Bullet Seed,Leaf Blade,Last Resort,3,5,5,75000
Sneasel (Shadow),72.4,215,dark,ice,137.9,108.8,108,1620380,50,1499,Ice Shard,Avalanche,Foul Play,5,4,3,50000
Keldeo (Ordinary),72.3,647,water,fighting,126.9,96.4,103,1260015,24,1270,Poison Jab,Hydro Pump,Sacred Sword,11,5,20,100000
Jynx,72.2,124,ice,psychic,140.6,102.8,110,1589905,42,1496,Confusion,Avalanche,Psyshock,4,3,5,75000
Golbat,72.1,42,poison,flying,118.9,111.5,132,1749970,50,1445,Wing Attack,Air Cutter,Poison Fang,5,5,1,10000
Wigglytuff,72,40,normal,fairy,115.6,71,209,1715388,50,1408,Charm,Disarming Voice,Icy Wind,6,6,1,10000
Probopass (Shadow),71.9,476,rock,steel,101.4,196,114,2265682,50,1520,Rock Throw,Rock Slide,Magnet Bomb,9,8,3,50000
Cherrim (Sunshine),71.8,421,grass,none,125,113.5,126,1787625,50,1497,Bullet Seed,Weather Ball (Fire),Solar Beam,3,7,1,10000
Gabite (Shadow),71.8,444,dragon,ground,126.4,94.6,124,1482723,50,1370,Mud Shot,Twister,Dig,5,6,5,75000
Lairon (Shadow),71.7,305,steel,rock,116.9,143.9,114,1917698,50,1503,Metal Sound,Rock Tomb,Rock Slide,7,6,1,10000
Musharna,71.7,518,psychic,none,110.9,107.3,156,1856333,38.5,1437,Charge Beam,Psyshock,Dazzling Gleam,4,5,3,50000
Simipour,71.7,516,water,none,141.2,99.5,130,1826422,49.5,1608,Bite,Surf,Crunch,12,12,3,50000
Gardevoir,71.5,282,psychic,fairy,125.6,108.5,95,1294622,29.5,1278,Confusion,Triple Axel,Shadow Ball,4,4,5,75000
Lairon,71.5,305,steel,rock,116.9,143.9,114,1917698,50,1503,Metal Sound,Rock Tomb,Rock Slide,7,6,1,10000
Rotom (Frost),71.5,479,electric,ice,128.8,144.9,92,1717007,42,1494,Thunder Shock,Thunderbolt,Blizzard,7,9,5,75000
Metang,71.3,375,steel,psychic,103.4,129.1,114,1521779,50,1258,Fury Cutter,Psyshock,Gyro Ball,10,13,5,75000
Gumshoos,71.2,735,normal,none,141.2,86.5,147,1795429,50,1597,Take Down,Rock Tomb,Crunch,6,5,1,10000
Beedrill,71.1,15,bug,poison,124.3,98,120,1461768,50,1349,Infestation,Drill Run,X-Scissor,4,4,1,10000
Mesprit,71.1,481,psychic,none,114.6,116.7,106,1417625,30,1279,Confusion,Swift,Future Sight,3,5,20,100000
Exeggutor (Shadow),71,103,grass,psychic,125.6,86.6,121,1316112,30.5,1290,Confusion,Seed Bomb,Psychic,3,4,3,50000
Heliolisk,71,695,electric,normal,136.2,110.7,105,1583121,40.5,1470,Volt Switch,Breaking Swipe,Parabolic Charge,4,4,3,50000
Simisear,70.9,514,fire,none,141.2,99.5,130,1826422,49.5,1608,Fire Spin,Crunch,Flamethrower,5,6,3,50000
Gligar,70.8,207,ground,flying,106.8,134.5,120,1723752,50,1357,Fury Cutter,Night Slash,Aerial Ace,9,12,5,75000
Lopunny,70.7,428,normal,none,115.6,141.2,120,1958726,50,1506,Double Kick,Thunder Punch,Shadow Ball,4,5,3,50000
Marowak,70.6,105,ground,none,107.4,135.8,114,1662681,50,1342,Mud Slap,Bone Club,Rock Slide,4,5,3,50000
Probopass,70.6,476,rock,steel,101.4,196,114,2265682,50,1520,Rock Throw,Rock Slide,Magnet Bomb,9,8,3,50000
Rotom,70.6,479,electric,ghost,135.1,117.6,102,1620552,50,1485,Astonish,Thunderbolt,Ominous Wind,6,5,5,75000
Zacian (Hero),70.4,888,fairy,none,121.3,115.2,95,1327507,24,1274,Snarl,Wild Charge,Close Combat,4,4,20,100000
Dartrix,70.2,723,grass,flying,106.1,104.1,135,1491076,50,1261,Peck,Brave Bird,Energy Ball,7,6,3,10000
Tauros,70.2,128,normal,none,122.8,119.8,119,1750661,40.5,1468,Tackle,Trailblaze,Horn Attack,15,12,3,50000
Zamazenta (Hero),70.2,889,fighting,none,121.3,115.2,95,1327507,24,1274,Snarl,Close Combat,Crunch,4,4,20,100000
Purugly (Shadow),70,432,normal,none,126.4,100,127,1605280,50,1428,Scratch,Aerial Ace,Thunder,12,15,3,50000
Revavroom,69.8,966,steel,poison,126.5,98.4,110,1369236,32,1320,Metal Sound,Gunk Shot,Gyro Ball,10,7,3,50000
Tornadus (Incarnate) (Shadow),69.8,641,flying,none,135.8,89.2,98,1187109,27.5,1274,Bite,Dark Pulse,Hurricane,12,15,20,100000
Crabominable,69.7,740,fighting,ice,130,84.6,127,1396746,33.5,1348,Bubble,Ice Punch,Brick Break,4,4,3,50000
Entei (Shadow),69.7,244,fire,none,120.4,87.7,128,1351562,26,1278,Fire Spin,Flame Charge,Scorching Sands,5,5,20,100000
Infernape,69.7,392,fire,fighting,133.7,97.8,116,1516800,38,1428,Fire Spin,Close Combat,Blast Burn,5,5,3,10000
Pignite (Shadow),69.7,499,fire,fighting,127,81.8,150,1558290,50,1406,Ember,Rock Tomb,Flame Charge,6,6,3,10000
Ho-Oh (Shadow),69.6,250,fire,flying,115.4,117.2,104,1406588,23.5,1274,Incinerate,Brave Bird,Sacred Fire,3,4,20,100000
Sneasel,69.6,215,dark,ice,137.9,108.8,108,1620380,50,1499,Ice Shard,Avalanche,Foul Play,5,4,3,50000
Jumpluff (Shadow),69.5,189,grass,flying,89.9,133.8,132,1587778,50,1196,Fairy Wind,Energy Ball,Acrobatics,5,7,3,50000
Archeops,69.4,567,rock,flying,148.3,75.7,98,1100178,27.5,1278,Wing Attack,Ancient Power,Crunch,6,6,5,75000
Breloom,69.4,286,grass,fighting,148.1,94.9,102,1433578,40,1462,Force Palm,Dynamic Punch,Grass Knot,5,5,3,50000
Graveler (Alolan) (Shadow),69.4,75,rock,electric,121,121,108,1581228,50,1387,Volt Switch,Stone Edge,Rock Blast,4,3,1,10000
Mr. Rime,69.3,866,ice,psychic,123,109.9,115,1554536,35.5,1386,Ice Shard,Icy Wind,Psychic,5,6,5,75000
Braviary,69.2,628,normal,flying,123.5,86.2,124,1320067,29.5,1279,Air Slash,Fly,Close Combat,5,5,5,75000
Eelektross,69.1,604,electric,none,130.2,98.4,122,1563025,38,1429,Volt Switch,Dragon Claw,Thunderbolt,4,4,1,10000
Oricorio (Pom-Pom),69.1,741,electric,flying,136.3,104.8,127,1814098,47,1572,Air Slash,Air Cutter,Hurricane,5,7,3,75000
Sealeo (Shadow),69.1,364,ice,water,102.7,99.3,150,1529717,50,1253,Powder Snow,Surf,Body Slam,6,5,3,50000
Basculin,69,550,water,none,137.9,97.3,126,1690626,50,1528,Water Gun,Aqua Tail,Aqua Jet,12,14,1,10000
Klinklang,69,601,steel,none,123.1,137.5,101,1709551,39.5,1454,Metal Sound,Mirror Shot,Flash Cannon,5,9,5,75000
Arboliva,68.9,930,grass,normal,121.5,109.5,109,1450163,32.5,1330,Magical Leaf,Earth Power,Trailblaze,5,5,3,50000
Tornadus (Incarnate),68.7,641,flying,none,135.8,89.2,98,1187109,27.5,1274,Bite,Dark Pulse,Hurricane,12,15,20,100000
Tropius,68.6,357,grass,flying,102,120.3,160,1963296,50,1419,Air Slash,Leaf Blade,Brutal Swing,4,4,5,75000
Gligar (Shadow),68.5,207,ground,flying,106.8,134.5,120,1723752,50,1357,Wing Attack,Night Slash,Aerial Ace,5,6,5,75000
Jumpluff,68.5,189,grass,flying,89.9,133.8,132,1587778,50,1196,Fairy Wind,Energy Ball,Acrobatics,5,7,3,50000
Omastar,68.4,139,rock,water,121,123.9,107,1604133,36,1394,Mud Shot,Rock Slide,Rock Blast,5,5,5,75000
Pignite,68.3,499,fire,fighting,127,81.8,150,1558290,50,1406,Ember,Rock Tomb,Flame Charge,6,6,3,10000
Heliolisk (Shadow),68.2,695,electric,normal,136.2,110.7,105,1583121,40.5,1470,Volt Switch,Breaking Swipe,Parabolic Charge,4,4,3,50000
Simisage,68,512,grass,none,141.2,99.5,130,1826422,49.5,1608,Vine Whip,Grass Knot,Crunch,7,6,3,50000
Chandelure,67.9,609,ghost,fire,139.1,98.1,85,1159885,28,1277,Fire Spin,Shadow Ball,Energy Ball,5,5,5,75000
Infernape (Shadow),67.9,392,fire,fighting,133.7,97.8,116,1516800,38,1428,Fire Spin,Close Combat,Blast Burn,5,5,3,10000
Klang,67.8,600,steel,none,111.5,127.7,114,1623195,50,1350,Metal Sound,Vise Grip,Thunderbolt,5,7,5,75000
Togetic,67.7,176,fairy,flying,104.1,132.4,108,1488547,50,1249,Fairy Wind,Psyshock,Draining Kiss,5,7,3,50000
Carnivine,67.5,455,grass,none,136.5,102,131,1823913,50,1578,Vine Whip,Energy Ball,Crunch,6,6,5,75000
Misdreavus (Shadow),67.5,200,ghost,none,123,114.2,114,1601312,50,1408,Astonish,Dark Pulse,Shadow Sneak,5,5,3,50000
Crocalor,67.4,910,fire,none,119.6,100.7,139,1674077,50,1415,Incinerate,Crunch,Disarming Voice,3,3,3,10000
Lycanroc (Midnight),67.2,745,rock,none,129.3,95.8,122,1511207,36.5,1404,Counter,Psychic Fangs,Crunch,6,8,5,50000
Munchlax,67.1,446,normal,none,102.7,89.2,203,1859651,50,1383,Tackle,Body Slam,Bulldoze,14,19,5,10000
Boltund,67,836,electric,none,143.3,98.7,125,1767964,50,1590,Bite,Crunch,Thunder,12,15,1,50000
Purugly,67,432,normal,none,126.4,100,127,1605280,50,1428,Scratch,Aerial Ace,Thunder,12,15,3,50000
Exeggutor,66.9,103,grass,psychic,125.6,86.6,121,1316112,30.5,1290,Confusion,Seed Bomb,Psychic,3,4,3,50000
Lumineon,66.9,457,water,none,106.1,125,125,1657813,50,1326,Gust,Aqua Tail,Silver Wind,3,4,3,50000
Gardevoir (Mega),66.8,282,psychic,fairy,141.9,103.9,78,1149986,20,1278,Confusion,Triple Axel,Shadow Ball,4,4,5,75000
Marshtomp (Shadow),66.6,259,water,ground,115.6,100,126,1456560,50,1298,Mud Shot,Surf,Sludge,5,5,3,10000
Meowstic (Female),66.6,678,psychic,none,122.3,123,131,1970620,50,1552,Confusion,Energy Ball,Shadow Ball,4,4,3,50000
Parasect,66.5,47,bug,grass,121.6,108.8,114,1508229,50,1359,Fury Cutter,X-Scissor,Cross Poison,10,9,3,50000
Tatsugiri (Curly),66.5,978,dragon,water,134.6,104.8,106,1495244,37.5,1421,Take Down,Surf,Outrage,5,7,5,75000
Tatsugiri (Droopy),66.5,978,dragon,water,134.6,104.8,106,1495244,37.5,1421,Take Down,Surf,Outrage,5,7,5,75000
Tatsugiri (Stretchy),66.5,978,dragon,water,134.6,104.8,106,1495244,37.5,1421,Take Down,Surf,Outrage,5,7,5,75000
Alomomola,66.3,594,water,none,103.4,98.7,238,2428928,50,1586,Waterfall,Hydro Pump,Blizzard,8,8,5,75000
Aegislash (Shield),66.2,681,steel,ghost,75.7,193.9,114,1673318,50,1129,Psycho Cut,Shadow Ball,Flash Cannon,9,11,5,75000
Komala,66.2,775,normal,none,135.4,110.8,108,1620251,41.5,1488,Rollout,Bulldoze,Payback,5,5,3,50000
Arcanine,66.1,59,fire,none,122.9,95.2,117,1368909,31,1300,Snarl,Crunch,Flamethrower,4,5,3,50000
Diancie,66,719,rock,fairy,114.8,169.6,84,1635487,35,1376,Rock Throw,Moonblast,Rock Slide,10,9,20,100000
Lilligant (Hisuian),66,549,grass,fighting,134.3,109,117,1712728,43.5,1521,Bullet Seed,Upper Hand,Petal Blizzard,4,5,1,10000
Yanmega,65.8,469,bug,flying,128.1,91.9,115,1353825,32,1321,Wing Attack,Aerial Ace,Ancient Power,6,6,3,50000
Darmanitan (Galarian),65.4,555,ice,none,138.6,67,127,1179347,29.5,1278,Ice Fang,Avalanche,Superpower,8,7,3,50000
Granbull,65.3,210,fairy,none,134.6,90.3,138,1677304,42.5,1504,Charm,Close Combat,Crunch,6,6,3,50000
Reuniclus,65.3,579,psychic,none,119.7,88.9,141,1500428,33,1340,Charm,Psyshock,Shadow Ball,5,7,3,50000
Bibarel (Shadow),65.2,400,normal,water,119.6,90.5,137,1482861,50,1332,Rollout,Surf,Hyper Fang,4,4,1,10000
Falinks,65.2,870,fighting,none,132.5,123.7,119,1950440,49.5,1607,Counter,Superpower,Megahorn,7,10,5,75000
Frosmoth,65,873,ice,bug,136.9,98.9,108,1462256,37.5,1420,Powder Snow,Ice Beam,Bug Buzz,7,8,5,75000
Tangela,64.9,114,grass,none,132.4,123.7,120,1965346,50,1615,Infestation,Grass Knot,Sludge Bomb,5,5,3,50000
Reuniclus (Shadow),64.8,579,psychic,none,119.7,88.9,141,1500428,33,1340,Charm,Psyshock,Shadow Ball,5,7,3,50000
Clawitzer,64.6,693,water,none,129.6,106.6,108,1492059,36,1393,Water Gun,Crabhammer,Dark Pulse,17,15,3,50000
Gabite,64.4,444,dragon,ground,126.4,94.6,124,1482723,50,1370,Mud Shot,Twister,Dig,5,6,5,75000
Tangela (Shadow),64.4,114,grass,none,132.4,123.7,120,1965346,50,1615,Infestation,Grass Knot,Sludge Bomb,5,5,3,50000
Furret,64.2,162,normal,none,110.1,94.6,143,1489411,50,1285,Sucker Punch,Swift,Brick Break,5,6,1,10000
Misdreavus,64.2,200,ghost,none,123,114.2,114,1601312,50,1408,Psywave,Dark Pulse,Shadow Sneak,12,13,3,50000
Glaceon,64.1,471,ice,none,125.6,112.1,92,1295338,29.5,1278,Ice Shard,Avalanche,Water Pulse,5,5,5,75000
Nihilego,63.7,793,rock,poison,116.9,103.1,115,1386025,23,1277,Poison Jab,Power Gem,Sludge Bomb,8,8,20,100000
Azelf,63.6,482,psychic,none,141.3,82.1,99,1148472,28.5,1277,Confusion,Swift,Future Sight,3,5,20,100000
Grotle (Shadow),63.6,388,grass,none,116.2,106.8,132,1638141,50,1382,Bite,Energy Ball,Body Slam,12,10,3,10000
Dunsparce,63.4,206,normal,none,98.7,96.6,162,1544576,50,1235,Rollout,Drill Run,Rock Slide,4,4,3,50000
Oricorio (Baile),63.4,741,fire,flying,136.3,104.8,127,1814098,47,1572,Air Slash,Air Cutter,Hurricane,5,7,3,75000
Sealeo,63.4,364,ice,water,102.7,99.3,150,1529717,50,1253,Powder Snow,Surf,Body Slam,6,5,3,50000
Arcanine (Hisuian),63.3,59,fire,rock,122.5,93.4,116,1327214,29.5,1279,Fire Fang,Rock Slide,Crunch,8,8,3,50000
Zacian (Crowned Sword),63.3,888,fairy,steel,137,102.6,83,1166665,18,1271,Metal Claw,Close Combat,Behemoth Blade,7,8,20,100000
Graveler (Alolan),63,75,rock,electric,121,121,108,1581228,50,1387,Volt Switch,Stone Edge,Rock Blast,4,3,1,10000
Magcargo,63,219,fire,rock,104.1,139.2,102,1478053,50,1244,Incinerate,Rock Tomb,Heat Wave,3,3,1,10000
Marshtomp,62.9,259,water,ground,115.6,100,126,1456560,50,1298,Mud Shot,Surf,Sludge,5,5,3,10000
Indeedee (Female),62.6,876,psychic,normal,125.1,130.4,123,2006504,48,1590,Extrasensory,Energy Ball,Psychic,5,6,3,50000
Granbull (Shadow),62.5,210,fairy,none,134.6,90.3,138,1677304,42.5,1504,Charm,Close Combat,Crunch,6,6,3,50000
Bibarel,62.4,400,normal,water,119.6,90.5,137,1482861,50,1332,Rollout,Surf,Hyper Fang,4,4,1,10000
Cinccino,62.4,573,normal,none,141.9,97.5,131,1812418,49.5,1607,Charm,Aqua Tail,Thunderbolt,5,7,3,50000
Grotle,62.4,388,grass,none,116.2,106.8,132,1638141,50,1382,Bite,Energy Ball,Body Slam,12,10,3,10000
Deoxys (Speed),62.3,386,psychic,none,130.8,123.3,82,1322466,32,1316,Charge Beam,Psycho Boost,Swift,4,4,20,100000
Beheeyem,62.2,606,psychic,none,130.8,102.3,113,1512035,37,1412,Confusion,Dark Pulse,Rock Slide,4,4,3,50000
Sudowoodo,62.2,185,rock,none,123,129.1,126,2000792,50,1570,Counter,Meteor Beam,Rock Tomb,10,9,5,75000
Mr. Mime (Galarian),62.1,122,ice,psychic,133.8,124.3,102,1696397,50,1511,Confusion,Ice Punch,Triple Axel,3,4,5,75000
Oricorio (Sensu),61.9,741,ghost,flying,136.3,104.8,127,1814098,47,1572,Air Slash,Air Cutter,Hurricane,5,7,3,75000
Carracosta,61.8,565,water,rock,119.2,128.9,117,1797691,40.5,1470,Water Gun,Liquidation,Ancient Power,15,15,5,75000
Meowstic (Male),61.8,678,psychic,none,122.3,123,131,1970620,50,1552,Confusion,Energy Ball,Psychic,4,4,3,50000
Thwackey,61.6,811,grass,none,121.6,100.7,126,1542885,50,1371,Scratch,Energy Ball,Grass Knot,12,13,3,10000
Shaymin (Sky),61.3,492,grass,flying,127.9,86.4,115,1270814,25.5,1276,Magical Leaf,Energy Ball,Grass Knot,5,5,20,100000
Gorebyss,61.2,368,water,none,136.3,123,102,1710020,44,1526,Confusion,Water Pulse,Draining Kiss,4,4,3,50000
Braviary (Hisuian),61.1,628,psychic,flying,124.4,85.4,147,1561693,36,1396,Air Slash,Brave Bird,Fly,7,5,5,75000
Illumise,61.1,314,bug,none,106.8,122.3,120,1567397,50,1294,Infestation,Silver Wind,Shadow Ball,4,5,3,50000
Wormadam (Sandy),61.1,413,bug,ground,105.4,131.8,114,1583656,50,1296,Sucker Punch,Bulldoze,Bug Buzz,8,9,1,10000
Unfezant,60.9,521,normal,flying,133.7,93.6,119,1489204,37,1411,Air Slash,Heat Wave,Sky Attack,5,6,1,10000
Sigilyph,60.5,561,psychic,flying,130.3,112.8,119,1749043,43,1510,Air Slash,Air Cutter,Ancient Power,5,5,5,75000
Naganadel,60.4,804,poison,dragon,137.4,87.5,98,1178205,29,1277,Poison Jab,Dragon Claw,Sludge Bomb,8,8,20,100000
Oricorio (Pa'u),60.4,741,psychic,flying,136.3,104.8,127,1814098,47,1572,Air Slash,Air Cutter,Hurricane,5,7,3,75000
Sunflora,60.4,192,grass,none,135.1,101.4,132,1808286,50,1565,Bullet Seed,Sludge Bomb,Leaf Storm,4,5,3,50000
Carracosta (Shadow),60.3,565,water,rock,119.2,128.9,117,1797691,40.5,1470,Water Gun,Liquidation,Ancient Power,15,15,5,75000
Boldore,60.2,525,rock,none,127.7,106.8,126,1718433,50,1483,Mud Slap,Rock Slide,Bulldoze,5,6,3,50000
Graveler (Shadow),60.1,75,rock,ground,121,121,108,1581228,50,1387,Mud Slap,Rock Slide,Dig,5,5,1,10000
Mudbray,60,749,ground,none,128.4,91.9,126,1486795,50,1383,Mud Slap,Bulldoze,Body Slam,6,4,3,50000
Stonjourner,59.9,874,rock,none,115.3,100,122,1406660,28.5,1275,Rock Throw,Rock Slide,Stomp,9,8,5,75000
Boldore (Shadow),59.8,525,rock,none,127.7,106.8,126,1718433,50,1483,Mud Slap,Rock Slide,Bulldoze,5,6,3,50000
Maractus,59.8,556,grass,none,142.5,97,130,1796925,49,1602,Bullet Seed,Aerial Ace,Petal Blizzard,4,5,1,10000
Stakataka,59.7,805,rock,steel,110.2,156.8,85,1468746,28,1279,Rock Throw,Stone Edge,Bulldoze,11,11,20,100000
Wormadam (Plant),59.7,413,bug,grass,105.4,131.8,114,1583656,50,1296,Sucker Punch,Energy Ball,Bug Buzz,7,9,1,10000
Stantler (Shadow),59.3,234,normal,none,139.9,98.7,129,1781249,50,1582,Tackle,Wild Charge,Stomp,15,14,3,50000
Eldegoss,58.8,830,grass,none,110.1,152.7,114,1916599,50,1458,Bullet Seed,Energy Ball,Grass Knot,4,4,3,50000
Brionne,58.5,729,water,none,123.7,108.1,114,1524405,50,1378,Water Gun,Aqua Jet,Disarming Voice,14,15,3,10000
Raticate (Alolan) (Shadow),58.1,20,dark,normal,101.4,114.2,132,1528544,50,1246,Bite,Crunch,Hyper Fang,12,13,1,10000
Unfezant (Shadow),58,521,normal,flying,133.7,93.6,119,1489204,37,1411,Air Slash,Sky Attack,Heat Wave,6,5,1,10000
Blissey,57.4,242,normal,none,79.4,109.8,301,2624154,39,1445,Zen Headbutt,Wild Charge,Dazzling Gleam,8,10,5,75000
Graveler,57.3,75,rock,ground,121,121,108,1581228,50,1387,Mud Slap,Rock Slide,Dig,5,5,1,10000
Stantler,57.3,234,normal,none,139.9,98.7,129,1781249,50,1582,Tackle,Wild Charge,Stomp,15,14,3,50000
Hoopa (Unbound),56.4,720,psychic,dark,143.9,92.3,83,1102404,22,1265,Confusion,Dark Pulse,Shadow Ball,4,4,20,100000
Sudowoodo (Shadow),56.1,185,rock,none,123,129.1,126,2000792,50,1570,Counter,Meteor Beam,Rock Tomb,10,9,5,75000
Toxapex,55.6,748,poison,water,87.2,194.6,102,1730850,50,1232,Poison Jab,Brine,Sludge Wave,9,10,3,50000
Golem,55.5,76,rock,ground,117.1,116,111,1507780,32.5,1330,Mud Slap,Stone Edge,Earthquake,6,7,1,10000
Indeedee (Male),55.4,876,psychic,normal,138.2,116.6,110,1772553,46.5,1565,Extrasensory,Shadow Ball,Psychic,5,6,3,50000
Raticate (Alolan),55.3,20,dark,normal,101.4,114.2,132,1528544,50,1246,Bite,Crunch,Hyper Fang,12,13,1,10000
Rhydon,55.3,112,ground,rock,116.3,95.2,127,1406114,29,1279,Mud Slap,Stone Edge,Earthquake,6,7,3,50000
Seadra,55.2,117,water,none,136.5,115.6,108,1704175,50,1530,Dragon Breath,Hydro Pump,Dragon Pulse,19,14,3,50000
Carbink,54.3,703,rock,fairy,74.3,202.7,102,1536182,50,1072,Rock Throw,Moonblast,Rock Slide,10,9,5,75000
Azumarill,54.1,184,water,fairy,85.8,112.8,162,1567875,50,1160,Bubble,Ice Beam,Play Rough,5,6,3,50000
Diancie (Mega),54,719,rock,fairy,152.3,107.7,64,1049773,20.5,1273,Rock Throw,Moonblast,Rock Slide,10,9,20,100000
Cherrim (Overcast),53.6,421,grass,none,125,113.5,126,1787625,50,1497,Bullet Seed,Dazzling Gleam,Solar Beam,5,7,1,10000
Glimmora,53.5,970,rock,poison,126.9,96.6,105,1287147,28,1279,Rock Throw,Meteor Beam,Power Gem,12,10,3,50000
Rhydon (Shadow),53.3,112,ground,rock,116.3,95.2,127,1406114,29,1279,Mud Slap,Stone Edge,Earthquake,6,7,3,50000
Golem (Shadow),52.9,76,rock,ground,117.1,116,111,1507780,32.5,1330,Mud Slap,Stone Edge,Earthquake,6,7,1,10000
Rampardos (Shadow),51.9,409,rock,none,149.8,62.1,116,1079099,27.5,1276,Smack Down,Rock Slide,Flamethrower,6,7,5,75000
Seadra (Shadow),51.8,117,water,none,136.5,115.6,108,1704175,50,1530,Dragon Breath,Dragon Pulse,Hydro Pump,14,19,3,50000
Audino,51.1,531,normal,none,87.2,120.3,165,1730876,50,1230,Charge Beam,Body Slam,Disarming Voice,4,5,3,50000
Volcarona,49.8,637,bug,fire,128.5,97,101,1258915,25,1277,Fire Spin,Overheat,Bug Buzz,6,6,5,75000
Hoopa,46.4,720,psychic,ghost,133.8,98.4,91,1198099,26.5,1273,Confusion,Shadow Ball,Psychic,4,4,20,100000
Rampardos,44.1,409,rock,none,149.8,62.1,116,1079099,27.5,1276,Smack Down,Rock Slide,Flamethrower,6,7,5,75000
Bastiodon,43.1,411,rock,steel,73.7,203.4,114,1708926,50,1125,Smack Down,Stone Edge,Flamethrower,7,7,5,75000
Bastiodon (Shadow),42,411,rock,steel,73.7,203.4,114,1708926,50,1125,Smack Down,Stone Edge,Flamethrower,7,7,5,75000
Lilligant,39.3,549,grass,none,135.8,105.9,115,1653840,42.5,1504,Charm,Petal Blizzard,Hyper Beam,9,10,1,10000
Regigigas (Shadow),32.1,486,normal,none,130.1,95,101,1248310,21,1275,Hidden Power (Ice),Crush Grip,Thunder,7,8,20,100000
Regigigas,28.8,486,normal,none,127.4,97.2,102,1263095,21,1274,Hidden Power (Ice),Crush Grip,Thunder,7,8,20,100000
Shaymin (Land),20.4,492,grass,none,109.2,113.3,120,1484683,28.5,1277,Zen Headbutt,Grass Knot,Seed Flare,9,13,20,100000
Chansey,18,113,normal,none,50.7,96.6,339,1660293,50,917,Zen Headbutt,Dazzling Gleam,Hyper Beam,10,14,5,75000
Slaking,0,289,normal,none,127.6,77.9,128,1272325,20.5,1279,Yawn,Body Slam,Earthquake,4,6,5,75000
Slaking (Shadow),0,289,normal,none,127.6,77.9,128,1272325,20.5,1279,Yawn,Body Slam,Earthquake,4,6,5,75000
