Pokemon,Score,Dex,Type 1,Type 2,Attack,Defense,Stamina,Stat Product,Level,CP,Fast Move,Charged Move 1,Charged Move 2,Charged Move 1 Count,Charged Move 2 Count,Buddy Distance,Charged Move Cost
Mimikyu,100,778,ghost,fairy,128.4,144.6,108,2005197,50,1610,Shadow Claw,Shadow Sneak,Play Rough,7,8,5,50000
Tinkaton,96.8,959,fairy,steel,112.8,142.6,143,2300195,50,1616,Fairy Wind,Gigaton Hammer,Bulldoze,7,7,3,75000
Corviknight,95.1,823,flying,steel,109.4,135,153,2259657,47,1573,Sand Attack,Air Cutter,Iron Head,10,13,1,10000
Registeel,94.5,379,steel,none,98.3,194.7,136,2602905,49,1602,Lock On,Flash Cannon,Focus Blast,13,15,20,100000
Giratina (Altered),92,487,ghost,dragon,96.2,120.3,146,1689638,27.5,1276,Dragon Breath,Ancient Power,Shadow Force,12,17,20,100000
Corviknight (Shadow),91.7,823,flying,steel,109.4,135,153,2259657,47,1573,Sand Attack,Air Cutter,Payback,10,15,1,10000
Moltres (Galarian),91.5,146,dark,flying,106.9,125.6,113,1517210,29.5,1274,Sucker Punch,Fly,Brave Bird,7,8,20,100000
Snorlax (Shadow),90.7,143,normal,none,99.5,93.9,175,1635034,28.5,1276,Psywave,Body Slam,Earthquake,10,17,5,75000
Lapras,90.3,131,water,ice,102.8,114.9,177,2090674,40.5,1468,Psywave,Sparkling Aria,Ice Beam,12,14,5,75000
Registeel (Shadow),90.2,379,steel,none,98.4,190.3,132,2471769,46.5,1561,Lock On,Focus Blast,Zap Cannon,15,16,20,100000
Dondozo,90,977,water,none,97.3,103.8,176,1777554,32,1318,Waterfall,Surf,Outrage,5,6,5,75000
Walrein,90,365,ice,water,110.3,112.1,151,1867059,38.5,1438,Powder Snow,Icicle Spear,Earthquake,5,9,3,50000
Lapras (Shadow),89.9,131,water,ice,102.8,114.9,177,2090674,40.5,1468,Psywave,Sparkling Aria,Ice Beam,12,14,5,75000
Walrein (Shadow),89.5,365,ice,water,110.3,112.1,151,1867059,38.5,1438,Powder Snow,Icicle Spear,Earthquake,5,9,3,50000
Cramorant,89.2,845,flying,water,127,120.3,126,1925041,50,1566,Peck,Dive,Fly,5,6,3,50000
Lugia,89,249,psychic,flying,94.6,154.3,118,1722420,25,1276,Dragon Tail,Aeroblast,Earth Power,7,5,20,100000
Melmetal,89,809,steel,none,111,98.9,134,1471039,25.5,1278,Thunder Shock,Double Iron Bash,Dynamic Punch,4,5,20,100000
Snorlax,88.7,143,normal,none,99.5,93.9,175,1635034,28.5,1276,Psywave,Body Slam,Earthquake,10,17,5,75000
Feraligatr,88.5,160,water,none,118.2,114.8,118,1601184,35,1376,Shadow Claw,Hydro Cannon,Ice Beam,5,7,3,10000
Regice,88.5,378,ice,none,95.8,168,105,1689912,30,1273,Lock On,Thunder,Blizzard,12,15,20,100000
Feraligatr (Shadow),88.4,160,water,none,118.2,114.8,118,1601184,35,1376,Shadow Claw,Hydro Cannon,Ice Beam,5,7,3,10000
Jellicent,88.4,593,water,ghost,112.6,126.5,156,2222048,47.5,1582,Hex,Surf,Shadow Ball,4,4,3,50000
Altaria (Mega),88.2,334,dragon,fairy,116.8,118.9,100,1388752,29,1279,Dragon Breath,Moonblast,Flamethrower,13,14,1,10000
Clefable,87.9,36,fairy,none,119.9,114.6,152,2088562,47.5,1582,Fairy Wind,Meteor Mash,Draining Kiss,5,7,1,10000
Empoleon,87.9,395,water,steel,118.6,110.3,115,1504382,33,1340,Metal Sound,Hydro Cannon,Drill Peck,5,5,3,10000
Cresselia,87.7,488,psychic,none,90.1,155.3,156,2182835,36.5,1403,Psycho Cut,Grass Knot,Moonblast,6,6,20,100000
Raikou,87.7,243,electric,none,121,102.3,108,1336856,26.5,1273,Thunder Shock,Wild Charge,Aura Sphere,5,5,20,100000
Regidrago,87.7,895,dragon,none,112.8,61.6,225,1563408,32.5,1328,Dragon Breath,Dragon Energy,Vise Grip,12,10,20,100000
Empoleon (Shadow),87.4,395,water,steel,118.6,110.3,115,1504382,33,1340,Metal Sound,Hydro Cannon,Drill Peck,5,5,3,10000
Deoxys (Defense),87.2,386,psychic,none,104.7,231.8,102,2475485,50,1610,Low Kick,Psycho Boost,Thunderbolt,5,7,20,100000
Piloswine,86.9,221,ice,ground,126.4,99.6,155,1951363,47,1575,Powder Snow,Icicle Spear,High Horsepower,5,7,3,50000
Stunfisk (Galarian),86.9,618,ground,steel,107.4,125.7,172,2322031,50,1581,Mud Shot,Rock Slide,Earthquake,5,8,5,75000
Blastoise,86.7,9,water,none,113.5,143.1,130,2111441,45.5,1552,Bite,Hydro Cannon,Skull Bash,10,19,3,10000
Crustle,86.2,558,bug,rock,121,134.9,117,1909779,43.5,1521,Fury Cutter,X-Scissor,Rock Wrecker,10,13,1,10000
Tentacruel,86.2,73,water,poison,112.6,147.6,135,2243668,48,1589,Acid,Scald,Payback,7,8,3,50000
Tentacruel (Shadow),86.2,73,water,poison,112.6,147.6,135,2243668,48,1589,Acid,Scald,Payback,7,8,3,50000
Grumpig,86,326,psychic,none,117.7,135.1,137,2178474,49,1602,Psywave,Dynamic Punch,Shadow Ball,12,13,1,10000
Swampert,86,260,water,ground,114.6,102.7,129,1518255,32,1320,Mud Shot,Hydro Cannon,Earthquake,5,8,3,10000
Aromatisse,85.9,683,fairy,none,121.2,107.4,157,2043650,47,1575,Fairy Wind,Moonblast,Psyshock,6,5,3,50000
Malamar (Mega),85.9,687,dark,psychic,110,123,109,1474770,29.5,1277,Psywave,Foul Play,Superpower,10,10,3,50000
Primarina,85.9,730,water,fairy,120.9,106.6,104,1340346,28.5,1276,Waterfall,Hydro Cannon,Moonblast,4,5,3,10000
Toucannon (Shadow),85.9,733,normal,flying,134.9,94.9,121,1549043,39,1446,Peck,Beak Blast,Drill Peck,7,5,1,10000
Dialga (Origin),85.7,483,steel,dragon,124.2,107.1,98,1303578,22,1273,Dragon Breath,Roar of Time,Iron Head,17,13,20,100000
Ho-Oh,85.7,250,fire,flying,113,120,105,1423800,23.5,1269,Incinerate,Brave Bird,Sacred Fire,3,4,20,100000
Raikou (Shadow),85.7,243,electric,none,122.5,99.4,108,1315062,26.5,1273,Thunder Shock,Wild Charge,Aura Sphere,5,5,20,100000
Cofagrigus (Shadow),85.5,563,ghost,none,117.7,167.4,111,2187031,49.5,1608,Shadow Claw,Shadow Ball,Energy Ball,7,6,3,50000
Piloswine (Shadow),85.5,221,ice,ground,126.4,99.6,155,1951363,47,1575,Powder Snow,Icicle Spear,High Horsepower,5,7,3,50000
Xerneas,85.5,716,fairy,none,120.1,94.1,120,1356169,24.5,1277,Geomancy,Close Combat,Moonblast,4,4,20,100000
Toucannon,85.4,733,normal,flying,134.9,94.9,121,1549043,39,1446,Peck,Beak Blast,Drill Peck,7,5,1,10000
Cofagrigus,85.2,563,ghost,none,117.7,167.4,111,2187031,49.5,1608,Shadow Claw,Shadow Ball,Energy Ball,7,6,3,50000
Doublade,85.2,680,steel,ghost,125.1,144,108,1945555,46.5,1566,Shadow Claw,Sacred Sword,Iron Head,5,7,5,75000
Genesect (Shock),85.2,649,bug,steel,130.1,105.3,91,1246657,27,1275,Fury Cutter,Magnet Bomb,Techno Blast (Shock),10,14,20,100000
Gliscor,85.2,472,ground,flying,113.5,142.3,115,1857371,39.5,1454,Wing Attack,Acrobatics,Night Slash,7,5,5,75000
Talonflame,85.2,663,fire,flying,129.1,114.9,135,2002535,50,1612,Incinerate,Fly,Brave Bird,3,3,1,10000
Samurott,85,503,water,none,123,97.4,130,1557426,35.5,1385,Fury Cutter,Hydro Cannon,Megahorn,10,14,3,10000
Seismitoad,85,537,water,ground,119.6,102.8,153,1881117,42.5,1504,Mud Shot,Earth Power,Icy Wind,6,5,3,50000
Steelix,84.9,208,steel,ground,101.2,190.3,130,2503587,48.5,1593,Thunder Fang,Psychic Fangs,Earthquake,6,11,5,75000
Mandibuzz,84.7,630,dark,flying,97.3,148.7,173,2503052,50,1563,Snarl,Dark Pulse,Shadow Ball,4,4,5,75000
Muk (Alolan),84.7,89,poison,dark,112.8,108.7,144,1765636,37,1411,Poison Jab,Brutal Swing,Ice Punch,5,6,3,50000
Mawile (Mega),84.6,303,steel,fairy,127.8,153.6,100,1963008,48,1588,Fairy Wind,Vise Grip,Iron Head,5,6,5,75000
Ninetales (Shadow),84.6,38,fire,none,121.1,137.1,127,2108557,49,1602,Ember,Weather Ball (Fire),Energy Ball,4,5,3,50000
Swampert (Shadow),84.6,260,water,ground,114.6,102.7,129,1518255,32,1320,Mud Shot,Hydro Cannon,Earthquake,5,8,3,10000
Zygarde (Complete Forme),84.6,718,dragon,ground,92.2,101.6,189,1770461,24,1278,Dragon Tail,Crunch,Bulldoze,4,5,20,100000
Cresselia (Shadow),84.4,488,psychic,none,89.6,148.2,152,2018365,33.5,1345,Psycho Cut,Grass Knot,Moonblast,6,6,20,100000
Dusknoir (Shadow),84.2,477,ghost,none,122.5,177.7,95,2067984,48.5,1592,Astonish,Dynamic Punch,Shadow Punch,5,4,3,50000
Grumpig (Shadow),84.2,326,psychic,none,117.7,135.1,137,2178474,49,1602,Psywave,Dynamic Punch,Shadow Ball,12,13,1,10000
Alomomola,84.1,594,water,none,103.4,98.7,238,2428928,50,1586,Waterfall,Hydro Pump,Blizzard,8,8,5,75000
Crustle (Shadow),84.1,558,bug,rock,121,134.9,117,1909779,43.5,1521,Fury Cutter,X-Scissor,Rock Wrecker,10,13,1,10000
Dusknoir,84.1,477,ghost,none,122.5,177.7,95,2067984,48.5,1592,Astonish,Dynamic Punch,Shadow Punch,5,4,3,50000
Giratina (Altered) (Shadow),84.1,487,ghost,dragon,98.3,116.7,144,1651912,27,1278,Dragon Breath,Ancient Power,Shadow Sneak,12,13,20,100000
Samurott (Shadow),84.1,503,water,none,123,97.4,130,1557426,35.5,1385,Fury Cutter,Hydro Cannon,Megahorn,10,14,3,10000
Malamar (Shadow),83.9,687,dark,psychic,122.3,120.3,145,2133340,50,1616,Psywave,Foul Play,Superpower,10,10,3,50000
Regirock,83.9,377,rock,none,95.8,168,105,1689912,30,1273,Lock On,Stone Edge,Focus Blast,11,15,20,100000
Audino (Mega),83.7,531,normal,fairy,96.8,162.2,157,2465051,45,1544,Charge Beam,Disarming Voice,Body Slam,5,4,3,50000
Bombirdier,83.7,962,flying,dark,129.5,118.6,119,1827685,45,1544,Sucker Punch,Fly,Drill Run,7,6,5,75000
Malamar,83.7,687,dark,psychic,122.3,120.3,145,2133340,50,1616,Psywave,Superpower,Foul Play,10,10,3,50000
Regice (Shadow),83.7,378,ice,none,96.8,165.4,104,1665115,30,1271,Lock On,Thunder,Blizzard,12,15,20,100000
Sylveon,83.7,700,fairy,none,108.9,114.1,120,1491059,30,1278,Fairy Wind,Draining Kiss,Shadow Ball,7,6,5,75000
Drapion,83.6,452,poison,dark,119.3,140.6,121,2029603,46,1557,Poison Sting,Crunch,Aqua Tail,5,4,5,75000
Genesect (Chill),83.6,649,bug,steel,130.1,105.3,91,1246657,27,1275,Fury Cutter,Magnet Bomb,Techno Blast (Chill),10,14,20,100000
Gliscor (Shadow),83.6,472,ground,flying,113.5,142.3,115,1857371,39.5,1454,Wing Attack,Acrobatics,Night Slash,7,5,5,75000
Mewtwo (Armored),83.6,150,psychic,none,96.5,149.5,116,1673503,29.5,1275,Confusion,Psystrike,Dynamic Punch,4,4,20,100000
Muk (Alolan) (Shadow),83.6,89,poison,dark,112.8,108.7,144,1765636,37,1411,Poison Jab,Brutal Swing,Ice Punch,5,6,3,50000
Togekiss,83.6,468,fairy,flying,115.3,115.3,106,1409174,27.5,1278,Peck,Psyshock,Aura Sphere,5,5,3,50000
Bellibolt,83.4,939,electric,none,112.9,108.1,153,1867287,39.5,1452,Sucker Punch,Parabolic Charge,Zap Cannon,8,12,1,50000
Nidoking,83.4,34,poison,ground,128.8,105.9,126,1718630,42,1493,Poison Sting,Avalanche,Earth Power,5,6,3,50000
Pidgeot (Shadow),83.4,18,normal,flying,122.3,114.2,141,1969299,50,1556,Gust,Brave Bird,Twister,4,3,1,10000
Umbreon,83.4,197,dark,none,95.3,172.3,156,2561550,50,1562,Snarl,Dark Pulse,Last Resort,4,5,5,75000
Zapdos,83.4,145,electric,flying,126,96,107,1294272,25.5,1277,Thunder Shock,Drill Peck,Thunderbolt,5,7,20,100000
Articuno,83.2,144,ice,flying,104.3,133.6,115,1602465,31,1297,Powder Snow,Icy Wind,Hurricane,6,8,20,100000
Gastrodon,83.2,423,water,ground,119.2,104.1,169,2097074,47.5,1582,Mud Slap,Body Slam,Earth Power,4,5,3,50000
Hippowdon,83.2,450,ground,none,107.3,107.8,131,1515269,30,1279,Sand Attack,Weather Ball (Rock),Earth Power,9,13,3,50000
Nidoking (Shadow),83.2,34,poison,ground,128.8,105.9,126,1718630,42,1493,Poison Sting,Avalanche,Earth Power,5,6,3,50000
Ninetales,83.2,38,fire,none,121.1,137.1,127,2108557,49,1602,Ember,Weather Ball (Fire),Energy Ball,4,5,3,50000
Regirock (Shadow),83.2,377,rock,none,96.8,165.4,104,1665115,30,1271,Lock On,Stone Edge,Focus Blast,11,15,20,100000
Blaziken (Shadow),83.1,257,fire,fighting,136.5,86.9,113,1340389,34,1357,Ember,Aura Sphere,Blast Burn,5,6,3,10000
Florges,83.1,671,fairy,none,110.2,131.1,102,1473616,28.5,1277,Fairy Wind,Chilling Water,Disarming Voice,5,5,3,50000
Latias,83.1,380,dragon,psychic,114.6,127.4,97,1416204,26.5,1276,Dragon Breath,Mist Ball,Aura Sphere,15,10,20,100000
Blacephalon,82.9,806,fire,ghost,160.4,81.2,78,1015909,27.5,1277,Incinerate,Mind Blown,Shadow Ball,2,3,20,100000
Forretress,82.9,205,bug,steel,115.8,145.7,130,2193368,48.5,1596,Volt Switch,Rock Tomb,Sand Tomb,4,3,5,75000
Forretress (Shadow),82.9,205,bug,steel,115.8,145.7,130,2193368,48.5,1596,Volt Switch,Rock Tomb,Sand Tomb,4,3,5,75000
Golisopod,82.9,768,bug,water,114.8,123,100,1412040,29,1278,Fury Cutter,X-Scissor,Aqua Jet,10,10,1,10000
Kingdra (Shadow),82.9,230,water,dragon,120.4,127.1,117,1790432,40.5,1470,Dragon Breath,Surf,Swift,12,9,3,50000
Mantine,82.9,226,water,flying,110.1,162.9,120,2152235,50,1541,Wing Attack,Twister,Water Pulse,5,7,5,75000
Toxicroak (Shadow),82.7,454,poison,fighting,137.1,94.3,133,1719494,44.5,1536,Poison Sting,Dynamic Punch,Shadow Ball,5,6,3,50000
Charizard,82.6,6,fire,flying,126.5,103.6,111,1454699,34,1359,Dragon Breath,Blast Burn,Air Cutter,13,10,3,10000
Cobalion,82.6,638,steel,fighting,105.4,129.8,117,1600668,31,1298,Double Kick,Sacred Sword,Stone Edge,3,5,20,100000
Miltank,82.6,241,normal,none,109.5,139.2,156,2377814,50,1613,Rollout,Body Slam,High Horsepower,4,5,5,75000
Charizard (Mega X),82.4,6,fire,dragon,129.3,105.2,93,1265019,23.5,1278,Dragon Breath,Blast Burn,Air Cutter,13,10,3,10000
Hippowdon (Shadow),82.4,450,ground,none,107.3,107.8,131,1515269,30,1279,Sand Attack,Weather Ball (Rock),Earth Power,9,13,3,50000
Kommo-o,82.4,784,dragon,fighting,114.3,127.4,98,1427058,28,1277,Dragon Tail,Clanging Scales,Upper Hand,4,4,5,75000
Seaking,82.4,119,water,none,128.4,109.5,138,1940252,50,1581,Peck,Drill Run,Icy Wind,5,6,3,50000
Slurpuff,82.4,685,fairy,none,123.7,120.3,140,2083355,50,1607,Fairy Wind,Draining Kiss,Energy Ball,7,5,3,50000
Stunfisk,82.4,618,ground,electric,107.4,125.7,172,2322031,50,1581,Thunder Shock,Mud Bomb,Discharge,5,5,5,75000
Ursaluna,82.2,901,ground,normal,115.6,89.4,136,1405511,24,1278,Scratch,Thunder Punch,High Horsepower,10,14,3,50000
Electivire (Shadow),82.1,466,electric,none,132.4,91.9,101,1228924,29.5,1279,Thunder Shock,Wild Charge,Ice Punch,5,5,5,75000
Electrode (Hisuian),81.9,101,electric,grass,129.1,129.1,114,1900016,50,1571,Thunder Shock,Wild Charge,Energy Ball,5,5,3,50000
Nidoqueen,81.9,31,poison,ground,118.6,119.9,143,2033480,45.5,1553,Mud Slap,Poison Fang,Earth Power,4,5,3,50000
Zapdos (Shadow),81.9,145,electric,flying,126.9,95.1,105,1267160,25.5,1269,Thunder Shock,Drill Peck,Thunderbolt,5,7,20,100000
Aegislash (Shield),81.7,681,steel,ghost,75.7,193.9,114,1673318,50,1129,Psycho Cut,Shadow Ball,Flash Cannon,9,11,5,75000
Grimmsnarl,81.7,861,dark,fairy,129.3,85.8,128,1420024,34,1358,Sucker Punch,Foul Play,Draining Kiss,6,8,5,50000
Tapu Fini,81.7,788,water,fairy,109.7,149.8,105,1725471,35,1376,Water Gun,Surf,Nature's Madness,15,17,20,100000
Toedscruel,81.6,949,ground,grass,112.6,147.6,135,2243668,48,1589,Mud Slap,Seed Bomb,Earth Power,4,5,3,50000
Blastoise (Shadow),81.4,9,water,none,113.5,143.1,130,2111441,45.5,1552,Bite,Hydro Cannon,Skull Bash,10,19,3,10000
Giratina (Origin),81.4,487,ghost,dragon,110.4,96,140,1483776,25,1279,Shadow Claw,Shadow Ball,Dragon Pulse,7,7,20,100000
Pidgeot,81.4,18,normal,flying,122.3,114.2,141,1969299,50,1556,Gust,Twister,Brave Bird,3,4,1,10000
Suicune,81.4,245,water,none,100,135.1,128,1729280,32,1315,Ice Fang,Ice Beam,Scald,10,9,20,100000
Throh,81.4,538,fighting,none,110.9,109,172,2079153,43.5,1522,Low Kick,Focus Blast,Body Slam,10,5,5,75000
Typhlosion,81.4,157,fire,none,126.5,103.6,111,1454699,34,1359,Incinerate,Blast Burn,Thunder Punch,3,2,3,10000
Victini,81.4,494,psychic,fire,111.3,110.8,118,1455181,27.5,1275,Confusion,V-Create,Psyshock,3,3,20,100000
Dragonite (Mega),81.2,149,dragon,flying,126.2,110,93,1291026,19,1278,Dragon Breath,Superpower,Thunder Punch,10,10,5,75000
Electivire,81.2,466,electric,none,132.4,91.9,101,1228924,29.5,1279,Thunder Shock,Wild Charge,Ice Punch,5,5,5,75000
Hawlucha,81.2,701,fighting,flying,131.1,110,132,1903572,47.5,1581,Low Kick,Flying Press,Aerial Ace,5,6,5,75000
Talonflame (Shadow),81.2,663,fire,flying,129.1,114.9,135,2002535,50,1612,Incinerate,Fly,Brave Bird,3,3,1,10000
Charizard (Shadow),81.1,6,fire,flying,126.5,103.6,111,1454699,34,1359,Dragon Breath,Blast Burn,Air Cutter,13,10,3,10000
Clodsire,81.1,980,poison,ground,96,112.2,197,2121926,50,1427,Poison Sting,Stone Edge,Earthquake,7,8,3,50000
Dudunsparce,81.1,982,normal,none,113.1,97.2,164,1802904,38,1429,Astonish,Drill Run,Rock Slide,4,5,3,50000
Ferrothorn,81.1,598,grass,steel,112,155.3,127,2208987,47,1573,Bullet Seed,Power Whip,Flash Cannon,4,5,3,75000
Kingdra,81.1,230,water,dragon,120.4,127.1,117,1790432,40.5,1470,Dragon Breath,Surf,Swift,12,9,3,50000
Lickilicky,81.1,463,normal,none,108.1,127.1,167,2294498,47,1575,Rollout,Body Slam,Shadow Ball,4,4,3,50000
Cetitan,80.9,975,ice,none,110,71.6,187,1472812,29.5,1276,Powder Snow,Icicle Spear,Superpower,5,5,3,50000
Drapion (Shadow),80.9,452,poison,dark,119.3,140.6,121,2029603,46,1557,Poison Sting,Aqua Tail,Crunch,4,5,5,75000
Drifblim,80.9,426,ghost,flying,122.5,77.9,217,2070777,48.5,1594,Hex,Icy Wind,Shadow Ball,4,4,5,75000
Jirachi,80.9,385,steel,psychic,111.3,110.8,118,1455181,27.5,1275,Confusion,Doom Desire,Aura Sphere,3,3,20,100000
Politoed (Shadow),80.9,186,water,none,116,125.7,143,2085112,46,1560,Mud Shot,Weather Ball (Water),Earthquake,4,8,3,50000
Raichu (Alolan),80.9,26,electric,psychic,142.5,111,113,1787378,49,1601,Volt Switch,Volt Tackle,Psyshock,3,3,1,10000
Runerigus,80.9,867,ground,ghost,117.7,167.4,111,2187031,49.5,1608,Shadow Claw,Rock Tomb,Shadow Ball,7,7,3,50000
Turtonator,80.9,776,fire,dragon,121,155.4,114,2143588,50,1616,Incinerate,Brutal Swing,Dragon Claw,2,3,5,75000
Flamigo,80.7,973,flying,fighting,134.3,92.4,119,1476709,37,1412,Peck,Upper Hand,Brave Bird,5,7,3,75000
Gholdengo,80.7,1000,steel,ghost,124.7,99.4,105,1301494,26,1278,Hex,Shadow Ball,Power Gem,4,4,5,10000
Meganium,80.7,154,grass,none,114.5,143.8,135,2222789,48.5,1595,Vine Whip,Frenzy Plant,Earthquake,6,9,3,10000
Meganium (Shadow),80.7,154,grass,none,114.5,143.8,135,2222789,48.5,1595,Vine Whip,Frenzy Plant,Earthquake,6,9,3,10000
Rapidash,80.7,78,fire,none,136.8,113.4,114,1768496,46,1560,Incinerate,Wild Charge,Drill Run,3,2,3,50000
Rillaboom,80.7,812,grass,none,121.8,91.2,120,1332979,27.5,1275,Scratch,Drum Beating,Earth Power,9,13,3,10000
Skarmory,80.7,227,steel,flying,110.1,162.9,120,2152235,50,1541,Air Slash,Brave Bird,Drill Run,7,5,5,75000
Bellossom (Shadow),80.6,182,grass,none,121.1,133.1,130,2095393,48.5,1596,Acid,Leaf Blade,Dazzling Gleam,5,7,3,50000
Incineroar,80.6,727,fire,dark,116.9,101.9,123,1465190,31.5,1310,Snarl,Brutal Swing,Blast Burn,3,4,3,10000
Ludicolo,80.6,272,water,grass,121.8,125.8,133,2037885,47.5,1580,Astonish,Weather Ball (Water),Energy Ball,4,5,3,50000
Weezing (Galarian) (Shadow),80.6,110,poison,fairy,124.4,141.1,117,2053682,49,1603,Fairy Wind,Brutal Swing,Sludge,4,5,3,50000
Articuno (Shadow),80.4,144,ice,flying,105,129.3,115,1561298,30.5,1283,Powder Snow,Icy Wind,Hurricane,6,8,20,100000
Chesnaught,80.4,652,grass,fighting,112.5,120.2,118,1595655,33,1340,Low Kick,Frenzy Plant,Superpower,6,5,3,10000
Dodrio,80.4,85,normal,flying,147.7,103.2,113,1722418,48.5,1596,Peck,Drill Peck,Brave Bird,5,7,3,50000
Dragalge,80.4,691,poison,dragon,121.1,148.5,117,2104052,49,1601,Dragon Tail,Aqua Tail,Outrage,3,5,3,50000
Ferrothorn (Shadow),80.4,598,grass,steel,112,155.3,127,2208987,47,1573,Bullet Seed,Power Whip,Flash Cannon,4,5,3,75000
Orthworm,80.4,968,steel,none,115.1,155.7,123,2204292,48.5,1594,Mud Slap,Iron Head,Rock Tomb,5,5,5,75000
Skarmory (Shadow),80.4,227,steel,flying,110.1,162.9,120,2152235,50,1541,Air Slash,Brave Bird,Drill Run,7,5,5,75000
Wailord,80.4,321,water,none,124.5,67.9,240,2028852,48.5,1591,Rollout,Surf,Blizzard,4,6,1,10000
Chesnaught (Shadow),80.2,652,grass,fighting,112.5,120.2,118,1595655,33,1340,Low Kick,Frenzy Plant,Superpower,6,5,3,10000
Dialga,80.2,483,steel,dragon,127.4,102,98,1273490,22.5,1275,Dragon Breath,Iron Head,Draco Meteor,13,17,20,100000
Ho-Oh (Shadow),80.2,250,fire,flying,115.4,117.2,104,1406588,23.5,1274,Incinerate,Brave Bird,Sacred Fire,3,4,20,100000
Pelipper,80.2,279,water,flying,128.4,127.7,114,1869222,50,1555,Wing Attack,Weather Ball (Water),Hurricane,5,8,3,50000
Zygarde (50% Forme),80.2,718,dragon,ground,104.8,119.1,123,1535247,26.5,1272,Dragon Tail,Crunch,Earthquake,4,6,20,100000
Centiskorch,80.1,851,fire,bug,121.1,92.4,128,1432274,32,1320,Ember,Lunge,Heat Wave,5,5,5,75000
Lugia (Shadow),80.1,249,psychic,flying,96.5,152.3,114,1675452,24.5,1274,Dragon Tail,Fly,Earth Power,4,5,20,100000
Mamoswine,80.1,473,ice,ground,125.8,80.2,128,1291412,27.5,1278,Powder Snow,Icicle Spear,High Horsepower,5,7,3,50000
Oranguru,80.1,765,normal,psychic,112.7,135,144,2190888,47,1575,Confusion,Brutal Swing,Trailblaze,3,4,3,75000
Uxie,80.1,480,psychic,none,104.3,181.8,124,2351256,46.5,1568,Confusion,Swift,Future Sight,3,5,20,100000
Venusaur (Shadow),80.1,3,grass,poison,119,119.6,120,1707888,38,1430,Vine Whip,Frenzy Plant,Sludge,6,5,3,10000
Weezing (Galarian),80.1,110,poison,fairy,124.4,141.1,117,2053682,49,1603,Fairy Wind,Brutal Swing,Sludge,4,5,3,50000
Genesect (Burn),79.9,649,bug,steel,130.1,105.3,91,1246657,27,1275,Fury Cutter,Magnet Bomb,X-Scissor,10,10,20,100000
Politoed,79.9,186,water,none,116,125.7,143,2085112,46,1560,Mud Shot,Weather Ball (Water),Earthquake,4,8,3,50000
Raichu,79.9,26,electric,none,140.6,112.2,114,1798386,50,1595,Volt Switch,Trailblaze,Volt Tackle,3,3,1,10000
Gyarados,79.8,130,water,flying,120.2,98.8,114,1353837,27,1279,Dragon Breath,Aqua Tail,Twister,9,10,1,10000
Ninetales (Alolan) (Shadow),79.8,38,ice,fairy,120.5,137,125,2063563,47.5,1582,Powder Snow,Weather Ball (Ice),Chilling Water,5,6,3,50000
Skeledirge,79.8,911,fire,ghost,112.4,101.9,129,1477509,30.5,1290,Incinerate,Torch Song,Shadow Ball,3,3,3,10000
Typhlosion (Shadow),79.8,157,fire,none,126.5,103.6,111,1454699,34,1359,Incinerate,Blast Burn,Thunder Punch,3,2,3,10000
Abomasnow (Shadow),79.6,460,grass,ice,123,116.9,147,2113669,50,1613,Powder Snow,Weather Ball (Ice),Energy Ball,5,6,3,50000
Genesect,79.6,649,bug,steel,130.1,105.3,91,1246657,27,1275,Fury Cutter,Magnet Bomb,Techno Blast (Normal),10,14,20,100000
Genesect (Douse),79.6,649,bug,steel,130.1,105.3,91,1246657,27,1275,Fury Cutter,Magnet Bomb,Techno Blast (Douse),10,14,20,100000
Magnezone,79.6,462,electric,steel,124,112.2,94,1307803,28.5,1279,Volt Switch,Wild Charge,Mirror Shot,3,3,3,50000
Sandslash (Alolan),79.6,28,ice,steel,119.2,136.3,129,2095858,47.5,1581,Powder Snow,Ice Punch,Drill Run,5,5,3,50000
Cradily,79.4,346,rock,grass,112.8,141.2,145,2309467,50,1616,Acid,Rock Tomb,Grass Knot,7,7,3,50000
Greninja (Shadow),79.4,658,water,dark,136.3,99.1,114,1539836,39.5,1453,Water Shuriken,Hydro Cannon,Brutal Swing,3,3,3,10000
Honchkrow (Shadow),79.4,430,dark,flying,145.5,68.9,140,1403493,38,1430,Peck,Brave Bird,Dark Pulse,7,6,3,50000
Wailord (Shadow),79.4,321,water,none,124.5,67.9,240,2028852,48.5,1591,Rollout,Scald,Blizzard,4,6,1,10000
Yveltal,79.4,717,dark,flying,120.1,94.1,120,1356169,24.5,1277,Sucker Punch,Dark Pulse,Oblivion Wing,7,8,20,100000
Gourgeist (Large),79.3,711,ghost,grass,116,140.1,123,1998947,44,1526,Incinerate,Shadow Ball,Seed Bomb,3,2,5,75000
Metagross,79.3,376,steel,psychic,122.7,113.3,95,1320681,24,1279,Shadow Claw,Meteor Mash,Earthquake,6,9,5,75000
Reshiram,79.3,643,dragon,fire,127.4,102,98,1273490,22.5,1275,Dragon Breath,Fusion Flare,Draco Meteor,12,17,20,100000
Trevenant (Shadow),79.3,709,ghost,grass,129.2,105.9,131,1792379,43.5,1522,Shadow Claw,Shadow Ball,Seed Bomb,7,5,5,75000
Venusaur,79.3,3,grass,poison,119,119.6,120,1707888,38,1430,Vine Whip,Frenzy Plant,Sludge,6,5,3,10000
Chesnaught (Mega),79.1,652,grass,fighting,111.5,132.8,98,1451106,22.5,1277,Low Kick,Thunder Punch,Superpower,5,5,3,10000
Gyarados (Shadow),79.1,130,water,flying,120.2,98.8,114,1353837,27,1279,Dragon Breath,Aqua Tail,Twister,9,10,1,10000
Noctowl,79.1,164,normal,flying,108.1,115.6,162,2024410,50,1480,Wing Attack,Shadow Ball,Return,7,9,1,10000
Overqwil,79.1,904,dark,poison,123.1,100.2,116,1430816,32.5,1327,Poison Jab,Aqua Tail,Dark Pulse,5,7,5,75000
Rotom (Heat),79.1,479,electric,fire,128.8,144.9,92,1717007,42,1494,Thunder Shock,Overheat,Thunderbolt,7,7,5,75000
Swampert (Mega),79.1,260,water,ground,124.6,100.8,103,1293647,20.5,1275,Mud Shot,Hydro Cannon,Earthquake,5,8,3,10000
Zeraora,79.1,807,electric,none,129.4,92.5,105,1256798,26.5,1276,Volt Switch,Plasma Fists,Dynamic Punch,3,3,20,100000
Abomasnow,78.9,460,grass,ice,123,116.9,147,2113669,50,1613,Powder Snow,Weather Ball (Ice),Energy Ball,5,6,3,50000
Amoonguss,78.9,591,grass,poison,114.9,104.1,178,2129074,50,1565,Astonish,Foul Play,Grass Knot,4,5,3,50000
Gourgeist (Super),78.9,711,ghost,grass,113.1,130.8,128,1893565,40.5,1468,Incinerate,Shadow Ball,Seed Bomb,3,2,5,75000
Ninetales (Alolan),78.9,38,ice,fairy,120.5,137,125,2063563,47.5,1582,Powder Snow,Weather Ball (Ice),Chilling Water,5,6,3,50000
Toxicroak,78.9,454,poison,fighting,137.1,94.3,133,1719494,44.5,1536,Poison Sting,Dynamic Punch,Shadow Ball,5,6,3,50000
Cradily (Shadow),78.8,346,rock,grass,112.8,141.2,145,2309467,50,1616,Acid,Rock Tomb,Grass Knot,7,7,3,50000
Nidoqueen (Shadow),78.8,31,poison,ground,118.6,119.9,143,2033480,45.5,1553,Mud Slap,Poison Fang,Earth Power,4,5,3,50000
Quaquaval,78.6,914,water,fighting,126.7,91.8,112,1302679,30.5,1286,Low Kick,Close Combat,Hydro Cannon,6,5,3,10000
Skarmory (Mega),78.6,227,steel,flying,131,114.5,83,1244959,24.5,1279,Air Slash,Brave Bird,Flash Cannon,7,8,5,75000
Volcanion,78.6,721,fire,water,125,108.1,95,1283688,24,1273,Incinerate,Scald,Overheat,3,3,20,100000
Delphox,78.4,655,fire,psychic,123.5,107.7,101,1343396,30.5,1289,Scratch,Psyshock,Blast Burn,10,13,3,10000
Galvantula,78.4,596,bug,electric,146,96.6,126,1777054,50,1612,Volt Switch,Lunge,Discharge,3,3,3,50000
Torkoal,78.4,324,fire,none,112.2,147.3,126,2082410,50,1530,Ember,Flame Wheel,Overheat,5,7,3,50000
Ursaluna (Shadow),78.4,901,ground,normal,115.6,89.4,136,1405511,24,1278,Scratch,Thunder Punch,High Horsepower,10,14,3,50000
Virizion,78.4,640,grass,fighting,105.4,129.8,117,1600668,31,1298,Double Kick,Leaf Blade,Sacred Sword,3,3,20,100000
Honchkrow,78.3,430,dark,flying,145.5,68.9,140,1403493,38,1430,Peck,Brave Bird,Dark Pulse,7,6,3,50000
Magnezone (Shadow),78.3,462,electric,steel,124,112.2,94,1307803,28.5,1279,Volt Switch,Wild Charge,Mirror Shot,3,3,3,50000
Medicham (Mega),78.3,308,fighting,psychic,134,124.4,107,1783647,45,1545,Psycho Cut,Dynamic Punch,Ice Punch,5,5,3,50000
Oinkologne (Female),78.3,916,normal,none,111.5,113.5,169,2138737,45,1545,Take Down,Body Slam,Trailblaze,5,5,1,10000
Skuntank,78.3,435,poison,dark,127,98.7,164,2055724,50,1616,Poison Jab,Crunch,Trailblaze,7,7,3,50000
Trevenant,78.3,709,ghost,grass,129.2,105.9,131,1792379,43.5,1522,Shadow Claw,Shadow Ball,Seed Bomb,7,5,5,75000
Baxcalibur,78.1,998,dragon,ice,125.5,88.3,117,1296553,25.5,1279,Dragon Breath,Glaive Rush,Avalanche,10,12,5,75000
Delphox (Shadow),78.1,655,fire,psychic,123.5,107.7,101,1343396,30.5,1289,Scratch,Psyshock,Blast Burn,10,13,3,10000
Guzzlord,78.1,799,dark,dragon,107,63.5,252,1712214,34,1356,Dragon Tail,Brutal Swing,Sludge Bomb,3,5,20,100000
Rapidash (Shadow),78.1,78,fire,none,136.8,113.4,114,1768496,46,1560,Incinerate,Wild Charge,Drill Run,3,2,3,50000
Stoutland,78.1,508,normal,none,119.3,110.8,120,1586213,35,1378,Take Down,Wild Charge,Crunch,5,5,1,10000
Altaria,77.9,334,dragon,flying,105.4,146,132,2031269,50,1465,Dragon Breath,Moonblast,Flamethrower,13,14,1,10000
Bellossom,77.9,182,grass,none,121.1,133.1,130,2095393,48.5,1596,Acid,Leaf Blade,Dazzling Gleam,5,7,3,50000
Latias (Shadow),77.9,380,dragon,psychic,116.9,122.8,97,1392466,26,1279,Dragon Breath,Mist Ball,Aura Sphere,15,10,20,100000
Coalossal,77.8,839,rock,fire,102.2,143.2,172,2517227,49.5,1607,Fire Spin,Rock Slide,Flame Charge,5,5,3,10000
Drifblim (Shadow),77.8,426,ghost,flying,122.5,77.9,217,2070777,48.5,1594,Hex,Shadow Ball,Icy Wind,4,4,5,75000
Gogoat,77.8,673,grass,none,114.7,92.3,159,1683303,36,1393,Vine Whip,Leaf Blade,Rock Slide,5,6,3,50000
Venusaur (Mega),77.8,3,grass,poison,117.1,122.3,97,1389169,25,1278,Vine Whip,Frenzy Plant,Sludge,6,5,3,10000
Kingambit,77.6,983,dark,steel,117.1,104.2,114,1391007,25,1279,Low Kick,Foul Play,Iron Head,5,7,5,75000
Raichu (Mega Y),77.6,26,electric,none,161,79.1,79,1006073,24,1277,Thunder Shock,Brick Break,Trailblaze,5,5,1,10000
Sandslash (Alolan) (Shadow),77.6,28,ice,steel,119.2,136.3,129,2095858,47.5,1581,Powder Snow,Ice Punch,Drill Run,5,5,3,50000
Toxtricity,77.6,849,electric,poison,139.5,94.2,119,1563767,41,1479,Acid,Wild Charge,Swift,6,5,5,75000
Amoonguss (Shadow),77.4,591,grass,poison,114.9,104.1,178,2129074,50,1565,Astonish,Foul Play,Grass Knot,4,5,3,50000
Annihilape,77.4,979,fighting,ghost,113.8,97.1,129,1425447,28,1278,Low Kick,Rage Fist,Ice Punch,5,5,3,50000
Aurorus,77.4,699,rock,ice,108.9,102.1,160,1778990,36,1394,Powder Snow,Weather Ball (Ice),Meteor Beam,5,8,5,75000
Blaziken,77.4,257,fire,fighting,136.5,86.9,113,1340389,34,1357,Ember,Aura Sphere,Blast Burn,5,6,3,10000
Gourgeist (Average),77.4,711,ghost,grass,119.7,151.9,117,2127344,49,1601,Incinerate,Shadow Ball,Seed Bomb,3,2,5,75000
Ampharos,77.3,181,electric,none,121.6,102.3,125,1554960,35,1377,Volt Switch,Brutal Swing,Trailblaze,3,3,5,75000
Metagross (Mega),77.3,376,steel,psychic,125,124.5,83,1291688,18.5,1276,Shadow Claw,Meteor Mash,Earthquake,6,9,5,75000
Perrserker,77.3,863,steel,none,132.4,117.8,123,1918397,48.5,1594,Shadow Claw,Close Combat,Foul Play,6,5,3,50000
Metagross (Shadow),77.1,376,steel,psychic,122.7,113.3,95,1320681,24,1279,Shadow Claw,Meteor Mash,Earthquake,6,9,5,75000
Milotic,77.1,350,water,none,105.1,125,123,1615913,31.5,1308,Waterfall,Aqua Tail,Wrap,4,5,5,75000
Pangoro,77.1,675,fighting,dark,126.3,88.4,126,1406780,33,1336,Karate Chop,Close Combat,Night Slash,5,4,3,50000
Galvantula (Shadow),76.9,596,bug,electric,146,96.6,126,1777054,50,1612,Volt Switch,Lunge,Discharge,3,3,3,50000
Goodra,76.9,706,dragon,none,109.6,125.2,108,1481967,26,1276,Dragon Breath,Aqua Tail,Power Whip,9,13,5,75000
Latias (Mega),76.9,380,dragon,psychic,122.9,128.7,83,1312830,19,1275,Dragon Breath,Aura Sphere,Mist Ball,10,15,20,100000
Mew,76.9,151,psychic,none,111.3,110.8,118,1455181,27.5,1275,Shadow Claw,Psyshock,Wild Charge,5,6,20,100000
Suicune (Shadow),76.9,245,water,none,102.1,132.3,129,1742510,33,1336,Ice Fang,Scald,Ice Beam,9,10,20,100000
Kyurem,76.8,646,dragon,ice,122.3,86.7,126,1336030,26,1279,Dragon Breath,Glaciate,Dragon Claw,10,13,20,100000
Decidueye,76.6,724,grass,ghost,124.4,112.2,115,1605133,37,1413,Astonish,Frenzy Plant,Spirit Shackle,5,4,3,10000
Emboar,76.6,500,fire,fighting,128.2,75.6,137,1327793,31.5,1308,Ember,Blast Burn,Rock Slide,6,5,3,10000
Enamorus (Therian),76.6,905,fairy,flying,127.1,107.3,94,1281956,27,1278,Fairy Wind,Mystical Fire,Moonblast,5,6,20,100000
Gigalith,76.6,526,rock,none,117.3,110.2,107,1383131,28.5,1277,Lock On,Superpower,Meteor Beam,8,12,3,50000
Mamoswine (Shadow),76.6,473,ice,ground,125.8,80.2,128,1291412,27.5,1278,Powder Snow,Icicle Spear,High Horsepower,5,7,3,50000
Milotic (Shadow),76.6,350,water,none,105.1,125,123,1615913,31.5,1308,Waterfall,Aqua Tail,Wrap,4,5,5,75000
Muk (Shadow),76.6,89,poison,none,112.8,108.7,144,1765636,37,1411,Poison Jab,Dark Pulse,Thunder Punch,7,6,3,50000
Rotom (Mow),76.6,479,electric,grass,128.8,144.9,92,1717007,42,1494,Thunder Shock,Thunderbolt,Leaf Storm,7,7,5,75000
Bronzong,76.4,437,steel,psychic,118.3,152.7,122,2203858,50,1616,Confusion,Weather Ball (Water),Bulldoze,3,4,3,50000
Gourgeist (Small),76.4,711,ghost,grass,123.7,157.3,107,2082007,49.5,1609,Incinerate,Shadow Ball,Seed Bomb,3,2,5,75000
Greedent,76.4,820,normal,none,110.3,115,184,2333948,49.5,1607,Bite,Body Slam,Trailblaze,10,12,1,10000
Kilowattrel,76.4,941,electric,flying,145,94.8,120,1649520,45.5,1550,Thunder Shock,Acrobatics,Aerial Ace,7,5,1,10000
Palossand,76.4,770,ghost,ground,119.2,125.1,139,2072757,47,1575,Astonish,Shadow Ball,Sand Tomb,5,5,3,50000
Reshiram (Shadow),76.4,643,dragon,fire,127.4,102,98,1273490,22.5,1275,Dragon Breath,Fusion Flare,Draco Meteor,12,17,20,100000
Spiritomb,76.4,442,ghost,dark,124.3,144.6,102,1833326,50,1515,Sucker Punch,Shadow Ball,Rock Tomb,8,8,5,75000
Victreebel,76.4,71,grass,poison,137.5,97.7,132,1773255,46.5,1563,Sucker Punch,Leaf Blade,Sludge Bomb,5,8,3,50000
Abomasnow (Mega),76.3,460,grass,ice,121.2,100.8,110,1343866,27,1277,Powder Snow,Weather Ball (Ice),Energy Ball,5,6,3,50000
Crobat,76.3,169,poison,flying,120.4,115.6,128,1781535,40.5,1469,Gust,Poison Fang,Shadow Ball,3,4,1,10000
Serperior,76.3,497,grass,none,115.8,145.7,130,2193368,48.5,1596,Vine Whip,Frenzy Plant,Aerial Ace,6,6,3,10000
Altaria (Shadow),76.1,334,dragon,flying,105.4,146,132,2031269,50,1465,Dragon Breath,Moonblast,Flamethrower,13,14,1,10000
Annihilape (Shadow),76.1,979,fighting,ghost,113.8,97.1,129,1425447,28,1278,Low Kick,Rage Fist,Ice Punch,5,5,3,50000
Raichu (Mega X),76.1,26,electric,none,137.4,105.3,82,1186394,26,1279,Volt Switch,Brick Break,Trailblaze,3,3,1,10000
Starmie (Shadow),76.1,121,water,psychic,131.7,121.9,104,1669640,41.5,1488,Psywave,Aqua Jet,Power Gem,10,13,3,50000
Glalie,75.9,362,ice,none,119.6,119.6,138,1973974,50,1539,Powder Snow,Avalanche,Shadow Ball,6,7,3,50000
Lucario,75.9,448,fighting,steel,140.4,93,109,1423235,37.5,1417,Force Palm,Aura Sphere,Shadow Ball,4,5,5,75000
Slowbro,75.9,80,water,psychic,114.1,121.6,144,1997937,43,1512,Confusion,Drain Punch,Ice Beam,3,4,3,50000
Starmie,75.8,121,water,psychic,131.7,121.9,104,1669640,41.5,1488,Psywave,Aqua Jet,Power Gem,10,13,3,50000
Togedemaru,75.8,777,electric,steel,138.5,108.1,120,1796622,50,1579,Thunder Shock,Fell Stinger,Wild Charge,4,5,3,50000
Fearow,75.6,22,normal,flying,133.1,100,120,1597200,50,1460,Peck,Drill Peck,Drill Run,5,5,1,10000
Heracross,75.6,214,bug,fighting,123.5,100.7,105,1305827,29.5,1275,Fury Cutter,Upper Hand,Rock Tomb,10,13,3,50000
Urshifu (Single Strike),75.6,892,fighting,dark,126.3,89.9,113,1283044,24.5,1273,Sucker Punch,Payback,Dynamic Punch,9,7,20,100000
Cinderace,75.4,815,fire,none,129.3,94.2,107,1303266,31,1300,Fire Spin,Blast Burn,Pyro Ball,5,4,3,10000
Lunatone,75.4,337,rock,psychic,125.1,110.6,144,1992393,47.5,1580,Psywave,Weather Ball (Ice),Rock Slide,9,12,3,50000
Lurantis,75.4,754,grass,none,129.8,121.8,123,1944586,48,1589,Leafage,Leaf Blade,Superpower,5,5,3,50000
Muk,75.4,89,poison,none,112.8,108.7,144,1765636,37,1411,Poison Jab,Thunder Punch,Dark Pulse,6,7,3,50000
Shelgon,75.4,372,dragon,none,126.4,114.9,120,1742803,50,1485,Dragon Breath,Twister,Flamethrower,10,14,5,75000
Avalugg,75.3,713,ice,none,102.9,131.2,117,1579556,29,1277,Ice Fang,Icy Wind,Crunch,8,8,3,50000
Charizard (Mega Y),75.3,6,fire,flying,139.8,97.4,86,1171021,20.5,1279,Ember,Blast Burn,Air Cutter,6,5,3,10000
Machamp (Shadow),75.3,68,fighting,none,124.6,91.1,115,1305372,30,1278,Karate Chop,Cross Chop,Rock Slide,4,5,3,50000
Greninja,75.1,658,water,dark,136.3,99.1,114,1539836,39.5,1453,Water Shuriken,Hydro Cannon,Brutal Swing,3,3,3,10000
Groudon,75.1,383,ground,none,124.2,107.4,98,1307230,22.5,1276,Mud Shot,Precipice Blades,Fire Punch,7,5,20,100000
Orbeetle,75.1,826,bug,psychic,114.9,172.3,114,2256889,50,1611,Confusion,Psyshock,Bug Buzz,3,5,1,10000
Roserade,75.1,407,grass,poison,133.5,108.1,90,1298821,32,1319,Poison Sting,Weather Ball (Fire),Leaf Storm,4,7,3,50000
Decidueye (Hisuian),75,724,grass,fighting,120.6,104,120,1505088,33.5,1350,Psycho Cut,Aura Sphere,Trailblaze,5,5,3,10000
Emboar (Shadow),75,500,fire,fighting,128.2,75.6,137,1327793,31.5,1308,Ember,Blast Burn,Rock Slide,6,5,3,10000
Pidgeot (Mega),75,18,normal,flying,135.7,89.8,98,1194214,25,1279,Gust,Brave Bird,Twister,4,3,1,10000
Serperior (Shadow),75,497,grass,none,115.8,145.7,130,2193368,48.5,1596,Vine Whip,Frenzy Plant,Leaf Tornado,6,5,3,10000
Tangrowth,74.8,465,grass,none,112.3,105.4,127,1503225,31,1299,Infestation,Power Whip,Rock Slide,5,4,3,50000
Greninja (Mega),74.6,658,water,dark,142.3,90.8,88,1137034,24,1279,Water Shuriken,Hydro Cannon,Brutal Swing,3,3,3,10000
Kyogre,74.6,382,water,none,124.2,107.4,98,1307230,22.5,1276,Waterfall,Avalanche,Origin Pulse,5,6,20,100000
Marshadow,74.6,802,fighting,ghost,129.2,95.5,101,1246199,24,1272,Shadow Claw,Close Combat,Thunder Punch,6,5,20,100000
Swanna (Shadow),74.6,581,water,flying,133.1,99.3,132,1744622,50,1526,Gust,Aqua Jet,Fly,3,4,3,50000
Vikavolt,74.6,738,bug,electric,133.9,88.2,103,1216428,29.5,1278,Volt Switch,X-Scissor,Fly,3,3,1,10000
Zacian (Hero),74.6,888,fairy,none,121.3,115.2,95,1327507,24,1274,Snarl,Wild Charge,Close Combat,4,4,20,100000
Dragonite (Shadow),74.5,149,dragon,flying,125.5,99.7,103,1288772,24,1277,Dragon Breath,Thunder Punch,Superpower,10,10,5,75000
Lanturn,74.5,171,water,electric,108.8,102.7,191,2134188,50,1524,Spark,Surf,Thunderbolt,7,8,3,50000
Rayquaza (Mega),74.5,384,dragon,flying,145.6,84.9,90,1112530,16,1276,Dragon Tail,Dragon Ascent,Breaking Swipe,4,5,20,100000
Skuntank (Shadow),74.5,435,poison,dark,127,98.7,164,2055724,50,1616,Poison Jab,Crunch,Trailblaze,7,7,3,50000
Slowbro (Shadow),74.5,80,water,psychic,114.1,121.6,144,1997937,43,1512,Confusion,Drain Punch,Ice Beam,3,4,3,50000
Slowking,74.5,199,water,psychic,114.1,121.6,144,1997937,43,1512,Confusion,Surf,Blizzard,4,6,3,50000
Solrock,74.5,338,rock,psychic,125.1,110.6,144,1992393,47.5,1580,Psywave,Weather Ball (Fire),Rock Slide,9,12,3,50000
Starmie (Mega),74.5,121,water,psychic,132.9,114.9,80,1221617,24.5,1277,Psywave,Thunder,Power Gem,15,13,3,50000
Tapu Koko,74.5,785,electric,fairy,131.7,99.3,94,1229314,29,1277,Volt Switch,Thunderbolt,Nature's Madness,4,4,20,100000
Weezing,74.5,110,poison,none,123,142.5,119,2085773,49.5,1607,Rollout,Sludge Bomb,Shadow Ball,4,4,3,50000
Froslass,74.3,478,ice,ghost,125.7,111.5,126,1765959,50,1491,Powder Snow,Avalanche,Shadow Ball,6,7,3,50000
Keldeo (Resolute),74.3,647,water,fighting,126.9,96.4,103,1260015,24,1270,Low Kick,Secret Sword,Aqua Jet,5,5,20,100000
Mewtwo (Shadow),74.3,150,psychic,none,137.4,85.1,100,1169274,21.5,1270,Psycho Cut,Psystrike,Shadow Ball,5,6,20,100000
Torterra,74.3,389,grass,ground,113.9,112.3,125,1598871,33.5,1349,Mud Slap,Frenzy Plant,Sand Tomb,5,5,3,10000
Excadrill (Shadow),74.1,530,ground,steel,132,72.8,128,1230029,28,1278,Mud Shot,Drill Run,Rock Slide,5,5,3,50000
Gurdurr,74.1,533,fighting,none,131.8,100.7,143,1897933,50,1586,Low Kick,Brick Break,Stone Edge,5,7,5,75000
Hydreigon (Shadow),74.1,635,dark,dragon,125.2,97,107,1299451,25,1278,Dragon Breath,Brutal Swing,Fly,9,12,5,75000
Klefki,74.1,707,steel,fairy,118.3,131.1,110,1706004,50,1425,Astonish,Foul Play,Draining Kiss,4,6,3,50000
Thievul,74.1,828,dark,none,126.4,121,126,1927094,50,1562,Sucker Punch,Night Slash,Icy Wind,5,7,1,10000
Victreebel (Shadow),74.1,71,grass,poison,137.5,97.7,132,1773255,46.5,1563,Sucker Punch,Leaf Blade,Acid Spray,5,7,3,50000
Vikavolt (Shadow),74.1,738,bug,electric,133.9,88.2,103,1216428,29.5,1278,Volt Switch,X-Scissor,Discharge,3,3,1,10000
Barbaracle,74,689,rock,water,118.8,130.7,113,1754569,39,1445,Fury Cutter,Cross Chop,Stone Edge,9,14,3,50000
Crobat (Shadow),74,169,poison,flying,120.4,115.6,128,1781535,40.5,1469,Gust,Poison Fang,Shadow Ball,3,4,1,10000
Houndstone,74,972,ghost,none,121.1,133.9,120,1945835,44.5,1538,Bite,Shadow Ball,Psychic Fangs,13,9,3,50000
Weezing (Shadow),74,110,poison,none,124.4,141.1,117,2053682,49,1603,Rollout,Sludge Bomb,Shadow Ball,4,4,3,50000
Whimsicott,74,547,grass,fairy,121,129.1,114,1780805,50,1472,Fairy Wind,Moonblast,Seed Bomb,6,5,1,10000
Wyrdeer,74,899,normal,psychic,122.9,93,143,1634447,37.5,1419,Confusion,Wild Charge,Stomp,4,3,5,75000
Ampharos (Shadow),73.8,181,electric,none,121.6,102.3,125,1554960,35,1377,Volt Switch,Brutal Swing,Trailblaze,3,3,5,75000
Armarouge,73.8,936,fire,psychic,121.4,102,108,1337342,28.5,1275,Incinerate,Psyshock,Flame Charge,2,3,5,50000
Delphox (Mega),73.8,655,fire,psychic,139.5,102.5,81,1158199,19,1276,Scratch,Blast Burn,Psyshock,13,10,3,10000
Flygon,73.8,330,ground,dragon,126.3,108.2,123,1680876,40,1462,Dragon Tail,Twister,Sand Tomb,4,4,5,75000
Glalie (Shadow),73.8,362,ice,none,119.6,119.6,138,1973974,50,1539,Powder Snow,Avalanche,Shadow Ball,6,7,3,50000
Golem (Alolan),73.8,76,rock,electric,117.1,116,111,1507780,32.5,1330,Volt Switch,Rock Blast,Wild Charge,3,3,1,10000
Heatran,73.8,485,fire,steel,120.6,107.8,103,1339070,24.5,1274,Fire Spin,Magma Storm,Earth Power,4,5,20,100000
Landorus (Incarnate) (Shadow),73.8,645,ground,flying,129.6,92.6,105,1260101,26,1279,Mud Shot,Earth Power,Rock Slide,6,5,20,100000
Rayquaza,73.8,384,dragon,flying,133.4,85.7,105,1200400,23.5,1269,Dragon Tail,Breaking Swipe,Dragon Ascent,5,4,20,100000
Rotom (Wash),73.8,479,electric,water,128.8,144.9,92,1717007,42,1494,Thunder Shock,Thunderbolt,Hydro Pump,7,9,5,75000
Meloetta (Aria),73.6,648,normal,psychic,117.9,107.4,108,1367546,22.5,1271,Confusion,Psyshock,Dazzling Gleam,3,4,20,100000
Poliwrath,73.6,62,water,fighting,115.2,122.6,137,1934922,42,1495,Counter,Icy Wind,Scald,8,9,3,50000
Scizor (Shadow),73.6,212,bug,steel,127.7,104.3,98,1305273,31,1297,Fury Cutter,Night Slash,Trailblaze,9,12,5,75000
Shelgon (Shadow),73.6,372,dragon,none,126.4,114.9,120,1742803,50,1485,Dragon Breath,Twister,Flamethrower,10,14,5,75000
Slowbro (Mega),73.6,80,water,psychic,107.8,129.6,108,1508855,24.5,1277,Confusion,Drain Punch,Ice Beam,3,4,3,50000
Whiscash,73.6,340,water,ground,112.2,105.4,173,2045877,50,1517,Mud Shot,Mud Bomb,Scald,5,6,1,10000
Arctibax,73.5,997,dragon,ice,127,96.6,150,1840230,50,1529,Dragon Breath,Avalanche,Dragon Claw,12,13,5,75000
Conkeldurr,73.5,534,fighting,none,123.8,86.7,123,1320216,27.5,1279,Force Palm,Dynamic Punch,Brutal Swing,5,4,5,75000
Garganacl,73.5,934,rock,none,103.8,134.6,142,1983950,38.5,1436,Mud Shot,Rock Tomb,Rock Blast,6,5,5,50000
Gothitelle,73.5,576,psychic,none,119.2,143.7,123,2106872,48,1589,Confusion,Rock Slide,Future Sight,4,5,3,50000
Houndoom (Shadow),73.5,229,dark,fire,136.9,95.5,117,1529652,39.5,1451,Incinerate,Foul Play,Trailblaze,2,3,3,50000
Hypno,73.5,97,psychic,none,107.4,140.6,143,2159363,50,1528,Confusion,Thunder Punch,Shadow Ball,3,4,3,50000
Machamp,73.5,68,fighting,none,124.6,91.1,115,1305372,30,1278,Karate Chop,Cross Chop,Rock Slide,4,5,3,50000
Qwilfish (Hisuian),73.5,211,dark,poison,134.5,112.2,120,1810908,50,1561,Poison Jab,Aqua Tail,Dark Pulse,5,7,3,50000
Samurott (Hisuian),73.5,503,water,dark,126.4,95.1,126,1514601,35.5,1385,Fury Cutter,Icy Wind,Dark Pulse,12,12,3,10000
Scrafty,73.5,560,dark,fighting,117.7,157.3,119,2203191,49.5,1609,Counter,Foul Play,Thunder Punch,7,7,3,50000
Dragonite,73.3,149,dragon,flying,125.5,99.7,103,1288772,24,1277,Dragon Breath,Thunder Punch,Superpower,10,10,5,75000
Electabuzz,73.3,125,electric,none,135.8,116.9,120,1905002,50,1610,Thunder Shock,Thunder Punch,Return,5,8,5,75000
Escavalier,73.3,589,bug,steel,125.6,111.7,103,1445041,33.5,1349,Bug Bite,Razor Shell,Drill Run,12,14,3,50000
Primeape,73.3,57,fighting,none,145.7,101.8,117,1735374,48.5,1596,Karate Chop,Rage Fist,Close Combat,5,5,3,50000
Whiscash (Shadow),73.3,340,water,ground,112.2,105.4,173,2045877,50,1517,Mud Shot,Mud Bomb,Scald,5,6,1,10000
Zapdos (Galarian),73.3,145,fighting,flying,125,97.5,106,1291875,25.5,1274,Low Kick,Fly,Brave Bird,6,7,20,100000
Zebstrika (Shadow),73.3,523,electric,none,140.9,98.9,126,1755811,47,1575,Low Kick,Wild Charge,Discharge,6,5,3,50000
Dhelmise,73.1,781,ghost,grass,129.1,105.1,100,1356841,32.5,1329,Shadow Claw,Brutal Swing,Shadow Ball,5,7,5,50000
Leavanny,73.1,542,bug,grass,128.7,110.8,120,1711195,41.5,1487,Shadow Claw,Leaf Blade,X-Scissor,5,5,1,10000
Noivern,73.1,715,flying,dragon,121.2,109.1,122,1613196,36.5,1404,Bite,Heat Wave,Hurricane,12,15,5,75000
Pawmot,73.1,923,electric,fighting,143.5,92.4,113,1498312,40.5,1471,Thunder Shock,Brick Break,Wild Charge,5,5,3,75000
Salamence (Shadow),73.1,373,dragon,flying,133,85.7,108,1230995,24,1279,Dragon Tail,Fly,Brutal Swing,4,3,5,75000
Slowking (Galarian),73.1,199,poison,psychic,115,115.6,135,1794690,38.5,1438,Acid,Surf,Shadow Ball,6,7,3,50000
Blissey,73,242,normal,none,79.4,109.8,301,2624154,39,1445,Zen Headbutt,Wild Charge,Dazzling Gleam,8,10,5,75000
Diancie,73,719,rock,fairy,114.8,169.6,84,1635487,35,1376,Rock Throw,Moonblast,Rock Slide,10,9,20,100000
Froslass (Shadow),73,478,ice,ghost,125.7,111.5,126,1765959,50,1491,Powder Snow,Avalanche,Shadow Ball,6,7,3,50000
Hariyama (Shadow),73,297,fighting,none,121,72.4,179,1568112,35,1377,Force Palm,Upper Hand,Heavy Slam,4,5,3,50000
Hydreigon,73,635,dark,dragon,125.2,97,107,1299451,25,1278,Dragon Breath,Brutal Swing,Dragon Pulse,9,14,5,75000
Bewear,72.8,760,normal,fighting,119.4,80.5,142,1364861,29.5,1279,Low Kick,Superpower,Stomp,5,5,1,10000
Gallade (Shadow),72.8,475,psychic,fighting,125.6,108.5,95,1294622,29.5,1278,Low Kick,Sacred Sword,Close Combat,5,6,5,75000
Latios,72.8,381,dragon,psychic,127.8,103.5,95,1256594,24,1273,Dragon Breath,Aura Sphere,Luster Purge,10,15,20,100000
Moltres,72.8,146,fire,flying,126.6,97.3,104,1281091,27,1278,Wing Attack,Fly,Heat Wave,6,6,20,100000
Scolipede,72.8,545,bug,poison,134.9,122.5,110,1817778,46.5,1566,Poison Sting,Aqua Tail,Megahorn,4,7,1,10000
Electrode,72.6,101,electric,none,127,127,114,1838706,50,1534,Volt Switch,Foul Play,Discharge,3,3,3,50000
Excadrill,72.6,530,ground,steel,132,72.8,128,1230029,28,1278,Mud Shot,Drill Run,Rock Slide,5,5,3,50000
Hariyama,72.6,297,fighting,none,121,72.4,179,1568112,35,1377,Force Palm,Upper Hand,Heavy Slam,4,5,3,50000
Houndoom,72.6,229,dark,fire,136.9,95.5,117,1529652,39.5,1451,Incinerate,Foul Play,Trailblaze,2,3,3,50000
Porygon2,72.6,233,normal,none,119,114.9,125,1709138,38,1428,Lock On,Tri Attack,Zap Cannon,10,16,3,50000
Rotom (Fan),72.6,479,electric,flying,128.8,144.9,92,1717007,42,1494,Astonish,Thunderbolt,Ominous Wind,6,5,5,75000
Rotom (Frost),72.6,479,electric,ice,128.8,144.9,92,1717007,42,1494,Thunder Shock,Thunderbolt,Blizzard,7,9,5,75000
Sandslash,72.6,28,ground,none,125.1,126.4,131,2071456,49.5,1609,Sand Attack,Night Slash,Rock Tomb,9,13,3,50000
Scizor,72.6,212,bug,steel,127.7,104.3,98,1305273,31,1297,Fury Cutter,Night Slash,Trailblaze,9,12,5,75000
Steelix (Shadow),72.6,208,steel,ground,101.2,190.3,130,2503587,48.5,1593,Thunder Fang,Psychic Fangs,Crunch,6,8,5,75000
Thundurus (Incarnate),72.6,642,electric,flying,135.8,89.2,98,1187109,27.5,1274,Thunder Shock,Crunch,Thunder,5,7,20,100000
Golurk,72.5,623,ground,ghost,127.8,94.4,123,1483911,35,1378,Astonish,Shadow Punch,Dynamic Punch,4,5,5,75000
Granbull,72.5,210,fairy,none,134.6,90.3,138,1677304,42.5,1504,Charm,Close Combat,Crunch,6,6,3,50000
Oinkologne,72.5,916,normal,none,116.3,102.8,157,1877035,41,1478,Take Down,Body Slam,Trailblaze,5,5,1,10000
Scolipede (Shadow),72.5,545,bug,poison,134.9,122.5,110,1817778,46.5,1566,Poison Sting,Aqua Tail,Megahorn,4,7,1,10000
Throh (Shadow),72.5,538,fighting,none,110.9,109,172,2079153,43.5,1522,Low Kick,Brick Break,Body Slam,5,5,5,75000
Barraskewda,72.3,847,water,none,157.4,84.1,101,1336971,39.5,1453,Peck,Aqua Jet,Close Combat,5,6,3,50000
Escavalier (Shadow),72.3,589,bug,steel,125.6,111.7,103,1445041,33.5,1349,Bug Bite,Drill Run,Razor Shell,14,12,3,50000
Rapidash (Galarian),72.3,78,psychic,fairy,136.8,113.4,114,1768496,46,1560,Fairy Wind,Body Slam,Wild Charge,5,5,3,50000
Salamence (Mega),72.3,373,dragon,flying,127.3,107.8,93,1276233,18,1276,Dragon Tail,Fly,Brutal Swing,4,3,5,75000
Scizor (Mega),72.3,212,bug,steel,128.3,117.4,84,1265243,22.5,1279,Fury Cutter,Night Slash,Trailblaze,9,12,5,75000
Urshifu (Rapid Strike),72.3,892,fighting,water,126.3,89.9,113,1283044,24.5,1273,Waterfall,Aqua Jet,Dynamic Punch,4,5,20,100000
Magmar,72.1,126,fire,none,139,111.9,116,1804276,48,1587,Karate Chop,Fire Punch,Scorching Sands,5,6,5,75000
Magneton,72.1,82,electric,steel,144.5,116,96,1609152,44,1527,Volt Switch,Magnet Bomb,Discharge,3,3,3,50000
Mismagius,72.1,429,ghost,none,131.6,122.4,103,1659108,41,1480,Hex,Shadow Ball,Mystical Fire,4,4,3,50000
Swalot,72.1,317,poison,none,104.7,117.6,162,1994661,50,1446,Infestation,Sludge,Ice Beam,4,5,1,10000
Swanna,72.1,581,water,flying,133.1,99.3,132,1744622,50,1526,Gust,Aqua Jet,Fly,3,4,3,50000
Tangrowth (Shadow),72.1,465,grass,none,112.3,105.4,127,1503225,31,1299,Infestation,Power Whip,Rock Slide,5,4,3,50000
Mismagius (Shadow),72,429,ghost,none,131.6,122.4,103,1659108,41,1480,Hex,Shadow Ball,Mystical Fire,4,4,3,50000
Porygon2 (Shadow),72,233,normal,none,119,114.9,125,1709138,38,1428,Lock On,Tri Attack,Zap Cannon,10,16,3,50000
Durant,71.8,632,bug,steel,132.7,121.9,98,1585261,39.5,1454,Bug Bite,X-Scissor,Iron Head,14,17,3,50000
Enamorus (Incarnate),71.8,905,fairy,flying,142,86.9,93,1147601,27,1279,Fairy Wind,Fly,Dazzling Gleam,5,7,20,100000
Victreebel (Mega),71.8,71,grass,poison,131.1,95,99,1232996,26,1277,Acid,Leaf Blade,Sludge Bomb,5,7,3,50000
Zamazenta (Crowned Shield),71.8,889,fighting,steel,114.7,134,92,1414022,22,1276,Ice Fang,Close Combat,Behemoth Bash,8,8,20,100000
Chimecho,71.6,358,psychic,none,126.4,123.7,132,2063910,50,1617,Astonish,Psyshock,Energy Ball,4,5,5,75000
Gigalith (Shadow),71.6,526,rock,none,117.3,110.2,107,1383131,28.5,1277,Lock On,Meteor Beam,Superpower,12,8,3,50000
Latios (Shadow),71.6,381,dragon,psychic,129.2,103,94,1250914,24,1272,Dragon Breath,Aura Sphere,Luster Purge,10,15,20,100000
Salamence,71.6,373,dragon,flying,133,85.7,108,1230995,24,1279,Dragon Tail,Fly,Brutal Swing,4,3,5,75000
Tapu Lele,71.6,786,psychic,fairy,128.6,108.2,90,1252307,26,1270,Astonish,Nature's Madness,Psyshock,5,4,20,100000
Gengar (Shadow),71.5,94,ghost,poison,146,90,93,1222020,33,1338,Shadow Claw,Shadow Punch,Dark Pulse,5,6,3,50000
Golem (Alolan) (Shadow),71.5,76,rock,electric,117.1,116,111,1507780,32.5,1330,Volt Switch,Wild Charge,Rock Blast,3,3,1,10000
Octillery,71.5,224,water,none,138.4,103.3,127,1815683,48,1589,Lock On,Water Pulse,Aurora Beam,10,12,1,10000
Poliwrath (Shadow),71.5,62,water,fighting,115.2,122.6,137,1934922,42,1495,Counter,Icy Wind,Scald,8,9,3,50000
Sneasler (Shadow),71.5,903,fighting,poison,134.2,86.7,104,1210055,28.5,1277,Shadow Claw,Close Combat,X-Scissor,6,5,5,75000
Torterra (Shadow),71.5,389,grass,ground,113.9,112.3,125,1598871,33.5,1349,Mud Slap,Frenzy Plant,Sand Tomb,5,5,3,10000
Zebstrika,71.5,523,electric,none,140.9,98.9,126,1755811,47,1575,Low Kick,Wild Charge,Discharge,6,5,3,50000
Aurorus (Shadow),71.3,699,rock,ice,108.9,102.1,160,1778990,36,1394,Powder Snow,Weather Ball (Ice),Meteor Beam,5,8,5,75000
Bewear (Shadow),71.3,760,normal,fighting,119.4,80.5,142,1364861,29.5,1279,Low Kick,Superpower,Stomp,5,5,1,10000
Electrode (Shadow),71.3,101,electric,none,127,127,114,1838706,50,1534,Volt Switch,Foul Play,Discharge,3,3,3,50000
Eternatus,71.3,890,poison,dragon,124.8,88,119,1306906,20,1278,Dragon Tail,Dynamax Cannon,Sludge Bomb,4,5,20,100000
Gurdurr (Shadow),71.3,533,fighting,none,131.8,100.7,143,1897933,50,1586,Low Kick,Brick Break,Stone Edge,5,7,5,75000
Kabutops,71.3,141,rock,water,131.7,117.6,98,1517816,37.5,1420,Fury Cutter,Aqua Jet,Stone Edge,10,14,5,75000
Articuno (Galarian),71.1,144,psychic,flying,123.1,100.4,106,1310079,25.5,1273,Psycho Cut,Fly,Brave Bird,5,7,20,100000
Gyarados (Mega),71.1,130,water,dark,124.9,107.6,97,1303606,19.5,1279,Dragon Breath,Aqua Tail,Crunch,9,12,1,10000
Hitmonlee (Shadow),71.1,106,fighting,none,141.2,120.8,92,1569240,42,1495,Low Kick,Close Combat,Blaze Kick,6,5,5,75000
Mewtwo,71.1,150,psychic,none,136.5,86.4,101,1191154,21.5,1275,Psycho Cut,Psystrike,Shadow Ball,5,6,20,100000
Staraptor (Shadow),71.1,398,normal,flying,134.2,87,119,1389373,34.5,1368,Wing Attack,Fly,Close Combat,6,6,1,10000
Appletun,71,842,grass,dragon,119.2,104.2,167,2074247,47,1576,Astonish,Energy Ball,Outrage,5,6,5,75000
Dubwool,71,832,normal,none,117.6,143.9,129,2183021,50,1602,Double Kick,Body Slam,Wild Charge,4,4,3,10000
Grafaiai,71,945,poison,normal,141.1,109.7,117,1811004,49,1599,Scratch,Poison Fang,Foul Play,10,10,3,50000
Infernape,71,392,fire,fighting,133.7,97.8,116,1516800,38,1428,Fire Spin,Close Combat,Blast Burn,5,5,3,10000
Necrozma (Dusk Mane),71,800,psychic,steel,127.4,106.5,94,1275401,22.5,1279,Shadow Claw,Dark Pulse,Sunsteel Strike,6,9,20,100000
Noctowl (Shadow),71,164,normal,flying,108.1,115.6,162,2024410,50,1480,Wing Attack,Sky Attack,Shadow Ball,7,7,1,10000
Sableye (Mega),71,302,dark,ghost,112.2,156.1,102,1786471,50,1420,Shadow Claw,Foul Play,Shadow Sneak,5,7,5,75000
Sandaconda,71,844,ground,none,118.1,127.3,109,1638720,36,1394,Mud Slap,Earth Power,Wrap,5,5,3,50000
Slowbro (Galarian),71,80,poison,psychic,121.2,110.8,150,2014344,46.5,1565,Confusion,Drain Punch,Sludge Bomb,3,4,3,50000
Zekrom,71,644,dragon,electric,127.4,102,98,1273490,22.5,1275,Dragon Breath,Crunch,Wild Charge,12,12,20,100000
Dipplin,70.8,1011,grass,dragon,118.4,133.1,137,2158988,49,1599,Dragon Tail,Seed Bomb,Outrage,4,5,5,75000
Machoke (Shadow),70.8,67,fighting,none,129.7,94.6,138,1693208,50,1485,Karate Chop,Cross Chop,Dynamic Punch,4,5,3,50000
Sinistcha,70.8,1013,grass,ghost,124.3,111.4,101,1398549,32,1319,Astonish,Energy Ball,Shadow Ball,5,5,3,50000
Tauros (Combat),70.8,128,fighting,none,121,117.6,110,1565256,35,1377,Double Kick,Close Combat,Trailblaze,4,4,3,50000
Camerupt,70.6,323,fire,ground,141.2,102,126,1814702,50,1603,Incinerate,Earth Power,Rock Tomb,3,3,3,50000
Eelektross,70.6,604,electric,none,130.2,98.4,122,1563025,38,1429,Volt Switch,Dragon Claw,Thunderbolt,4,4,1,10000
Glalie (Mega),70.6,362,ice,none,131,92.5,103,1248103,28,1279,Powder Snow,Avalanche,Shadow Ball,6,7,3,50000
Groudon (Primal),70.6,383,fire,ground,135.1,102.3,87,1202404,15.5,1276,Mud Shot,Fire Punch,Precipice Blades,5,7,20,100000
Kartana,70.6,798,grass,steel,156.2,91.7,73,1045618,25,1279,Fury Cutter,Leaf Blade,Sacred Sword,9,9,20,100000
Luxray,70.6,405,electric,none,130.5,94.6,112,1382674,33.5,1348,Snarl,Wild Charge,Psychic Fangs,4,3,5,75000
Sneasler,70.6,903,fighting,poison,134.2,86.7,104,1210055,28.5,1277,Shadow Claw,Close Combat,X-Scissor,6,5,5,75000
Hitmonlee,70.5,106,fighting,none,141.2,120.8,92,1569240,42,1495,Low Kick,Close Combat,Blaze Kick,6,5,5,75000
Palkia,70.5,484,water,dragon,130.6,103.1,92,1238767,23,1276,Dragon Breath,Aqua Tail,Draco Meteor,9,17,20,100000
Kecleon,70.3,352,normal,none,118.9,137.9,114,1869179,50,1496,Sucker Punch,Dynamic Punch,Foul Play,7,6,5,75000
Kyurem (Black),70.3,646,dragon,ice,134.6,82.7,109,1213325,19.5,1279,Dragon Tail,Freeze Shock,Fusion Bolt,5,4,20,100000
Quagsire (Shadow),70.3,195,water,ground,112.8,106.8,156,1879338,50,1456,Mud Shot,Aqua Tail,Stone Edge,4,7,3,50000
Relicanth,70.3,369,water,rock,105.8,138.3,152,2224085,44.5,1536,Water Gun,Aqua Tail,Ancient Power,12,15,5,75000
Sandslash (Shadow),70.3,28,ground,none,125.1,126.4,131,2071456,49.5,1609,Sand Attack,Night Slash,Rock Tomb,9,13,3,50000
Blastoise (Mega),70.1,9,water,none,122.8,115.5,93,1319056,23,1273,Rollout,Hydro Cannon,Skull Bash,4,6,3,10000
Flygon (Shadow),70.1,330,ground,dragon,126.3,108.2,123,1680876,40,1462,Dragon Tail,Twister,Sand Tomb,4,4,5,75000
Grapploct,70.1,853,fighting,none,127.1,105.6,122,1637455,39,1445,Waterfall,Superpower,Ice Punch,4,4,3,50000
Hypno (Shadow),70.1,97,psychic,none,107.4,140.6,143,2159363,50,1528,Confusion,Thunder Punch,Ice Punch,3,3,3,50000
Palkia (Origin),70.1,484,water,dragon,131.6,104.6,90,1238882,21.5,1279,Dragon Breath,Aqua Tail,Draco Meteor,9,17,20,100000
Sawsbuck,70.1,586,normal,grass,133.7,106.6,132,1881319,48,1588,Take Down,Wild Charge,Trailblaze,5,5,3,50000
Thundurus (Therian),70.1,642,electric,flying,143.8,82.7,95,1129765,25,1278,Volt Switch,Wildbolt Storm,Focus Blast,3,5,20,100000
Vileplume,70.1,45,grass,poison,128.2,112.7,120,1733777,42,1495,Acid,Moonblast,Sludge Bomb,7,7,3,50000
Blaziken (Mega),70,257,fire,fighting,149.3,81.1,90,1089741,22,1279,Ember,Aura Sphere,Blaze Kick,5,4,3,10000
Falinks,70,870,fighting,none,132.5,123.7,119,1950440,49.5,1607,Counter,Superpower,Megahorn,7,10,5,75000
Quagsire,70,195,water,ground,112.8,106.8,156,1879338,50,1456,Mud Shot,Aqua Tail,Stone Edge,4,7,3,50000
Staraptor,70,398,normal,flying,134.2,87,119,1389373,34.5,1368,Wing Attack,Fly,Close Combat,6,6,1,10000
Conkeldurr (Shadow),69.8,534,fighting,none,123.8,86.7,123,1320216,27.5,1279,Force Palm,Dynamic Punch,Brutal Swing,5,4,5,75000
Duraludon,69.8,884,steel,dragon,127.7,103.1,97,1277089,30,1279,Dragon Tail,Dragon Claw,Flash Cannon,5,6,5,75000
Mudsdale,69.8,750,ground,none,116,98.4,127,1449629,31,1300,Mud Slap,Bulldoze,Body Slam,6,4,3,50000
Noivern (Shadow),69.8,715,flying,dragon,121.2,109.1,122,1613196,36.5,1404,Bite,Heat Wave,Hurricane,12,15,5,75000
Aggron,69.7,306,steel,rock,108.9,145.9,99,1572962,31.5,1309,Metal Sound,Brick Break,Meteor Beam,5,8,1,10000
Lokix,69.7,920,bug,dark,138.3,104.7,124,1795521,47.5,1579,Sucker Punch,X-Scissor,Trailblaze,6,7,1,50000
Lunala,69.7,792,psychic,ghost,119.2,93.5,123,1370860,23,1279,Shadow Claw,Shadow Ball,Moonblast,7,7,20,100000
Hitmontop,69.5,237,fighting,none,127,150,102,1943100,50,1576,Counter,Close Combat,Triple Axel,8,8,5,75000
Kangaskhan,69.5,115,normal,none,114.6,111.5,152,1942241,42,1496,Low Kick,Power-Up Punch,Outrage,5,8,3,50000
Landorus (Incarnate),69.5,645,ground,flying,129.6,92.6,105,1260101,26,1279,Mud Shot,Earth Power,Rock Slide,6,5,20,100000
Magneton (Shadow),69.5,82,electric,steel,144.5,116,96,1609152,44,1527,Volt Switch,Magnet Bomb,Discharge,3,3,3,50000
Sceptile,69.5,254,grass,none,132,106.4,107,1502794,37,1411,Fury Cutter,Leaf Blade,Breaking Swipe,9,13,3,10000
Thundurus (Incarnate) (Shadow),69.5,642,electric,flying,135.8,89.2,98,1187109,27.5,1274,Thunder Shock,Thunder Punch,Brick Break,5,5,20,100000
Xatu (Shadow),69.5,178,psychic,flying,139.9,108.8,120,1826534,50,1600,Peck,Psyshock,Aerial Ace,5,6,3,50000
Buzzwole,69.3,794,bug,fighting,118.1,103.3,113,1378569,26.5,1279,Counter,Superpower,Lunge,7,8,20,100000
Garchomp,69.3,445,dragon,ground,121.5,95.3,115,1331579,23,1276,Dragon Tail,Sand Tomb,Twister,4,4,5,75000
Rhyperior,69.3,464,ground,rock,116.4,96.5,125,1404075,24.5,1279,Mud Slap,Drill Run,Rock Wrecker,4,5,3,50000
Ursaring,69.3,217,normal,none,130.3,86,119,1333490,32,1320,Shadow Claw,Swift,Close Combat,5,6,3,50000
Dewgong,69.2,87,water,ice,104.1,129.7,150,2025265,50,1451,Ice Shard,Icy Wind,Drill Run,5,4,3,50000
Dewgong (Shadow),69.2,87,water,ice,104.1,129.7,150,2025265,50,1451,Ice Shard,Icy Wind,Drill Run,5,4,3,50000
Dialga (Shadow),69.2,483,steel,dragon,127.8,100.6,97,1247098,22.5,1268,Dragon Breath,Iron Head,Draco Meteor,13,17,20,100000
Electabuzz (Shadow),69.2,125,electric,none,136.8,112.7,115,1772996,46.5,1564,Thunder Shock,Thunder Punch,Thunderbolt,5,7,5,75000
Jolteon,69.2,135,electric,none,131.5,108.7,98,1400817,34,1357,Volt Switch,Discharge,Last Resort,3,4,5,75000
Moltres (Shadow),69.2,146,fire,flying,126.2,93.6,107,1263918,26,1266,Wing Attack,Fly,Heat Wave,6,6,20,100000
Sliggoo,69.2,705,dragon,none,117.6,129.1,124,1882588,50,1489,Dragon Breath,Body Slam,Dragon Pulse,10,14,5,75000
Vespiquen,69.2,416,bug,flying,110.8,138.5,126,1933571,50,1466,Fury Cutter,X-Scissor,Power Gem,10,13,3,50000
Comfey,69,764,fairy,none,121.6,155.4,104,1965251,50,1546,Vine Whip,Draining Kiss,Grass Knot,7,7,3,50000
Entei,69,244,fire,none,118.6,90,129,1376946,26.5,1279,Fire Spin,Flame Charge,Scorching Sands,5,5,20,100000
Mewtwo (Mega X),69,150,psychic,fighting,149.2,84.4,86,1082953,15,1277,Psycho Cut,Psystrike,Shadow Ball,5,6,20,100000
Morpeko (Full Belly),69,877,electric,dark,139.9,91.9,112,1439963,50,1420,Thunder Shock,Aura Wheel,Psychic Fangs,5,4,3,50000
Ambipom,68.8,424,normal,none,136.9,103.5,127,1799482,47,1574,Scratch,Aerial Ace,Return,12,18,3,50000
Golduck,68.8,55,water,none,127.1,114,133,1927090,46.5,1568,Confusion,Cross Chop,Liquidation,3,4,3,50000
Houndoom (Mega),68.8,229,dark,fire,137.1,96.4,90,1189480,23.5,1279,Incinerate,Foul Play,Trailblaze,2,3,3,50000
Slowking (Shadow),68.8,199,water,psychic,114.1,121.6,144,1997937,43,1512,Confusion,Surf,Blizzard,4,6,3,50000
Araquanid (Shadow),68.7,752,water,bug,95.3,158.1,124,1868299,50,1335,Infestation,Water Pulse,Mirror Coat,5,4,3,50000
Flareon,68.7,136,fire,none,131.4,101.5,93,1240350,30,1277,Ember,Superpower,Heat Wave,5,5,5,75000
Hatterene,68.7,858,psychic,fairy,135.3,110.6,92,1376705,34.5,1364,Psycho Cut,Psyshock,Power Whip,5,6,5,50000
Heracross (Mega),68.7,214,bug,fighting,140.8,98.3,83,1148773,19,1277,Fury Cutter,Rock Tomb,Upper Hand,13,10,3,50000
Landorus (Therian),68.7,645,ground,flying,135.2,88.9,99,1189909,23,1271,Mud Shot,Sandsear Storm,Stone Edge,5,7,20,100000
Lucario (Mega),68.7,448,fighting,steel,147,89,85,1112055,24,1279,Force Palm,Aura Sphere,Shadow Ball,4,5,5,75000
Meowscarada,68.7,908,grass,dark,133.6,94.3,111,1398431,34.5,1367,Leafage,Night Slash,Frenzy Plant,5,6,3,10000
Celebi,68.5,251,psychic,grass,111.3,110.8,118,1455181,27.5,1275,Confusion,Seed Bomb,Aura Sphere,3,3,20,100000
Celesteela,68.5,797,steel,flying,110.4,111.5,120,1477152,30,1279,Air Slash,Body Slam,Bulldoze,5,7,20,100000
Drampa,68.5,780,normal,dragon,130,98.5,109,1395745,33.5,1349,Dragon Breath,Swift,Dragon Pulse,9,14,5,75000
Gallade,68.5,475,psychic,fighting,125.6,108.5,95,1294622,29.5,1278,Low Kick,Sacred Sword,Leaf Blade,5,5,5,75000
Golurk (Shadow),68.5,623,ground,ghost,127.8,94.4,123,1483911,35,1378,Astonish,Shadow Punch,Dynamic Punch,4,5,5,75000
Heatmor,68.5,631,fire,none,137,94.8,140,1818264,47.5,1580,Fire Spin,Thunder Punch,Flamethrower,4,6,3,50000
Necrozma (Dawn Wings),68.5,800,psychic,ghost,127.4,106.5,94,1275401,22.5,1279,Shadow Claw,Dark Pulse,Moongeist Beam,6,9,20,100000
Exploud,68.3,295,normal,none,124.5,98.4,160,1960128,46.5,1566,Astonish,Crunch,Disarming Voice,5,5,1,10000
Furfrou,68.3,676,normal,none,121,123,132,1964556,50,1543,Sucker Punch,Dark Pulse,Grass Knot,7,8,5,75000
Garchomp (Shadow),68.3,445,dragon,ground,121.5,95.3,115,1331579,23,1276,Dragon Tail,Sand Tomb,Twister,4,4,5,75000
Braviary,68.2,628,normal,flying,123.5,86.2,124,1320067,29.5,1279,Air Slash,Fly,Close Combat,5,5,5,75000
Claydol,68.2,344,ground,psychic,104.7,164.9,114,1968213,50,1441,Mud Slap,Ice Beam,Rock Tomb,6,5,3,50000
Donphan,68.2,232,ground,none,116,106.4,117,1444061,31,1297,Mud Slap,Earthquake,Trailblaze,7,5,3,50000
Espathra,68.2,956,psychic,none,134.1,90.9,147,1791884,45.5,1553,Confusion,Psyshock,Dazzling Gleam,3,4,3,50000
Groudon (Shadow),68.2,383,ground,none,124.6,105.3,98,1285797,22,1269,Mud Shot,Precipice Blades,Fire Punch,7,5,20,100000
Magmar (Shadow),68.2,126,fire,none,139,111.9,116,1804276,48,1587,Karate Chop,Fire Punch,Scorching Sands,5,6,5,75000
Qwilfish (Shadow),68.2,211,water,poison,134.5,103.4,120,1668876,50,1499,Poison Sting,Aqua Tail,Shadow Ball,4,6,3,50000
Ribombee,68.2,743,bug,fairy,143.9,108.8,114,1784820,50,1609,Fairy Wind,Draining Kiss,Bug Buzz,7,7,1,10000
Ursaring (Shadow),68.2,217,normal,none,130.3,86,119,1333490,32,1320,Shadow Claw,Swift,Close Combat,5,6,3,50000
Araquanid,68,752,water,bug,95.3,158.1,124,1868299,50,1335,Infestation,Water Pulse,Mirror Coat,5,4,3,50000
Bisharp,68,625,dark,steel,132.5,107.2,99,1406196,34.5,1367,Snarl,Dark Pulse,Iron Head,4,4,5,75000
Gothitelle (Shadow),68,576,psychic,none,119.2,143.7,123,2106872,48,1589,Confusion,Rock Slide,Future Sight,4,5,3,50000
Heatran (Shadow),68,485,fire,steel,122.2,106.3,101,1311976,24,1269,Fire Spin,Magma Storm,Earth Power,4,5,20,100000
Manectric (Shadow),68,310,electric,none,147.8,92,121,1645310,46,1560,Snarl,Wild Charge,Psychic Fangs,4,3,3,50000
Revavroom,68,966,steel,poison,126.5,98.4,110,1369236,32,1320,Metal Sound,Gunk Shot,Gyro Ball,10,7,3,50000
Tapu Bulu,68,787,grass,fairy,126.1,110.7,92,1284253,27,1275,Bullet Seed,Grass Knot,Nature's Madness,4,4,20,100000
Vaporeon,68,134,water,none,108.5,91.4,151,1497452,29.5,1276,Water Gun,Aqua Tail,Liquidation,12,15,5,75000
Hydrapple,67.8,1019,grass,dragon,112.7,101,127,1445603,28.5,1279,Dragon Tail,Seed Bomb,Outrage,4,5,5,75000
Latios (Mega),67.8,381,dragon,psychic,138.3,103,82,1168082,18,1272,Dragon Breath,Aura Sphere,Luster Purge,10,15,20,100000
Machoke,67.8,67,fighting,none,129.7,94.6,138,1693208,50,1485,Karate Chop,Cross Chop,Dynamic Punch,4,5,3,50000
Probopass,67.8,476,rock,steel,101.4,196,114,2265682,50,1520,Rock Throw,Rock Slide,Magnet Bomb,9,8,3,50000
Aggron (Mega),67.7,306,steel,none,112.5,155.1,83,1448246,22,1279,Dragon Tail,Thunder,Rock Tomb,5,5,1,10000
Kabutops (Shadow),67.7,141,rock,water,131.7,117.6,98,1517816,37.5,1420,Fury Cutter,Aqua Jet,Stone Edge,10,14,5,75000
Sceptile (Shadow),67.7,254,grass,none,132,106.4,107,1502794,37,1411,Fury Cutter,Leaf Blade,Breaking Swipe,9,13,3,10000
Aggron (Shadow),67.5,306,steel,rock,108.9,145.9,99,1572962,31.5,1309,Metal Sound,Brick Break,Meteor Beam,5,8,1,10000
Mr. Mime,67.5,122,psychic,fairy,139.2,147.2,90,1844122,49.5,1608,Psywave,Shadow Ball,Psychic,13,14,5,75000
Pinsir (Shadow),67.5,127,bug,none,131.8,105.7,96,1337401,32.5,1330,Fury Cutter,Close Combat,X-Scissor,12,10,5,75000
Polteageist,67.5,855,ghost,none,132.4,106.8,87,1230208,30,1279,Hex,Shadow Ball,Dark Pulse,4,4,3,50000
Aerodactyl,67.3,142,rock,flying,129,99.2,117,1497226,36,1393,Dragon Breath,Rock Slide,Brutal Swing,12,9,5,75000
Beartic,67.3,614,ice,none,124.6,87.4,120,1306805,30,1277,Powder Snow,Ice Punch,Liquidation,5,6,3,50000
Flapple,67.3,841,grass,dragon,140.5,101.8,119,1702045,45.5,1552,Dragon Breath,Fly,Seed Bomb,12,10,5,75000
Bouffalant,67.2,626,normal,none,114.9,112.6,132,1707782,36.5,1404,Mud Shot,Stomp,Megahorn,5,7,3,50000
Kyurem (White),67.2,646,dragon,ice,134.6,82.7,109,1213325,19.5,1279,Dragon Breath,Fusion Flare,Ice Burn,12,15,20,100000
Magmortar,67.2,467,fire,none,130.2,95.7,100,1246014,29,1279,Karate Chop,Fire Punch,Thunderbolt,5,7,5,75000
Probopass (Shadow),67.2,476,rock,steel,101.4,196,114,2265682,50,1520,Rock Throw,Rock Slide,Magnet Bomb,9,8,3,50000
Squawkabilly,67.2,931,normal,flying,135.1,81.1,140,1533925,50,1442,Peck,Brave Bird,Fly,7,6,3,75000
Xatu,67.2,178,psychic,flying,139.9,108.8,120,1826534,50,1600,Peck,Psyshock,Aerial Ace,5,6,3,50000
Ceruledge,67,937,fire,ghost,125.6,102.9,100,1292424,29,1279,Incinerate,Shadow Ball,Flame Charge,3,3,5,50000
Golduck (Shadow),67,55,water,none,127.1,114,133,1927090,46.5,1568,Confusion,Cross Chop,Liquidation,3,4,3,50000
Kleavor,67,900,bug,rock,132.8,97.3,95,1227537,29,1277,Fury Cutter,X-Scissor,Stone Edge,10,14,5,75000
Manectric,67,310,electric,none,147.8,92,121,1645310,46,1560,Snarl,Wild Charge,Psychic Fangs,4,3,3,50000
Qwilfish,67,211,water,poison,134.5,103.4,120,1668876,50,1499,Poison Sting,Aqua Tail,Shadow Ball,4,6,3,50000
Luxray (Shadow),66.8,405,electric,none,130.5,94.6,112,1382674,33.5,1348,Snarl,Wild Charge,Psychic Fangs,4,3,5,75000
Typhlosion (Hisuian),66.8,157,fire,ghost,128.8,98.7,101,1283969,30.5,1287,Ember,Fire Punch,Wild Charge,5,5,3,10000
Zarude,66.7,893,dark,grass,117.2,105.2,112,1380897,23.5,1275,Bite,Dark Pulse,Energy Ball,12,12,20,100000
Zoroark (Hisuian),66.5,571,normal,ghost,159.3,85.3,96,1304476,39,1442,Shadow Claw,Swift,Shadow Ball,5,7,5,75000
Arcanine (Shadow),66.3,59,fire,none,122.9,95.2,117,1368909,31,1300,Fire Fang,Wild Charge,Psychic Fangs,8,6,3,50000
Pinsir,66.2,127,bug,none,131.8,105.7,96,1337401,32.5,1330,Fury Cutter,Close Combat,X-Scissor,12,10,5,75000
Necrozma,66,800,psychic,none,121.8,98.4,111,1330348,25,1278,Psycho Cut,Dark Pulse,Iron Head,5,6,20,100000
Scyther (Shadow),66,123,bug,flying,130.8,108.4,110,1559659,38,1429,Fury Cutter,X-Scissor,Night Slash,10,9,5,75000
Zacian (Crowned Sword),66,888,fairy,steel,137,102.6,83,1166665,18,1271,Metal Claw,Close Combat,Behemoth Blade,7,8,20,100000
Klinklang,65.8,601,steel,none,123.1,137.5,101,1709551,39.5,1454,Metal Sound,Mirror Shot,Flash Cannon,5,9,5,75000
Obstagoon,65.8,862,dark,normal,111.2,126.3,136,1910060,40,1460,Counter,Night Slash,Cross Chop,6,6,3,10000
Passimian,65.8,766,fighting,none,120.2,93.1,125,1398827,31,1300,Counter,Close Combat,Brick Break,8,7,3,75000
Beedrill (Mega),65.7,15,bug,poison,152.4,80.9,86,1060308,27,1278,Infestation,Drill Run,Sludge Bomb,4,5,1,10000
Kingler (Shadow),65.7,99,water,none,137.9,110.8,89,1359859,35,1376,Mud Shot,Crabhammer,X-Scissor,6,5,3,50000
Rhyperior (Shadow),65.7,464,ground,rock,116.4,96.5,125,1404075,24.5,1279,Mud Slap,Drill Run,Rock Wrecker,4,5,3,50000
Avalugg (Hisuian),65.5,713,ice,rock,108.2,123.5,113,1509985,26.5,1279,Powder Snow,Rock Slide,Icy Wind,6,6,3,50000
Exploud (Shadow),65.5,295,normal,none,124.5,98.4,160,1960128,46.5,1566,Astonish,Crunch,Disarming Voice,5,5,1,10000
Zygarde (10% Forme),65.5,718,dragon,ground,140.9,123.2,100,1735888,47,1570,Dragon Tail,Crunch,Earthquake,4,6,20,100000
Mesprit,65.3,481,psychic,none,114.6,116.7,106,1417625,30,1279,Confusion,Swift,Future Sight,3,5,20,100000
Mewtwo (Mega Y),65.3,150,psychic,none,149.1,82.2,86,1054018,14,1260,Psycho Cut,Psystrike,Shadow Ball,5,6,20,100000
Tatsugiri (Curly),65.3,978,dragon,water,134.6,104.8,106,1495244,37.5,1421,Take Down,Surf,Outrage,5,7,5,75000
Tatsugiri (Droopy),65.3,978,dragon,water,134.6,104.8,106,1495244,37.5,1421,Take Down,Surf,Outrage,5,7,5,75000
Tatsugiri (Stretchy),65.3,978,dragon,water,134.6,104.8,106,1495244,37.5,1421,Take Down,Surf,Outrage,5,7,5,75000
Zamazenta (Hero),65.3,889,fighting,none,121.3,115.2,95,1327507,24,1274,Snarl,Close Combat,Crunch,4,4,20,100000
Aerodactyl (Shadow),65.2,142,rock,flying,129,99.2,117,1497226,36,1393,Dragon Breath,Rock Slide,Brutal Swing,12,9,5,75000
Druddigon,65.2,621,dragon,none,127.8,106.6,117,1593947,38,1429,Dragon Tail,Night Slash,Rock Tomb,3,5,5,75000
Obstagoon (Shadow),65.2,862,dark,normal,111.2,126.3,136,1910060,40,1460,Counter,Cross Chop,Night Slash,6,6,3,10000
Shiinotic,65.2,756,grass,fairy,114.2,123.7,114,1610426,50,1361,Astonish,Moonblast,Seed Bomb,5,4,3,50000
Vigoroth,65.2,288,normal,none,117.6,108.1,138,1754333,50,1438,Scratch,Body Slam,Rock Slide,10,12,5,75000
Floatzel,65,419,water,none,145,83.2,137,1652768,45.5,1549,Waterfall,Aqua Jet,Swift,4,4,3,50000
Kangaskhan (Mega),65,115,normal,none,117,104.9,113,1386883,24,1278,Low Kick,Brick Break,Crunch,5,6,3,50000
Oricorio (Pom-Pom),65,741,electric,flying,136.3,104.8,127,1814098,47,1572,Air Slash,Air Cutter,Hurricane,5,7,3,75000
Primeape (Shadow),65,57,fighting,none,145.7,101.8,117,1735374,48.5,1596,Karate Chop,Rage Fist,Ice Punch,5,5,3,50000
Steelix (Mega),65,208,steel,ground,103.7,162.9,93,1571024,25,1277,Thunder Fang,Psychic Fangs,Crunch,6,8,5,75000
Klawf,64.9,950,rock,none,124.5,132.4,123,2027507,48,1589,Mud Slap,Bulldoze,Rock Tomb,6,5,3,75000
Pyroar,64.9,668,fire,normal,129.9,94.1,124,1515725,36.5,1404,Incinerate,Flame Charge,Dark Pulse,3,3,3,10000
Regieleki,64.9,894,electric,none,143.1,78.6,115,1293481,34.5,1361,Volt Switch,Thunder Cage,Hyper Beam,3,5,20,100000
Bruxish,64.7,779,water,psychic,140.4,105.3,121,1788879,48,1589,Confusion,Aqua Tail,Psychic Fangs,3,3,3,50000
Camerupt (Shadow),64.7,323,fire,ground,141.2,102,126,1814702,50,1603,Incinerate,Earth Power,Rock Tomb,3,3,3,50000
Huntail,64.7,367,water,none,136.1,125.7,104,1779208,46,1559,Bite,Aqua Tail,Crunch,9,12,3,50000
Vigoroth (Shadow),64.7,288,normal,none,117.6,108.1,138,1754333,50,1438,Scratch,Body Slam,Rock Slide,10,12,5,75000
Wigglytuff,64.7,40,normal,fairy,115.6,71,209,1715388,50,1408,Charm,Disarming Voice,Icy Wind,6,6,1,10000
Cloyster,64.5,91,water,ice,119,168.8,94,1888197,42.5,1504,Ice Shard,Icy Wind,Hydro Pump,5,8,3,50000
Solgaleo,64.5,791,psychic,steel,119.2,93.5,123,1370860,23,1279,Fire Spin,Psychic Fangs,Iron Head,4,5,20,100000
Tyranitar,64.5,248,rock,dark,119.4,102.1,112,1365363,24,1278,Dragon Breath,Brutal Swing,Stone Edge,9,14,5,75000
Vileplume (Shadow),64.5,45,grass,poison,128.2,112.7,120,1733777,42,1495,Acid,Moonblast,Sludge Bomb,7,7,3,50000
Ampharos (Mega),64.4,181,electric,dragon,132,96.2,97,1231745,21.5,1278,Volt Switch,Brutal Swing,Trailblaze,3,3,5,75000
Claydol (Shadow),64.4,344,ground,psychic,104.7,164.9,114,1968213,50,1441,Mud Slap,Rock Tomb,Ice Beam,5,6,3,50000
Gallade (Mega),64.4,475,psychic,fighting,141,104.7,78,1151491,20,1276,Low Kick,Sacred Sword,Leaf Blade,5,5,5,75000
Gengar,64.4,94,ghost,poison,146,90,93,1222020,33,1338,Shadow Claw,Shadow Punch,Dark Pulse,5,6,3,50000
Sirfetch'd,64.4,865,fighting,none,135.2,101.9,92,1267473,31.5,1310,Fury Cutter,Leaf Blade,Close Combat,9,12,3,50000
Armaldo,64.2,348,rock,bug,127,104.8,109,1450746,34,1358,Fury Cutter,Rock Blast,Liquidation,10,12,3,50000
Darmanitan (Standard),64.2,555,fire,none,138.6,67,127,1179347,29.5,1278,Incinerate,Rock Slide,Overheat,3,3,3,50000
Shiftry (Shadow),64.2,275,grass,dark,138.9,89.1,144,1782143,47,1573,Snarl,Leaf Blade,Foul Play,3,4,3,50000
Dachsbun,64,927,fairy,none,117.6,153.4,110,1984382,50,1532,Charm,Psychic Fangs,Body Slam,5,5,3,50000
Sudowoodo,64,185,rock,none,123,129.1,126,2000792,50,1570,Counter,Meteor Beam,Rock Tomb,10,9,5,75000
Banette,63.9,354,ghost,none,151.3,94.8,119,1706846,49.5,1606,Shadow Claw,Shadow Ball,Dazzling Gleam,7,7,3,50000
Jynx,63.9,124,ice,psychic,140.6,102.8,110,1589905,42,1496,Confusion,Avalanche,Psyshock,4,3,5,75000
Salazzle,63.9,758,poison,fire,148.3,91.3,116,1570616,44,1530,Incinerate,Poison Fang,Dragon Pulse,2,3,3,50000
Shiftry,63.9,275,grass,dark,138.9,89.1,144,1782143,47,1573,Snarl,Leaf Blade,Foul Play,3,4,3,50000
Toxapex,63.9,748,poison,water,87.2,194.6,102,1730850,50,1232,Poison Jab,Brine,Sludge Wave,9,10,3,50000
Boltund,63.7,836,electric,none,143.3,98.7,125,1767964,50,1590,Bite,Crunch,Thunder,12,15,1,50000
Cryogonal,63.7,615,ice,none,112,133.4,117,1748074,36.5,1403,Ice Shard,Night Slash,Triple Axel,4,5,5,75000
Frosmoth,63.7,873,ice,bug,136.9,98.9,108,1462256,37.5,1420,Powder Snow,Ice Beam,Bug Buzz,7,8,5,75000
Garchomp (Mega),63.7,445,dragon,ground,134.3,92,98,1210849,16.5,1276,Dragon Tail,Twister,Sand Tomb,4,4,5,75000
Entei (Shadow),63.5,244,fire,none,120.4,87.7,128,1351562,26,1278,Fire Spin,Flame Charge,Scorching Sands,5,5,20,100000
Marowak (Alolan),63.5,105,fire,ghost,107.4,135.8,114,1662681,50,1342,Hex,Bone Club,Flame Wheel,3,4,3,50000
Granbull (Shadow),63.4,210,fairy,none,134.6,90.3,138,1677304,42.5,1504,Charm,Close Combat,Crunch,6,6,3,50000
Musharna,63.4,518,psychic,none,110.9,107.3,156,1856333,38.5,1437,Charge Beam,Psyshock,Dazzling Gleam,4,5,3,50000
Shiinotic (Shadow),63.4,756,grass,fairy,114.2,123.7,114,1610426,50,1361,Astonish,Moonblast,Seed Bomb,5,4,3,50000
Tauros (Aqua),63.4,128,fighting,water,121,117.6,110,1565256,35,1377,Double Kick,Aqua Jet,Trailblaze,4,4,3,50000
Donphan (Shadow),63.2,232,ground,none,116,106.4,117,1444061,31,1297,Mud Slap,Earthquake,Trailblaze,7,5,3,50000
Gengar (Mega),63.2,94,ghost,poison,154.6,93.7,73,1057479,21,1279,Shadow Claw,Shadow Punch,Dark Pulse,5,6,3,50000
Hitmonchan,63.2,107,fighting,none,134.2,137.5,99,1826798,46.5,1566,Counter,Ice Punch,Thunder Punch,7,7,5,75000
Nihilego,63.2,793,rock,poison,116.9,103.1,115,1386025,23,1277,Poison Jab,Power Gem,Sludge Bomb,8,8,20,100000
Palkia (Shadow),63.2,484,water,dragon,132.5,104,89,1226420,23,1277,Dragon Breath,Aqua Tail,Draco Meteor,9,17,20,100000
Scyther,63.2,123,bug,flying,130.8,108.4,110,1559659,38,1429,Fury Cutter,X-Scissor,Night Slash,10,9,5,75000
Simisear,63.2,514,fire,none,141.2,99.5,130,1826422,49.5,1608,Fire Spin,Crunch,Flamethrower,5,6,3,50000
Aerodactyl (Mega),63,142,rock,flying,133.1,100.4,91,1216055,22,1278,Dragon Breath,Rock Slide,Brutal Swing,12,9,5,75000
Dedenne,63,702,electric,fairy,121,100.7,122,1486533,50,1345,Thunder Shock,Discharge,Parabolic Charge,5,6,3,50000
Falinks (Mega),63,870,fighting,none,129.5,116.1,84,1262936,25,1279,Counter,Superpower,Megahorn,7,10,5,75000
Kingler,63,99,water,none,137.9,110.8,89,1359859,35,1376,Mud Shot,Crabhammer,X-Scissor,6,5,3,50000
Manectric (Mega),63,310,electric,none,139.9,93.1,89,1159197,25.5,1279,Snarl,Wild Charge,Psychic Fangs,4,3,3,50000
Tyranitar (Mega),63,248,rock,dark,123.3,114.7,93,1315253,17,1278,Dragon Breath,Brutal Swing,Stone Edge,9,14,5,75000
Vanilluxe,63,584,ice,none,126.4,113.3,105,1503718,35.5,1384,Astonish,Avalanche,Flash Cannon,5,7,3,50000
Meowstic (Female),62.9,678,psychic,none,122.3,123,131,1970620,50,1552,Confusion,Energy Ball,Shadow Ball,4,4,3,50000
Hitmontop (Shadow),62.7,237,fighting,none,127,150,102,1943100,50,1576,Counter,Close Combat,Triple Axel,8,8,5,75000
Jumpluff (Shadow),62.7,189,grass,flying,89.9,133.8,132,1587778,50,1196,Fairy Wind,Energy Ball,Acrobatics,5,7,3,50000
Lopunny,62.7,428,normal,none,115.6,141.2,120,1958726,50,1506,Double Kick,Thunder Punch,Shadow Ball,4,5,3,50000
Magmortar (Shadow),62.7,467,fire,none,130.2,95.7,100,1246014,29,1279,Karate Chop,Fire Punch,Thunderbolt,5,7,5,75000
Accelgor (Shadow),62.5,617,bug,none,144.9,86.5,131,1641934,45,1545,Infestation,Energy Ball,Bug Buzz,4,5,3,50000
Dragapult,62.5,887,dragon,ghost,131.6,90.1,104,1233145,26,1278,Dragon Tail,Shadow Ball,Outrage,5,5,5,75000
Leafeon,62.5,470,grass,none,119.5,126.5,96,1451208,32,1318,Bullet Seed,Leaf Blade,Last Resort,3,5,5,75000
Sneasel (Hisuian),62.5,215,fighting,poison,137.9,108.8,108,1620380,50,1499,Poison Jab,Close Combat,X-Scissor,7,6,3,50000
Exeggutor (Alolan),62.4,103,grass,dragon,124.1,87.9,120,1309007,30,1279,Dragon Tail,Seed Bomb,Draco Meteor,4,6,3,50000
Sawk (Shadow),62.4,539,fighting,none,134.9,95.1,111,1424018,35.5,1386,Low Kick,Brick Break,Body Slam,5,5,5,75000
Tyranitar (Shadow),62.4,248,rock,dark,119.4,102.1,112,1365363,24,1278,Dragon Breath,Brutal Swing,Stone Edge,9,14,5,75000
Krookodile,62.2,553,ground,dark,122.5,90,120,1323000,30,1277,Mud Slap,Crunch,Sand Tomb,5,5,5,75000
Lopunny (Mega),62.2,428,normal,fighting,135.3,108.3,82,1201545,24.5,1277,Low Kick,Triple Axel,Thunder Punch,6,5,3,50000
Maushold,62.2,925,normal,none,117.6,116.2,131,1790131,50,1451,Take Down,Swift,Crunch,4,5,1,10000
Omastar (Shadow),62.2,139,rock,water,121,123.9,107,1604133,36,1394,Mud Shot,Rock Slide,Rock Blast,5,5,5,75000
Accelgor,62,617,bug,none,144.9,86.5,131,1641934,45,1545,Infestation,Energy Ball,Bug Buzz,4,5,3,50000
Alakazam (Shadow),61.9,65,psychic,none,144.5,93.7,83,1123791,30,1279,Psycho Cut,Fire Punch,Shadow Ball,5,6,3,50000
Cacturne,61.9,332,grass,dark,155.1,86.5,122,1636770,48.5,1596,Sucker Punch,Dark Pulse,Trailblaze,7,7,3,50000
Hitmonchan (Shadow),61.9,107,fighting,none,134.2,137.5,99,1826798,46.5,1566,Counter,Ice Punch,Thunder Punch,7,7,5,75000
Armaldo (Shadow),61.7,348,rock,bug,127,104.8,109,1450746,34,1358,Fury Cutter,Rock Blast,Liquidation,10,12,3,50000
Masquerain,61.7,284,bug,flying,136.5,109.7,125,1871756,49,1598,Infestation,Air Cutter,Lunge,4,4,1,10000
Tsareena,61.7,763,grass,none,122.2,113.5,102,1414709,32,1319,Magical Leaf,Triple Axel,High Jump Kick,5,6,3,10000
Tyrantrum,61.7,697,rock,dragon,119.9,106.4,106,1352280,29.5,1278,Dragon Tail,Rock Tomb,Crunch,5,4,5,75000
Darkrai (Shadow),61.5,491,dark,none,138.1,97.8,86,1161531,24,1271,Sucker Punch,Foul Play,Shadow Ball,6,8,20,100000
Terrakion,61.5,639,rock,fighting,127.1,95.6,106,1287981,25,1279,Double Kick,Sacred Sword,Rock Slide,3,4,20,100000
Arboliva,61.2,930,grass,normal,121.5,109.5,109,1450163,32.5,1330,Magical Leaf,Earth Power,Trailblaze,5,5,3,50000
Clawitzer,61.2,693,water,none,129.6,106.6,108,1492059,36,1393,Water Gun,Crabhammer,Dark Pulse,17,15,3,50000
Marowak,61.2,105,ground,none,107.4,135.8,114,1662681,50,1342,Mud Slap,Bone Club,Rock Slide,4,5,3,50000
Tornadus (Therian),61.2,641,flying,none,124.5,104,101,1307748,29,1278,Gust,Bleakwind Storm,Heat Wave,4,4,20,100000
Crawdaunt,61,342,water,dark,146.2,100.6,110,1617849,45,1544,Waterfall,Night Slash,Crabhammer,4,5,3,50000
Gumshoos,61,735,normal,none,141.2,86.5,147,1795429,50,1597,Take Down,Rock Tomb,Crunch,6,5,1,10000
Volcarona,61,637,bug,fire,128.5,97,101,1258915,25,1277,Fire Spin,Overheat,Bug Buzz,6,6,5,75000
Crawdaunt (Shadow),60.9,342,water,dark,146.2,100.6,110,1617849,45,1544,Waterfall,Night Slash,Scald,4,5,3,50000
Keldeo (Ordinary),60.9,647,water,fighting,126.9,96.4,103,1260015,24,1270,Poison Jab,Hydro Pump,Sacred Sword,11,5,20,100000
Alakazam,60.7,65,psychic,none,144.5,93.7,83,1123791,30,1279,Psycho Cut,Fire Punch,Shadow Ball,5,6,3,50000
Jumpluff,60.7,189,grass,flying,89.9,133.8,132,1587778,50,1196,Fairy Wind,Energy Ball,Acrobatics,5,7,3,50000
Omastar,60.7,139,rock,water,121,123.9,107,1604133,36,1394,Mud Shot,Rock Slide,Rock Blast,5,5,5,75000
Reuniclus,60.7,579,psychic,none,119.7,88.9,141,1500428,33,1340,Charm,Psyshock,Shadow Ball,5,7,3,50000
Darkrai,60.5,491,dark,none,138.1,97.8,86,1161531,24,1271,Sucker Punch,Foul Play,Shadow Ball,6,8,20,100000
Simipour,60.5,516,water,none,141.2,99.5,130,1826422,49.5,1608,Bite,Surf,Crunch,12,12,3,50000
Infernape (Shadow),60.2,392,fire,fighting,133.7,97.8,116,1516800,38,1428,Fire Spin,Close Combat,Blast Burn,5,5,3,10000
Kyogre (Shadow),60.2,382,water,none,124.6,105.3,98,1285797,22,1269,Waterfall,Avalanche,Surf,5,5,20,100000
Marowak (Alolan) (Shadow),60.2,105,fire,ghost,107.4,135.8,114,1662681,50,1342,Hex,Bone Club,Flame Wheel,3,4,3,50000
Stonjourner,60.2,874,rock,none,115.3,100,122,1406660,28.5,1275,Rock Throw,Rock Slide,Stomp,9,8,5,75000
Tangela,60.2,114,grass,none,132.4,123.7,120,1965346,50,1615,Infestation,Grass Knot,Sludge Bomb,5,5,3,50000
Cacturne (Shadow),60,332,grass,dark,155.1,86.5,122,1636770,48.5,1596,Sucker Punch,Dark Pulse,Trailblaze,7,7,3,50000
Carnivine,60,455,grass,none,136.5,102,131,1823913,50,1578,Vine Whip,Energy Ball,Crunch,6,6,5,75000
Dartrix,60,723,grass,flying,106.1,104.1,135,1491076,50,1261,Peck,Brave Bird,Energy Ball,7,6,3,10000
Simisage,60,512,grass,none,141.2,99.5,130,1826422,49.5,1608,Vine Whip,Grass Knot,Crunch,7,6,3,50000
Kyogre (Primal),59.9,382,water,none,135.1,102.3,87,1202404,15.5,1276,Waterfall,Avalanche,Surf,5,5,20,100000
Lairon,59.9,305,steel,rock,116.9,143.9,114,1917698,50,1503,Metal Sound,Rock Tomb,Rock Slide,7,6,1,10000
Zweilous,59.9,634,dark,dragon,117.6,101.4,129,1538279,50,1344,Dragon Breath,Dark Pulse,Body Slam,12,10,5,75000
Cherrim (Sunshine),59.7,421,grass,none,125,113.5,126,1787625,50,1497,Bullet Seed,Weather Ball (Fire),Solar Beam,3,7,1,10000
Pinsir (Mega),59.7,127,bug,flying,138.5,109.4,77,1166696,22,1279,Fury Cutter,Close Combat,X-Scissor,12,10,5,75000
Tauros (Blaze),59.7,128,fighting,fire,121,117.6,110,1565256,35,1377,Double Kick,Flame Charge,Trailblaze,5,4,3,50000
Tropius,59.7,357,grass,flying,102,120.3,160,1963296,50,1419,Air Slash,Leaf Blade,Brutal Swing,4,4,5,75000
Komala,59.6,775,normal,none,135.4,110.8,108,1620251,41.5,1488,Rollout,Bulldoze,Payback,5,5,3,50000
Meowstic (Male),59.6,678,psychic,none,122.3,123,131,1970620,50,1552,Confusion,Energy Ball,Psychic,4,4,3,50000
Metang (Shadow),59.6,375,steel,psychic,103.4,129.1,114,1521779,50,1258,Fury Cutter,Psyshock,Gyro Ball,10,13,5,75000
Zangoose,59.6,335,normal,none,147.3,90.6,124,1654827,46.5,1563,Fury Cutter,Close Combat,Night Slash,12,9,3,50000
Exeggutor (Alolan) (Shadow),59.4,103,grass,dragon,124.1,87.9,120,1309007,30,1279,Dragon Tail,Seed Bomb,Draco Meteor,4,6,3,50000
Gardevoir,59.4,282,psychic,fairy,125.6,108.5,95,1294622,29.5,1278,Confusion,Triple Axel,Shadow Ball,4,4,5,75000
Golbat,59.4,42,poison,flying,118.9,111.5,132,1749970,50,1445,Wing Attack,Air Cutter,Poison Fang,5,5,1,10000
Indeedee (Female),59.4,876,psychic,normal,125.1,130.4,123,2006504,48,1590,Extrasensory,Energy Ball,Psychic,5,6,3,50000
Seadra,59.4,117,water,none,136.5,115.6,108,1704175,50,1530,Dragon Breath,Hydro Pump,Dragon Pulse,19,14,3,50000
Zoroark,59.4,571,dark,none,156.4,87.4,103,1407944,41.5,1486,Shadow Claw,Foul Play,Sludge Bomb,5,7,5,75000
Arcanine,59.2,59,fire,none,122.9,95.2,117,1368909,31,1300,Snarl,Crunch,Flamethrower,4,5,3,50000
Braviary (Hisuian),59.2,628,psychic,flying,124.4,85.4,147,1561693,36,1396,Air Slash,Brave Bird,Fly,7,5,5,75000
Fraxure (Shadow),59.2,611,dragon,none,152,93.3,120,1701792,50,1614,Dragon Tail,Aqua Tail,Night Slash,3,3,5,75000
Garbodor,59.2,569,poison,none,127.1,115.9,133,1959208,47.5,1582,Infestation,Body Slam,Seed Bomb,4,4,3,50000
Golbat (Shadow),59.2,42,poison,flying,118.9,111.5,132,1749970,50,1445,Wing Attack,Air Cutter,Poison Fang,5,5,1,10000
Haxorus (Shadow),59.2,612,dragon,none,139,89.3,94,1166794,25.5,1277,Dragon Tail,Night Slash,Dragon Claw,3,5,5,75000
Mienshao,59.2,620,fighting,none,153.9,81.9,104,1310859,37.5,1421,Force Palm,Brutal Swing,Brick Break,4,4,3,50000
Sawk,59.2,539,fighting,none,134.9,95.1,111,1424018,35.5,1386,Low Kick,Brick Break,Body Slam,5,5,5,75000
Cursola,59.1,864,ghost,none,134.5,103.1,87,1206425,30,1277,Astonish,Night Shade,Power Gem,5,5,3,50000
Gorebyss,59.1,368,water,none,136.3,123,102,1710020,44,1526,Confusion,Water Pulse,Draining Kiss,4,4,3,50000
Oricorio (Baile),59.1,741,fire,flying,136.3,104.8,127,1814098,47,1572,Air Slash,Air Cutter,Hurricane,5,7,3,75000
Togetic,59.1,176,fairy,flying,104.1,132.4,108,1488547,50,1249,Fairy Wind,Psyshock,Draining Kiss,5,7,3,50000
Tornadus (Incarnate),59.1,641,flying,none,135.8,89.2,98,1187109,27.5,1274,Bite,Dark Pulse,Hurricane,12,15,20,100000
Gligar,58.9,207,ground,flying,106.8,134.5,120,1723752,50,1357,Fury Cutter,Night Slash,Aerial Ace,9,12,5,75000
Klang,58.9,600,steel,none,111.5,127.7,114,1623195,50,1350,Metal Sound,Vise Grip,Thunderbolt,5,7,5,75000
Exeggutor (Shadow),58.7,103,grass,psychic,125.6,86.6,121,1316112,30.5,1290,Confusion,Seed Bomb,Psychic,3,4,3,50000
Mabosstiff,58.7,943,dark,none,127.5,97.5,111,1379869,32.5,1330,Bite,Crunch,Psychic Fangs,12,9,3,50000
Zweilous (Shadow),58.7,634,dark,dragon,117.6,101.4,129,1538279,50,1344,Dragon Breath,Dark Pulse,Body Slam,12,10,5,75000
Garbodor (Shadow),58.6,569,poison,none,127.1,115.9,133,1959208,47.5,1582,Infestation,Body Slam,Seed Bomb,4,4,3,50000
Haxorus,58.6,612,dragon,none,139,89.3,94,1166794,25.5,1277,Dragon Tail,Night Slash,Dragon Claw,3,5,5,75000
Sceptile (Mega),58.6,254,grass,dragon,147,90.1,83,1099310,22,1277,Fury Cutter,Leaf Blade,Breaking Swipe,9,13,3,10000
Banette (Shadow),58.4,354,ghost,none,152.1,92.9,116,1639090,47.5,1583,Shadow Claw,Shadow Ball,Dazzling Gleam,7,7,3,50000
Munchlax,58.4,446,normal,none,102.7,89.2,203,1859651,50,1383,Tackle,Body Slam,Bulldoze,14,19,5,10000
Reuniclus (Shadow),58.4,579,psychic,none,119.7,88.9,141,1500428,33,1340,Charm,Psyshock,Shadow Ball,5,7,3,50000
Weavile (Shadow),58.4,461,dark,ice,132.5,98.7,99,1294697,31.5,1310,Snarl,Avalanche,Foul Play,4,4,3,50000
Weavile,58.2,461,dark,ice,132.5,98.7,99,1294697,31.5,1310,Snarl,Avalanche,Foul Play,4,4,3,50000
Wormadam (Sandy),58.2,413,bug,ground,105.4,131.8,114,1583656,50,1296,Sucker Punch,Bulldoze,Bug Buzz,8,9,1,10000
Lilligant (Hisuian),58.1,549,grass,fighting,134.3,109,117,1712728,43.5,1521,Bullet Seed,Upper Hand,Petal Blizzard,4,5,1,10000
Metang,58.1,375,steel,psychic,103.4,129.1,114,1521779,50,1258,Fury Cutter,Psyshock,Gyro Ball,10,13,5,75000
Lumineon,57.9,457,water,none,106.1,125,125,1657813,50,1326,Gust,Aqua Tail,Silver Wind,3,4,3,50000
Sneasel (Hisuian) (Shadow),57.9,215,fighting,poison,137.9,108.8,108,1620380,50,1499,Poison Jab,Close Combat,X-Scissor,7,6,3,50000
Venomoth,57.9,49,bug,poison,131.1,106.8,126,1764186,50,1522,Infestation,Silver Wind,Poison Fang,4,4,3,50000
Carracosta,57.7,565,water,rock,119.2,128.9,117,1797691,40.5,1470,Water Gun,Liquidation,Ancient Power,15,15,5,75000
Inteleon,57.7,818,water,none,143.8,83.3,101,1209833,32,1319,Water Gun,Snipe Shot,Hydro Cannon,12,14,3,10000
Rotom,57.7,479,electric,ghost,135.1,117.6,102,1620552,50,1485,Astonish,Thunderbolt,Ominous Wind,6,5,5,75000
Xurkitree,57.7,796,electric,none,153.1,72.4,96,1064106,23,1277,Thunder Shock,Discharge,Power Whip,5,6,20,100000
Heliolisk,57.6,695,electric,normal,136.2,110.7,105,1583121,40.5,1470,Volt Switch,Breaking Swipe,Parabolic Charge,4,4,3,50000
Lycanroc (Midday),57.6,745,rock,none,140.2,91.9,115,1481704,39,1446,Sucker Punch,Drill Run,Stone Edge,6,8,5,50000
Cloyster (Shadow),57.4,91,water,ice,119,168.8,94,1888197,42.5,1504,Ice Shard,Icy Wind,Hydro Pump,5,8,3,50000
Fraxure,57.4,611,dragon,none,152,93.3,120,1701792,50,1614,Dragon Tail,Aqua Tail,Night Slash,3,3,5,75000
Venomoth (Shadow),57.4,49,bug,poison,131.1,106.8,126,1764186,50,1522,Infestation,Silver Wind,Poison Fang,4,4,3,50000
Purugly,57.2,432,normal,none,126.4,100,127,1605280,50,1428,Scratch,Aerial Ace,Thunder,12,15,3,50000
Sharpedo (Shadow),57.2,319,water,dark,174.3,66.2,126,1453871,50,1594,Bite,Crunch,Poison Fang,12,10,3,50000
Crocalor,57.1,910,fire,none,119.6,100.7,139,1674077,50,1415,Incinerate,Crunch,Disarming Voice,3,3,3,10000
Stakataka,57.1,805,rock,steel,110.2,156.8,85,1468746,28,1279,Rock Throw,Stone Edge,Bulldoze,11,11,20,100000
Ambipom (Shadow),56.9,424,normal,none,136.9,103.5,127,1799482,47,1574,Scratch,Aerial Ace,Low Sweep,12,10,3,50000
Carracosta (Shadow),56.9,565,water,rock,119.2,128.9,117,1797691,40.5,1470,Water Gun,Liquidation,Ancient Power,15,15,5,75000
Exeggutor,56.9,103,grass,psychic,125.6,86.6,121,1316112,30.5,1290,Confusion,Seed Bomb,Psychic,3,4,3,50000
Gabite,56.9,444,dragon,ground,126.4,94.6,124,1482723,50,1370,Mud Shot,Twister,Dig,5,6,5,75000
Lairon (Shadow),56.9,305,steel,rock,116.9,143.9,114,1917698,50,1503,Metal Sound,Rock Tomb,Rock Slide,7,6,1,10000
Volbeat,56.9,313,bug,none,106.8,122.3,120,1567397,50,1294,Infestation,Lunge,Thunderbolt,4,5,3,50000
Gligar (Shadow),56.7,207,ground,flying,106.8,134.5,120,1723752,50,1357,Wing Attack,Night Slash,Aerial Ace,5,6,5,75000
Cinccino,56.6,573,normal,none,141.9,97.5,131,1812418,49.5,1607,Charm,Aqua Tail,Thunderbolt,5,7,3,50000
Darmanitan (Galarian),56.6,555,ice,none,138.6,67,127,1179347,29.5,1278,Ice Fang,Avalanche,Superpower,8,7,3,50000
Tyrantrum (Shadow),56.4,697,rock,dragon,119.9,106.4,106,1352280,29.5,1278,Dragon Tail,Meteor Beam,Rock Tomb,5,5,5,75000
Wormadam (Plant),56.4,413,bug,grass,105.4,131.8,114,1583656,50,1296,Sucker Punch,Energy Ball,Bug Buzz,7,9,1,10000
Breloom,56.2,286,grass,fighting,148.1,94.9,102,1433578,40,1462,Force Palm,Dynamic Punch,Grass Knot,5,5,3,50000
Mightyena,56.1,262,dark,none,125.7,99.3,126,1572733,50,1408,Sucker Punch,Crunch,Poison Fang,7,6,1,10000
Marowak (Shadow),55.9,105,ground,none,107.4,135.8,114,1662681,50,1342,Mud Slap,Bone Club,Rock Slide,4,5,3,50000
Arcanine (Hisuian),55.7,59,fire,rock,122.5,93.4,116,1327214,29.5,1279,Fire Fang,Rock Slide,Crunch,8,8,3,50000
Golem,55.7,76,rock,ground,117.1,116,111,1507780,32.5,1330,Mud Slap,Stone Edge,Earthquake,6,7,1,10000
Tauros,55.7,128,normal,none,122.8,119.8,119,1750661,40.5,1468,Tackle,Trailblaze,Horn Attack,15,12,3,50000
Gabite (Shadow),55.6,444,dragon,ground,126.4,94.6,124,1482723,50,1370,Mud Shot,Twister,Dig,5,6,5,75000
Sunflora,55.6,192,grass,none,135.1,101.4,132,1808286,50,1565,Bullet Seed,Sludge Bomb,Leaf Storm,4,5,3,50000
Illumise,55.4,314,bug,none,106.8,122.3,120,1567397,50,1294,Infestation,Silver Wind,Shadow Ball,4,5,3,50000
Glaceon,55.2,471,ice,none,125.6,112.1,92,1295338,29.5,1278,Ice Shard,Avalanche,Water Pulse,5,5,5,75000
Unfezant,55.2,521,normal,flying,133.7,93.6,119,1489204,37,1411,Air Slash,Heat Wave,Sky Attack,5,6,1,10000
Arbok,55.1,24,poison,none,123,113.5,114,1591497,50,1404,Acid,Brutal Swing,Wrap,5,6,3,50000
Gardevoir (Shadow),55.1,282,psychic,fairy,125.6,108.5,95,1294622,29.5,1278,Confusion,Triple Axel,Shadow Ball,4,4,5,75000
Carbink,54.9,703,rock,fairy,74.3,202.7,102,1536182,50,1072,Rock Throw,Moonblast,Rock Slide,10,9,5,75000
Eldegoss,54.8,830,grass,none,110.1,152.7,114,1916599,50,1458,Bullet Seed,Energy Ball,Grass Knot,4,4,3,50000
Tangela (Shadow),54.8,114,grass,none,132.4,123.7,120,1965346,50,1615,Infestation,Grass Knot,Sludge Bomb,5,5,3,50000
Tornadus (Incarnate) (Shadow),54.8,641,flying,none,135.8,89.2,98,1187109,27.5,1274,Bite,Dark Pulse,Hurricane,12,15,20,100000
Chandelure,54.6,609,ghost,fire,139.1,98.1,85,1159885,28,1277,Fire Spin,Shadow Ball,Energy Ball,5,5,5,75000
Mightyena (Shadow),54.6,262,dark,none,125.7,99.3,126,1572733,50,1408,Sucker Punch,Crunch,Poison Fang,7,6,1,10000
Misdreavus,54.6,200,ghost,none,123,114.2,114,1601312,50,1408,Psywave,Dark Pulse,Shadow Sneak,12,13,3,50000
Espeon,54.4,196,psychic,none,136.7,96.9,90,1192161,28.5,1279,Confusion,Psychic Fangs,Shadow Ball,3,4,5,75000
Sealeo,54.3,364,ice,water,102.7,99.3,150,1529717,50,1253,Powder Snow,Surf,Body Slam,6,5,3,50000
Alakazam (Mega),54.1,65,psychic,none,159,94,68,1016328,20,1278,Psycho Cut,Fire Punch,Shadow Ball,5,6,3,50000
Absol,53.9,359,dark,none,155.7,84.1,110,1440381,42.5,1504,Psycho Cut,Brutal Swing,Megahorn,4,7,5,75000
Rhydon,53.9,112,ground,rock,116.3,95.2,127,1406114,29,1279,Mud Slap,Stone Edge,Earthquake,6,7,3,50000
Basculin,53.8,550,water,none,137.9,97.3,126,1690626,50,1528,Water Gun,Aqua Tail,Aqua Jet,12,14,1,10000
Girafarig,53.8,203,normal,psychic,133.1,100,126,1677060,50,1496,Confusion,Psychic Fangs,Trailblaze,3,4,3,50000
Marshtomp (Shadow),53.8,259,water,ground,115.6,100,126,1456560,50,1298,Mud Shot,Surf,Sludge,5,5,3,10000
Mr. Rime,53.8,866,ice,psychic,123,109.9,115,1554536,35.5,1386,Ice Shard,Icy Wind,Psychic,5,6,5,75000
Absol (Shadow),53.6,359,dark,none,155.7,84.1,110,1440381,42.5,1504,Psycho Cut,Brutal Swing,Megahorn,4,7,5,75000
Azumarill,53.6,184,water,fairy,85.8,112.8,162,1567875,50,1160,Bubble,Ice Beam,Play Rough,5,6,3,50000
Cherrim (Overcast),53.6,421,grass,none,125,113.5,126,1787625,50,1497,Bullet Seed,Dazzling Gleam,Solar Beam,5,7,1,10000
Porygon-Z,53.6,474,normal,none,136,82.9,106,1195086,28,1279,Lock On,Tri Attack,Blizzard,10,15,3,50000
Sharpedo (Mega),53.6,319,water,dark,148.2,78.9,94,1099140,28,1279,Waterfall,Crunch,Poison Fang,5,4,3,50000
Beedrill,53.4,15,bug,poison,124.3,98,120,1461768,50,1349,Infestation,Drill Run,X-Scissor,4,4,1,10000
Indeedee (Male),53.1,876,psychic,normal,138.2,116.6,110,1772553,46.5,1565,Extrasensory,Shadow Ball,Psychic,5,6,3,50000
Maractus,53.1,556,grass,none,142.5,97,130,1796925,49,1602,Bullet Seed,Aerial Ace,Petal Blizzard,4,5,1,10000
Archeops (Shadow),52.9,567,rock,flying,148.3,75.7,98,1100178,27.5,1278,Wing Attack,Ancient Power,Crunch,6,6,5,75000
Oricorio (Sensu),52.9,741,ghost,flying,136.3,104.8,127,1814098,47,1572,Air Slash,Air Cutter,Hurricane,5,7,3,75000
Sudowoodo (Shadow),52.9,185,rock,none,123,129.1,126,2000792,50,1570,Counter,Meteor Beam,Rock Tomb,10,9,5,75000
Arbok (Shadow),52.3,24,poison,none,123,113.5,114,1591497,50,1404,Acid,Brutal Swing,Wrap,5,6,3,50000
Purugly (Shadow),52.3,432,normal,none,126.4,100,127,1605280,50,1428,Scratch,Aerial Ace,Thunder,12,15,3,50000
Beheeyem,52.1,606,psychic,none,130.8,102.3,113,1512035,37,1412,Confusion,Dark Pulse,Rock Slide,4,4,3,50000
Oricorio (Pa'u),52.1,741,psychic,flying,136.3,104.8,127,1814098,47,1572,Air Slash,Air Cutter,Hurricane,5,7,3,75000
Yanmega,52.1,469,bug,flying,128.1,91.9,115,1353825,32,1321,Wing Attack,Aerial Ace,Ancient Power,6,6,3,50000
Archeops,51.9,567,rock,flying,148.3,75.7,98,1100178,27.5,1278,Wing Attack,Ancient Power,Crunch,6,6,5,75000
Girafarig (Shadow),51.9,203,normal,psychic,133.1,100,126,1677060,50,1496,Confusion,Psychic Fangs,Trailblaze,3,4,3,50000
Marshtomp,51.9,259,water,ground,115.6,100,126,1456560,50,1298,Mud Shot,Surf,Sludge,5,5,3,10000
Grotle,51.8,388,grass,none,116.2,106.8,132,1638141,50,1382,Bite,Energy Ball,Body Slam,12,10,3,10000
Stantler,51.8,234,normal,none,139.9,98.7,129,1781249,50,1582,Tackle,Wild Charge,Stomp,15,14,3,50000
Chandelure (Shadow),51.6,609,ghost,fire,139.1,98.1,85,1159885,28,1277,Incinerate,Shadow Ball,Energy Ball,3,3,5,75000
Darmanitan (Standard) (Shadow),51.6,555,fire,none,138.6,67,127,1179347,29.5,1278,Incinerate,Rock Slide,Overheat,3,3,3,50000
Graveler (Alolan),51.6,75,rock,electric,121,121,108,1581228,50,1387,Volt Switch,Stone Edge,Rock Blast,4,3,1,10000
Unfezant (Shadow),51.6,521,normal,flying,133.7,93.6,119,1489204,37,1411,Air Slash,Sky Attack,Heat Wave,6,5,1,10000
Dunsparce,51.4,206,normal,none,98.7,96.6,162,1544576,50,1235,Rollout,Drill Run,Rock Slide,4,4,3,50000
Parasect,51.4,47,bug,grass,121.6,108.8,114,1508229,50,1359,Fury Cutter,X-Scissor,Cross Poison,10,9,3,50000
Sharpedo,51.4,319,water,dark,174.3,66.2,126,1453871,50,1594,Bite,Crunch,Poison Fang,12,10,3,50000
Sneasel (Shadow),51.4,215,dark,ice,137.9,108.8,108,1620380,50,1499,Ice Shard,Avalanche,Foul Play,5,4,3,50000
Heliolisk (Shadow),51.3,695,electric,normal,136.2,110.7,105,1583121,40.5,1470,Volt Switch,Breaking Swipe,Parabolic Charge,4,4,3,50000
Sneasel,51.3,215,dark,ice,137.9,108.8,108,1620380,50,1499,Ice Shard,Avalanche,Foul Play,5,4,3,50000
Banette (Mega),50.9,354,ghost,none,152.4,83.1,84,1063813,25,1278,Shadow Claw,Shadow Ball,Dazzling Gleam,7,7,3,50000
Pignite,50.9,499,fire,fighting,127,81.8,150,1558290,50,1406,Ember,Rock Tomb,Flame Charge,6,6,3,10000
Sealeo (Shadow),50.9,364,ice,water,102.7,99.3,150,1529717,50,1253,Powder Snow,Surf,Body Slam,6,5,3,50000
Seadra (Shadow),50.6,117,water,none,136.5,115.6,108,1704175,50,1530,Dragon Breath,Dragon Pulse,Hydro Pump,14,19,3,50000
Shaymin (Sky),50.6,492,grass,flying,127.9,86.4,115,1270814,25.5,1276,Magical Leaf,Energy Ball,Grass Knot,5,5,20,100000
Brionne,50.1,729,water,none,123.7,108.1,114,1524405,50,1378,Water Gun,Aqua Jet,Disarming Voice,14,15,3,10000
Mr. Mime (Galarian),50.1,122,ice,psychic,133.8,124.3,102,1696397,50,1511,Confusion,Ice Punch,Triple Axel,3,4,5,75000
Seviper,50.1,336,poison,none,142.6,89.9,129,1653746,50,1539,Poison Jab,Poison Fang,Wrap,6,7,3,50000
Deoxys (Speed),50,386,psychic,none,130.8,123.3,82,1322466,32,1316,Charge Beam,Psycho Boost,Swift,4,4,20,100000
Azelf,49.6,482,psychic,none,141.3,82.1,99,1148472,28.5,1277,Confusion,Swift,Future Sight,3,5,20,100000
Thwackey,49.6,811,grass,none,121.6,100.7,126,1542885,50,1371,Scratch,Energy Ball,Grass Knot,12,13,3,10000
Bastiodon,49.5,411,rock,steel,73.7,203.4,114,1708926,50,1125,Smack Down,Stone Edge,Flamethrower,7,7,5,75000
Naganadel,49.3,804,poison,dragon,137.4,87.5,98,1178205,29,1277,Poison Jab,Dragon Claw,Sludge Bomb,8,8,20,100000
Grotle (Shadow),49.1,388,grass,none,116.2,106.8,132,1638141,50,1382,Bite,Energy Ball,Body Slam,12,10,3,10000
Bibarel,49,400,normal,water,119.6,90.5,137,1482861,50,1332,Rollout,Surf,Hyper Fang,4,4,1,10000
Boldore,49,525,rock,none,127.7,106.8,126,1718433,50,1483,Mud Slap,Rock Slide,Bulldoze,5,6,3,50000
Sigilyph,49,561,psychic,flying,130.3,112.8,119,1749043,43,1510,Air Slash,Air Cutter,Ancient Power,5,5,5,75000
Beedrill (Shadow),48.8,15,bug,poison,124.3,98,120,1461768,50,1349,Infestation,Drill Run,X-Scissor,4,4,1,10000
Crabominable,48.5,740,fighting,ice,130,84.6,127,1396746,33.5,1348,Bubble,Ice Punch,Brick Break,4,4,3,50000
Pignite (Shadow),48.5,499,fire,fighting,127,81.8,150,1558290,50,1406,Ember,Rock Tomb,Flame Charge,6,6,3,10000
Misdreavus (Shadow),48.3,200,ghost,none,123,114.2,114,1601312,50,1408,Astonish,Dark Pulse,Shadow Sneak,5,5,3,50000
Furret,48.1,162,normal,none,110.1,94.6,143,1489411,50,1285,Sucker Punch,Swift,Brick Break,5,6,1,10000
Raticate (Alolan),47.8,20,dark,normal,101.4,114.2,132,1528544,50,1246,Bite,Crunch,Hyper Fang,12,13,1,10000
Absol (Mega),47.5,359,dark,none,159.4,72.2,89,1024273,27.5,1278,Psycho Cut,Brutal Swing,Megahorn,4,7,5,75000
Hoopa,47.5,720,psychic,ghost,133.8,98.4,91,1198099,26.5,1273,Confusion,Shadow Ball,Psychic,4,4,20,100000
Bibarel (Shadow),47.1,400,normal,water,119.6,90.5,137,1482861,50,1332,Rollout,Surf,Hyper Fang,4,4,1,10000
Bastiodon (Shadow),46.8,411,rock,steel,73.7,203.4,114,1708926,50,1125,Smack Down,Stone Edge,Flamethrower,7,7,5,75000
Magcargo,46.6,219,fire,rock,104.1,139.2,102,1478053,50,1244,Incinerate,Rock Tomb,Heat Wave,3,3,1,10000
Glimmora,46.5,970,rock,poison,126.9,96.6,105,1287147,28,1279,Rock Throw,Meteor Beam,Power Gem,12,10,3,50000
Golem (Shadow),46.5,76,rock,ground,117.1,116,111,1507780,32.5,1330,Mud Slap,Stone Edge,Earthquake,6,7,1,10000
Lycanroc (Dusk),46.5,745,rock,none,140.2,90.1,115,1452682,38,1430,Sucker Punch,Stone Edge,Trailblaze,8,7,5,50000
Porygon-Z (Shadow),46.5,474,normal,none,136,82.9,106,1195086,28,1279,Lock On,Tri Attack,Blizzard,10,15,3,50000
Lycanroc (Midnight),46,745,rock,none,129.3,95.8,122,1511207,36.5,1404,Counter,Psychic Fangs,Crunch,6,8,5,50000
Gardevoir (Mega),45.8,282,psychic,fairy,141.9,103.9,78,1149986,20,1278,Confusion,Triple Axel,Shadow Ball,4,4,5,75000
Mudbray,45.6,749,ground,none,128.4,91.9,126,1486795,50,1383,Mud Slap,Bulldoze,Body Slam,6,4,3,50000
Graveler (Alolan) (Shadow),45,75,rock,electric,121,121,108,1581228,50,1387,Volt Switch,Stone Edge,Rock Blast,4,3,1,10000
Raticate (Alolan) (Shadow),44.3,20,dark,normal,101.4,114.2,132,1528544,50,1246,Bite,Crunch,Hyper Fang,12,13,1,10000
Stantler (Shadow),44.3,234,normal,none,139.9,98.7,129,1781249,50,1582,Tackle,Wild Charge,Stomp,15,14,3,50000
Audino,43.3,531,normal,none,87.2,120.3,165,1730876,50,1230,Charge Beam,Body Slam,Disarming Voice,4,5,3,50000
Hoopa (Unbound),43.2,720,psychic,dark,143.9,92.3,83,1102404,22,1265,Confusion,Dark Pulse,Shadow Ball,4,4,20,100000
Rhydon (Shadow),43.2,112,ground,rock,116.3,95.2,127,1406114,29,1279,Mud Slap,Stone Edge,Earthquake,6,7,3,50000
Graveler,42.7,75,rock,ground,121,121,108,1581228,50,1387,Mud Slap,Rock Slide,Dig,5,5,1,10000
Regigigas,40,486,normal,none,127.4,97.2,102,1263095,21,1274,Hidden Power (Ice),Crush Grip,Thunder,7,8,20,100000
Boldore (Shadow),39.4,525,rock,none,127.7,106.8,126,1718433,50,1483,Mud Slap,Rock Slide,Bulldoze,5,6,3,50000
Graveler (Shadow),36.4,75,rock,ground,121,121,108,1581228,50,1387,Mud Slap,Rock Slide,Dig,5,5,1,10000
Lilligant,33.4,549,grass,none,135.8,105.9,115,1653840,42.5,1504,Charm,Petal Blizzard,Hyper Beam,9,10,1,10000
Diancie (Mega),31.9,719,rock,fairy,152.3,107.7,64,1049773,20.5,1273,Rock Throw,Moonblast,Rock Slide,10,9,20,100000
Regigigas (Shadow),30.6,486,normal,none,130.1,95,101,1248310,21,1275,Hidden Power (Ice),Crush Grip,Thunder,7,8,20,100000
Shaymin (Land),30.6,492,grass,none,109.2,113.3,120,1484683,28.5,1277,Zen Headbutt,Grass Knot,Seed Flare,9,13,20,100000
Chansey,29.4,113,normal,none,50.7,96.6,339,1660293,50,917,Zen Headbutt,Dazzling Gleam,Hyper Beam,10,14,5,75000
Rampardos (Shadow),25.4,409,rock,none,149.8,62.1,116,1079099,27.5,1276,Smack Down,Rock Slide,Flamethrower,6,7,5,75000
Rampardos,25,409,rock,none,149.8,62.1,116,1079099,27.5,1276,Smack Down,Rock Slide,Flamethrower,6,7,5,75000
Slaking,18.5,289,normal,none,127.6,77.9,128,1272325,20.5,1279,Yawn,Body Slam,Earthquake,4,6,5,75000
Slaking (Shadow),14,289,normal,none,127.6,77.9,128,1272325,20.5,1279,Yawn,Body Slam,Earthquake,4,6,5,75000
