Pokemon,Score,Dex,Type 1,Type 2,Attack,Defense,Stamina,Stat Product,Level,CP,Fast Move,Charged Move 1,Charged Move 2,Charged Move 1 Count,Charged Move 2 Count,Buddy Distance,Charged Move Cost
Tinkaton,95.1,959,fairy,steel,140.3,177.3,178,4427784,50,2498,Fairy Wind,Gigaton Hammer,Bulldoze,7,7,3,75000
Corviknight,93.9,823,flying,steel,137.8,170,193,4521218,47,2496,Sand Attack,Air Cutter,Iron Head,10,13,1,10000
Corviknight (Shadow),93.3,823,flying,steel,137.8,170,193,4521218,47,2496,Sand Attack,Air Cutter,Payback,10,15,1,10000
Florges,92.2,671,fairy,none,154,183.2,143,4034430,28.5,2495,Fairy Wind,Chilling Water,Disarming Voice,5,5,3,50000
Empoleon,92.1,395,water,steel,161.9,150.7,158,3854936,33,2499,Metal Sound,Hydro Cannon,Drill Peck,5,5,3,10000
Melmetal,92.1,809,steel,none,155.1,138.2,187,4008311,25.5,2496,Thunder Shock,Double Iron Bash,Dynamic Punch,4,5,20,100000
Mimikyu,92.1,778,ghost,fairy,159.6,179.8,135,3873971,50,2488,Shadow Claw,Shadow Sneak,Play Rough,7,8,5,50000
Snorlax (Shadow),92.1,143,normal,none,139,131.2,245,4468016,28.5,2492,Psywave,Body Slam,Earthquake,10,17,5,75000
Empoleon (Shadow),91.9,395,water,steel,161.9,150.7,158,3854936,33,2499,Metal Sound,Hydro Cannon,Drill Peck,5,5,3,10000
Moltres (Galarian),91.9,146,dark,flying,149.4,175.5,158,4142713,29.5,2488,Sucker Punch,Fly,Brave Bird,7,8,20,100000
Virizion,91.9,640,grass,fighting,146,179.9,162,4254995,31,2494,Double Kick,Leaf Blade,Sacred Sword,3,3,20,100000
Zygarde (Complete Forme),91.8,718,dragon,ground,128.9,142,264,4832203,24,2497,Dragon Tail,Crunch,Bulldoze,4,5,20,100000
Feraligatr,91.5,160,water,none,159.1,154.5,159,3908371,35,2494,Shadow Claw,Hydro Cannon,Ice Beam,5,7,3,10000
Feraligatr (Shadow),91.5,160,water,none,159.1,154.5,159,3908371,35,2494,Shadow Claw,Hydro Cannon,Ice Beam,5,7,3,10000
Snorlax,91.1,143,normal,none,139,131.2,245,4468016,28.5,2492,Psywave,Body Slam,Earthquake,10,17,5,75000
Jellicent,90.9,593,water,ghost,141.5,158.9,196,4406933,47.5,2497,Hex,Surf,Shadow Ball,4,4,3,50000
Giratina (Altered),90.8,487,ghost,dragon,134.5,168.1,204,4612328,27.5,2494,Dragon Breath,Ancient Power,Shadow Force,12,17,20,100000
Guzzlord,90.8,799,dark,dragon,145,86.1,342,4269699,34,2491,Dragon Tail,Brutal Swing,Sludge Bomb,3,5,20,100000
Skeledirge,90.7,911,fire,ghost,156.4,141.7,179,3966977,30.5,2497,Incinerate,Torch Song,Shadow Ball,3,3,3,10000
Cramorant,90.6,845,flying,water,157.9,149.5,157,3706150,50,2419,Peck,Dive,Fly,5,6,3,50000
Ninetales (Alolan),90.5,38,ice,fairy,151.4,172.1,158,4116839,47.5,2496,Powder Snow,Weather Ball (Ice),Chilling Water,5,6,3,50000
Rillaboom,90.5,812,grass,none,170.2,127.5,168,3645684,27.5,2491,Scratch,Drum Beating,Earth Power,9,13,3,10000
Lapras,90.4,131,water,ice,133.9,149.7,231,4630356,40.5,2492,Psywave,Sparkling Aria,Ice Beam,12,14,5,75000
Registeel,90.3,379,steel,none,122.7,242.9,170,5066651,49,2495,Lock On,Flash Cannon,Focus Blast,13,15,20,100000
Dusknoir,90.2,477,ghost,none,153.2,222.3,119,4052707,48.5,2492,Astonish,Dynamic Punch,Shadow Punch,5,4,3,50000
Lapras (Shadow),90.2,131,water,ice,133.9,149.7,231,4630356,40.5,2492,Psywave,Sparkling Aria,Ice Beam,12,14,5,75000
Ninetales (Alolan) (Shadow),90.2,38,ice,fairy,151.4,172.1,158,4116839,47.5,2496,Powder Snow,Weather Ball (Ice),Chilling Water,5,6,3,50000
Dusknoir (Shadow),90.1,477,ghost,none,153.2,222.3,119,4052707,48.5,2492,Astonish,Dynamic Punch,Shadow Punch,5,4,3,50000
Muk (Alolan),90.1,89,poison,dark,149.9,144.5,191,4137165,37,2494,Poison Jab,Brutal Swing,Ice Punch,5,6,3,50000
Clefable,90,36,fairy,none,150.6,144,191,4142102,47.5,2498,Fairy Wind,Meteor Mash,Draining Kiss,5,7,1,10000
Dondozo,90,977,water,none,133.8,142.7,243,4639662,32,2492,Waterfall,Surf,Outrage,5,6,5,75000
Forretress,89.8,205,bug,steel,144.9,182.4,163,4308051,48.5,2499,Volt Switch,Rock Tomb,Sand Tomb,4,3,5,75000
Giratina (Altered) (Shadow),89.8,487,ghost,dragon,137.4,163.1,202,4526808,27,2497,Dragon Breath,Ancient Power,Shadow Sneak,12,13,20,100000
Regidrago,89.8,895,dragon,none,154.5,84.3,309,4024524,32.5,2494,Dragon Breath,Dragon Energy,Vise Grip,12,10,20,100000
Blastoise,89.4,9,water,none,143.9,181.5,165,4309445,45.5,2497,Bite,Hydro Cannon,Skull Bash,10,19,3,10000
Cresselia,89.4,488,psychic,none,120.1,207.1,208,5173524,36.5,2496,Psycho Cut,Grass Knot,Moonblast,6,6,20,100000
Talonflame,89.2,663,fire,flying,160.4,142.8,168,3848060,50,2489,Incinerate,Fly,Brave Bird,3,3,1,10000
Runerigus,89,867,ground,ghost,146.6,208.6,139,4250726,49.5,2496,Shadow Claw,Rock Tomb,Shadow Ball,7,7,3,50000
Walrein (Shadow),89,365,ice,water,145.4,147.7,200,4295116,38.5,2500,Powder Snow,Icicle Spear,Earthquake,5,9,3,50000
Deoxys (Defense),88.9,386,psychic,none,130.2,288.1,126,4726338,50,2489,Low Kick,Psycho Boost,Thunderbolt,5,7,20,100000
Steelix,88.9,208,steel,ground,126.5,238,163,4907441,48.5,2492,Thunder Fang,Psychic Fangs,Earthquake,6,11,5,75000
Cresselia (Shadow),88.8,488,psychic,none,121.9,201.7,206,5064969,33.5,2490,Psycho Cut,Grass Knot,Moonblast,6,6,20,100000
Forretress (Shadow),88.8,205,bug,steel,144.9,182.4,163,4308051,48.5,2499,Volt Switch,Rock Tomb,Sand Tomb,4,3,5,75000
Muk (Alolan) (Shadow),88.8,89,poison,dark,149.9,144.5,191,4137165,37,2494,Poison Jab,Brutal Swing,Ice Punch,5,6,3,50000
Walrein,88.8,365,ice,water,145.4,147.7,200,4295116,38.5,2500,Powder Snow,Icicle Spear,Earthquake,5,9,3,50000
Malamar (Mega),88.7,687,dark,psychic,153.8,171.9,153,4045048,29.5,2495,Psywave,Foul Play,Superpower,10,10,3,50000
Ninetales,88.6,38,fire,none,151.1,171.1,159,4110660,49,2495,Ember,Weather Ball (Fire),Energy Ball,4,5,3,50000
Steelix (Shadow),88.6,208,steel,ground,126.5,238,163,4907441,48.5,2492,Thunder Fang,Psychic Fangs,Crunch,6,8,5,75000
Seaking,88.5,119,water,none,159.6,136.1,172,3736108,50,2443,Peck,Drill Run,Icy Wind,5,6,3,50000
Ampharos,88.4,181,electric,none,163.7,137.8,169,3812278,35,2498,Volt Switch,Brutal Swing,Trailblaze,3,3,5,75000
Cradily (Shadow),88.4,346,rock,grass,140.3,175.6,180,4434602,50,2498,Acid,Rock Tomb,Grass Knot,7,7,3,50000
Primarina,88.4,730,water,fairy,169,149,146,3676426,28.5,2494,Waterfall,Hydro Cannon,Moonblast,4,5,3,10000
Toucannon,88.4,733,normal,flying,177.3,124.7,159,3515380,39,2498,Peck,Beak Blast,Drill Peck,7,5,1,10000
Ampharos (Shadow),88.2,181,electric,none,163.7,137.8,169,3812278,35,2498,Volt Switch,Brutal Swing,Trailblaze,3,3,5,75000
Bellibolt,88.2,939,electric,none,148,141.7,200,4194320,39.5,2496,Sucker Punch,Parabolic Charge,Zap Cannon,8,12,1,50000
Talonflame (Shadow),88.2,663,fire,flying,160.4,142.8,168,3848060,50,2489,Incinerate,Fly,Brave Bird,3,3,1,10000
Malamar (Shadow),88.1,687,dark,psychic,152,149.5,180,4090320,50,2497,Psywave,Foul Play,Superpower,10,10,3,50000
Togekiss,88.1,468,fairy,flying,161.1,161.1,149,3867028,27.5,2497,Peck,Psyshock,Aura Sphere,5,5,3,50000
Seismitoad,87.9,537,water,ground,154.1,132.4,198,4039762,42.5,2496,Mud Shot,Earth Power,Icy Wind,6,5,3,50000
Aromatisse,87.8,683,fairy,none,152.6,135.3,197,4067416,47,2497,Fairy Wind,Moonblast,Psyshock,6,5,3,50000
Kingdra,87.7,230,water,dragon,156.9,165.6,152,3949361,40.5,2497,Dragon Breath,Surf,Swift,12,9,3,50000
Ninetales (Shadow),87.7,38,fire,none,151.1,171.1,159,4110660,49,2495,Ember,Weather Ball (Fire),Energy Ball,4,5,3,50000
Samurott,87.7,503,water,none,165.1,130.7,175,3776250,35.5,2497,Fury Cutter,Hydro Cannon,Megahorn,10,14,3,10000
Swampert,87.7,260,water,ground,157.6,141.2,177,3938802,32,2496,Mud Shot,Hydro Cannon,Earthquake,5,8,3,10000
Milotic (Shadow),87.6,350,water,none,145.1,172.5,171,4280087,31.5,2492,Waterfall,Aqua Tail,Wrap,4,5,5,75000
Toucannon (Shadow),87.6,733,normal,flying,177.3,124.7,159,3515380,39,2498,Peck,Beak Blast,Drill Peck,7,5,1,10000
Bombirdier,87.5,962,flying,dark,164.6,150.7,152,3770393,45,2494,Sucker Punch,Fly,Drill Run,7,6,5,75000
Golisopod,87.5,768,bug,water,160.4,171.9,140,3860186,29,2497,Fury Cutter,X-Scissor,Aqua Jet,10,10,1,10000
Kingdra (Shadow),87.5,230,water,dragon,156.9,165.6,152,3949361,40.5,2497,Dragon Breath,Surf,Swift,12,9,3,50000
Malamar,87.4,687,dark,psychic,152,149.5,180,4090320,50,2497,Psywave,Superpower,Foul Play,10,10,3,50000
Oinkologne (Female),87.4,916,normal,none,141.8,144.2,215,4396225,45,2497,Take Down,Body Slam,Trailblaze,5,5,1,10000
Articuno,87.3,144,ice,flying,144.6,185.2,160,4284787,31,2495,Powder Snow,Icy Wind,Hurricane,6,8,20,100000
Miltank,87.3,241,normal,none,136.1,173.1,194,4570429,50,2494,Rollout,Body Slam,High Horsepower,4,5,5,75000
Turtonator,87.3,776,fire,dragon,150.4,193.3,142,4128269,50,2498,Incinerate,Brutal Swing,Dragon Claw,2,3,5,75000
Annihilape,87,979,fighting,ghost,159,135.7,181,3905310,28,2495,Low Kick,Rage Fist,Ice Punch,5,5,3,50000
Gyarados (Shadow),87,130,water,flying,167.9,138.1,160,3709918,27,2497,Dragon Breath,Aqua Tail,Twister,9,10,1,10000
Genesect (Shock),86.9,649,bug,steel,181.8,147.1,127,3396333,27,2491,Fury Cutter,Magnet Bomb,Techno Blast (Shock),10,14,20,100000
Sylveon,86.9,700,fairy,none,152.1,159.4,168,4073116,30,2495,Fairy Wind,Draining Kiss,Shadow Ball,7,6,5,75000
Cradily,86.8,346,rock,grass,140.3,175.6,180,4434602,50,2498,Acid,Rock Tomb,Grass Knot,7,7,3,50000
Gyarados,86.8,130,water,flying,167.9,138.1,160,3709918,27,2497,Dragon Breath,Aqua Tail,Twister,9,10,1,10000
Annihilape (Shadow),86.7,979,fighting,ghost,159,135.7,181,3905310,28,2495,Low Kick,Rage Fist,Ice Punch,5,5,3,50000
Orthworm,86.7,968,steel,none,144,194.8,153,4291834,48.5,2493,Mud Slap,Iron Head,Rock Tomb,5,5,5,75000
Piloswine,86.7,221,ice,ground,159.2,125.4,196,3912881,47,2497,Powder Snow,Icicle Spear,High Horsepower,5,7,3,50000
Drapion,86.6,452,poison,dark,150.9,178,153,4109611,46,2492,Poison Sting,Crunch,Aqua Tail,5,4,5,75000
Doublade,86.5,680,steel,ghost,157.9,181.7,137,3930589,46.5,2494,Shadow Claw,Sacred Sword,Iron Head,5,7,5,75000
Piloswine (Shadow),86.5,221,ice,ground,159.2,125.4,196,3912881,47,2497,Powder Snow,Icicle Spear,High Horsepower,5,7,3,50000
Cofagrigus,86.4,563,ghost,none,146.6,208.6,139,4250726,49.5,2496,Shadow Claw,Shadow Ball,Energy Ball,7,6,3,50000
Crustle,86.4,558,bug,rock,155,172.8,150,4017600,43.5,2496,Fury Cutter,X-Scissor,Rock Wrecker,10,13,1,10000
Raichu (Mega X),86.4,26,electric,none,192,147.1,115,3247968,26,2497,Volt Switch,Brick Break,Trailblaze,3,3,1,10000
Hippowdon,86.3,450,ground,none,149.9,150.6,184,4153789,30,2497,Sand Attack,Weather Ball (Rock),Earth Power,9,13,3,50000
Milotic,86.3,350,water,none,145.1,172.5,171,4280087,31.5,2492,Waterfall,Aqua Tail,Wrap,4,5,5,75000
Blastoise (Shadow),86.2,9,water,none,143.9,181.5,165,4309445,45.5,2497,Bite,Hydro Cannon,Skull Bash,10,19,3,10000
Cobalion,86.2,638,steel,fighting,146,179.9,162,4254995,31,2494,Double Kick,Sacred Sword,Stone Edge,3,5,20,100000
Kyurem,86.2,646,dragon,ice,170.9,121.2,176,3645502,26,2498,Dragon Breath,Glaciate,Dragon Claw,10,13,20,100000
Slurpuff,86.2,685,fairy,none,153.7,149.5,174,3998198,50,2483,Fairy Wind,Draining Kiss,Energy Ball,7,5,3,50000
Articuno (Shadow),86.1,144,ice,flying,146.2,180,160,4210560,30.5,2487,Powder Snow,Icy Wind,Hurricane,6,8,20,100000
Oranguru,86.1,765,normal,psychic,141.9,170,182,4390386,47,2497,Confusion,Brutal Swing,Trailblaze,3,4,3,75000
Hippowdon (Shadow),86,450,ground,none,149.9,150.6,184,4153789,30,2497,Sand Attack,Weather Ball (Rock),Earth Power,9,13,3,50000
Altaria (Mega),85.9,334,dragon,fairy,163.3,166.2,140,3799664,29,2499,Dragon Breath,Moonblast,Flamethrower,13,14,1,10000
Charizard,85.9,6,fire,flying,171.5,140.5,151,3638458,34,2499,Dragon Breath,Blast Burn,Air Cutter,13,10,3,10000
Samurott (Shadow),85.9,503,water,none,165.1,130.7,175,3776250,35.5,2497,Fury Cutter,Hydro Cannon,Megahorn,10,14,3,10000
Swampert (Shadow),85.9,260,water,ground,157.6,141.2,177,3938802,32,2496,Mud Shot,Hydro Cannon,Earthquake,5,8,3,10000
Tentacruel,85.9,73,water,poison,141.1,185.1,169,4413876,48,2497,Acid,Scald,Payback,7,8,3,50000
Weezing (Galarian) (Shadow),85.9,110,poison,fairy,155.3,176.2,146,3995124,49,2498,Fairy Wind,Brutal Swing,Sludge,4,5,3,50000
Politoed (Shadow),85.7,186,water,none,146.8,159.1,182,4250770,46,2498,Mud Shot,Weather Ball (Water),Earthquake,4,8,3,50000
Tentacruel (Shadow),85.7,73,water,poison,141.1,185.1,169,4413876,48,2497,Acid,Scald,Payback,7,8,3,50000
Genesect (Chill),85.6,649,bug,steel,181.8,147.1,127,3396333,27,2491,Fury Cutter,Magnet Bomb,Techno Blast (Chill),10,14,20,100000
Grumpig,85.6,326,psychic,none,147,168.7,171,4240612,49,2498,Psywave,Dynamic Punch,Shadow Ball,12,13,1,10000
Grumpig (Shadow),85.6,326,psychic,none,147,168.7,171,4240612,49,2498,Psywave,Dynamic Punch,Shadow Ball,12,13,1,10000
Lickilicky,85.6,463,normal,none,136.1,160,210,4572960,47,2496,Rollout,Body Slam,Shadow Ball,4,4,3,50000
Zapdos,85.6,145,electric,flying,176,134.2,149,3519261,25.5,2494,Thunder Shock,Drill Peck,Thunderbolt,5,7,20,100000
Stunfisk (Galarian),85.5,618,ground,steel,133.6,156.3,214,4468680,50,2444,Mud Shot,Rock Slide,Earthquake,5,8,5,75000
Weezing (Galarian),85.5,110,poison,fairy,155.3,176.2,146,3995124,49,2498,Fairy Wind,Brutal Swing,Sludge,4,5,3,50000
Latias,85.4,380,dragon,psychic,160.2,178.1,136,3880300,26.5,2494,Dragon Breath,Mist Ball,Aura Sphere,15,10,20,100000
Mawile (Mega),85.4,303,steel,fairy,160.2,192.6,126,3887670,48,2497,Fairy Wind,Vise Grip,Iron Head,5,6,5,75000
Umbreon,85.4,197,dark,none,118.4,214.1,193,4892442,50,2413,Snarl,Dark Pulse,Last Resort,4,5,5,75000
Charizard (Shadow),85.3,6,fire,flying,171.5,140.5,151,3638458,34,2499,Dragon Breath,Blast Burn,Air Cutter,13,10,3,10000
Cofagrigus (Shadow),85.3,563,ghost,none,146.6,208.6,139,4250726,49.5,2496,Shadow Claw,Shadow Ball,Energy Ball,7,6,3,50000
Raikou,85.1,243,electric,none,169.1,143,151,3651376,26.5,2486,Thunder Shock,Wild Charge,Aura Sphere,5,5,20,100000
Gastrodon,85,423,water,ground,149.8,130.8,212,4153894,47.5,2498,Mud Slap,Body Slam,Earth Power,4,5,3,50000
Abomasnow,84.9,460,grass,ice,152.9,145.3,183,4065596,50,2494,Powder Snow,Weather Ball (Ice),Energy Ball,5,6,3,50000
Greninja (Shadow),84.9,658,water,dark,178.7,129.9,150,3481970,39.5,2497,Water Shuriken,Hydro Cannon,Brutal Swing,3,3,3,10000
Nidoqueen,84.9,31,poison,ground,150.4,152,181,4137805,45.5,2498,Mud Slap,Poison Fang,Earth Power,4,5,3,50000
Raikou (Shadow),84.9,243,electric,none,171.2,138.9,151,3590732,26.5,2487,Thunder Shock,Wild Charge,Aura Sphere,5,5,20,100000
Rapidash,84.9,78,fire,none,173,143.5,145,3599698,46,2496,Incinerate,Wild Charge,Drill Run,3,2,3,50000
Aurorus,84.8,699,rock,ice,145.8,136.6,214,4262084,36,2497,Powder Snow,Weather Ball (Ice),Meteor Beam,5,8,5,75000
Drapion (Shadow),84.8,452,poison,dark,150.9,178,153,4109611,46,2492,Poison Sting,Aqua Tail,Crunch,4,5,5,75000
Rapidash (Shadow),84.8,78,fire,none,173,143.5,145,3599698,46,2496,Incinerate,Wild Charge,Drill Run,3,2,3,50000
Abomasnow (Shadow),84.7,460,grass,ice,152.9,145.3,183,4065596,50,2494,Powder Snow,Weather Ball (Ice),Energy Ball,5,6,3,50000
Mandibuzz,84.7,630,dark,flying,121,184.9,215,4810174,50,2417,Snarl,Dark Pulse,Shadow Ball,4,4,5,75000
Mantine,84.7,226,water,flying,136.9,202.4,149,4128575,50,2381,Wing Attack,Twister,Water Pulse,5,7,5,75000
Sandslash (Alolan),84.7,28,ice,steel,149.8,171.3,162,4157040,47.5,2497,Powder Snow,Ice Punch,Drill Run,5,5,3,50000
Crustle (Shadow),84.6,558,bug,rock,155,172.8,150,4017600,43.5,2496,Fury Cutter,X-Scissor,Rock Wrecker,10,13,1,10000
Dragalge,84.6,691,poison,dragon,151.1,185.3,146,4087829,49,2493,Dragon Tail,Aqua Tail,Outrage,3,5,3,50000
Dragonite (Mega),84.6,149,dragon,flying,176.4,153.7,130,3524648,19,2497,Dragon Breath,Superpower,Thunder Punch,10,10,5,75000
Hydreigon (Shadow),84.6,635,dark,dragon,174.9,135.5,150,3554843,25,2495,Dragon Breath,Brutal Swing,Fly,9,12,5,75000
Ludicolo,84.6,272,water,grass,153.1,158.1,167,4042253,47.5,2494,Astonish,Weather Ball (Water),Energy Ball,4,5,3,50000
Stunfisk,84.6,618,ground,electric,133.6,156.3,214,4468680,50,2444,Thunder Shock,Mud Bomb,Discharge,5,5,5,75000
Audino (Mega),84.5,531,normal,fairy,123.1,206.3,199,5053710,45,2498,Charge Beam,Disarming Voice,Body Slam,5,4,3,50000
Kommo-o,84.5,784,dragon,fighting,159.7,178.1,137,3896632,28,2495,Dragon Tail,Clanging Scales,Upper Hand,4,4,5,75000
Sandslash (Alolan) (Shadow),84.5,28,ice,steel,149.8,171.3,162,4157040,47.5,2497,Powder Snow,Ice Punch,Drill Run,5,5,3,50000
Dodrio,84.4,85,normal,flying,184.8,129,141,3361327,48.5,2497,Peck,Drill Peck,Brave Bird,5,7,3,50000
Genesect (Douse),84.4,649,bug,steel,181.8,147.1,127,3396333,27,2491,Fury Cutter,Magnet Bomb,Techno Blast (Douse),10,14,20,100000
Zapdos (Shadow),84.4,145,electric,flying,177.4,132.9,147,3465740,25.5,2479,Thunder Shock,Drill Peck,Thunderbolt,5,7,20,100000
Grimmsnarl,84.3,861,dark,fairy,175.3,116.4,174,3550456,34,2498,Sucker Punch,Foul Play,Draining Kiss,6,8,5,50000
Politoed,84.3,186,water,none,146.8,159.1,182,4250770,46,2498,Mud Shot,Weather Ball (Water),Earthquake,4,8,3,50000
Flamigo,84.2,973,flying,fighting,178.6,122.9,159,3490040,37,2499,Peck,Upper Hand,Brave Bird,5,7,3,75000
Drifblim,84.1,426,ghost,flying,153.2,97.4,272,4058697,48.5,2494,Hex,Icy Wind,Shadow Ball,4,4,5,75000
Mewtwo (Armored),84.1,150,psychic,none,134.9,208.9,163,4593439,29.5,2490,Confusion,Psystrike,Dynamic Punch,4,4,20,100000
Scizor (Shadow),84.1,212,bug,steel,177,144.6,137,3506405,31,2492,Fury Cutter,Night Slash,Trailblaze,9,12,5,75000
Centiskorch,84,851,fire,bug,166.6,127.2,177,3750899,32,2499,Ember,Lunge,Heat Wave,5,5,5,75000
Goodra,84,706,dragon,none,153.2,175,151,4048310,26,2491,Dragon Breath,Aqua Tail,Power Whip,9,13,5,75000
Trevenant (Shadow),83.9,709,ghost,grass,165.5,135.6,167,3747781,43.5,2497,Shadow Claw,Shadow Ball,Seed Bomb,7,5,5,75000
Yveltal,83.9,717,dark,flying,167.9,131.5,167,3687168,24.5,2495,Sucker Punch,Dark Pulse,Oblivion Wing,7,8,20,100000
Lugia,83.8,249,psychic,flying,132.2,215.7,164,4676549,25,2493,Dragon Tail,Aeroblast,Earth Power,7,5,20,100000
Pelipper,83.8,279,water,flying,159.6,158.8,142,3598916,50,2403,Wing Attack,Weather Ball (Water),Hurricane,5,8,3,50000
Ursaluna,83.8,901,ground,normal,161.6,125,191,3858200,24,2496,Scratch,Thunder Punch,High Horsepower,10,14,3,50000
Latias (Shadow),83.7,380,dragon,psychic,163.4,171.6,136,3813364,26,2497,Dragon Breath,Mist Ball,Aura Sphere,15,10,20,100000
Spiritomb,83.7,442,ghost,dark,154.6,179.8,127,3530229,50,2342,Sucker Punch,Shadow Ball,Rock Tomb,8,8,5,75000
Genesect,83.5,649,bug,steel,181.8,147.1,127,3396333,27,2491,Fury Cutter,Magnet Bomb,Techno Blast (Normal),10,14,20,100000
Nidoking,83.5,34,poison,ground,166.4,136.8,164,3733217,42,2492,Poison Sting,Avalanche,Earth Power,5,6,3,50000
Victreebel,83.5,71,grass,poison,173.6,123.4,167,3577514,46.5,2492,Sucker Punch,Leaf Blade,Sludge Bomb,5,8,3,50000
Bronzong,83.4,437,steel,psychic,147,189.8,152,4240891,50,2497,Confusion,Weather Ball (Water),Bulldoze,3,4,3,50000
Overqwil,83.4,904,dark,poison,168.7,137.3,158,3659677,32.5,2492,Poison Jab,Aqua Tail,Dark Pulse,5,7,5,75000
Trevenant,83.4,709,ghost,grass,165.5,135.6,167,3747781,43.5,2497,Shadow Claw,Shadow Ball,Seed Bomb,7,5,5,75000
Greedent,83.3,820,normal,none,137.3,143.2,230,4522113,49.5,2492,Bite,Body Slam,Trailblaze,10,12,1,10000
Hawlucha,83.3,701,fighting,flying,164.7,138.2,166,3778416,47.5,2497,Low Kick,Flying Press,Aerial Ace,5,6,5,75000
Scizor,83.3,212,bug,steel,177,144.6,137,3506405,31,2492,Fury Cutter,Night Slash,Trailblaze,9,12,5,75000
Bellossom (Shadow),83.2,182,grass,none,151.5,166.5,163,4111634,48.5,2496,Acid,Leaf Blade,Dazzling Gleam,5,7,3,50000
Coalossal,83.2,839,rock,fire,127.3,178.4,215,4882719,49.5,2494,Fire Spin,Rock Slide,Flame Charge,5,5,3,10000
Blaziken (Shadow),83.1,257,fire,fighting,185.1,117.9,154,3360787,34,2494,Ember,Aura Sphere,Blast Burn,5,6,3,10000
Charizard (Mega X),83.1,6,fire,dragon,180.6,146.9,130,3448918,23.5,2497,Dragon Breath,Blast Burn,Air Cutter,13,10,3,10000
Genesect (Burn),83.1,649,bug,steel,181.8,147.1,127,3396333,27,2491,Fury Cutter,Magnet Bomb,X-Scissor,10,10,20,100000
Oinkologne,83.1,916,normal,none,151.1,133.6,204,4118140,41,2496,Take Down,Body Slam,Trailblaze,5,5,1,10000
Tapu Fini,83.1,788,water,fairy,147.7,201.8,141,4202626,35,2496,Water Gun,Surf,Nature's Madness,15,17,20,100000
Aurorus (Shadow),83,699,rock,ice,145.8,136.6,214,4262084,36,2497,Powder Snow,Weather Ball (Ice),Meteor Beam,5,8,5,75000
Bellossom,83,182,grass,none,151.5,166.5,163,4111634,48.5,2496,Acid,Leaf Blade,Dazzling Gleam,5,7,3,50000
Cetitan,83,975,ice,none,153.8,100.1,262,4033590,29.5,2493,Powder Snow,Icicle Spear,Superpower,5,5,3,50000
Dudunsparce,83,982,normal,none,149.5,128.5,217,4168733,38,2497,Astonish,Drill Run,Rock Slide,4,5,3,50000
Machamp (Shadow),83,68,fighting,none,174.1,127.3,161,3568232,30,2497,Karate Chop,Cross Chop,Rock Slide,4,5,3,50000
Nidoqueen (Shadow),83,31,poison,ground,150.4,152,181,4137805,45.5,2498,Mud Slap,Poison Fang,Earth Power,4,5,3,50000
Thievul,83,828,dark,none,157.1,150.4,157,3709571,50,2414,Sucker Punch,Night Slash,Icy Wind,5,7,1,10000
Greninja (Mega),82.9,658,water,dark,198.9,126.9,124,3129811,24,2498,Water Shuriken,Hydro Cannon,Brutal Swing,3,3,3,10000
Skuntank,82.8,435,poison,dark,157.9,122.6,204,3949142,50,2497,Poison Jab,Crunch,Trailblaze,7,7,3,50000
Galvantula,82.7,596,bug,electric,181.5,120.2,157,3425159,50,2493,Volt Switch,Lunge,Discharge,3,3,3,50000
Jirachi,82.6,385,steel,psychic,155.5,154.8,166,3995852,27.5,2492,Confusion,Doom Desire,Aura Sphere,3,3,20,100000
Toedscruel,82.6,949,ground,grass,141.1,185.1,169,4413876,48,2497,Mud Slap,Seed Bomb,Earth Power,4,5,3,50000
Zeraora,82.6,807,electric,none,180.8,129.2,147,3433826,26.5,2493,Volt Switch,Plasma Fists,Dynamic Punch,3,3,20,100000
Electivire,82.5,466,electric,none,185,128.4,142,3373068,29.5,2499,Thunder Shock,Wild Charge,Ice Punch,5,5,5,75000
Electrode (Hisuian),82.5,101,electric,grass,160.4,160.4,142,3653399,50,2427,Thunder Shock,Wild Charge,Energy Ball,5,5,3,50000
Flygon,82.5,330,ground,dragon,165.1,141.4,161,3758568,40,2498,Dragon Tail,Twister,Sand Tomb,4,4,5,75000
Palossand,82.5,770,ghost,ground,150.2,157.6,175,4142516,47,2500,Astonish,Shadow Ball,Sand Tomb,5,5,3,50000
Victreebel (Shadow),82.5,71,grass,poison,173.6,123.4,167,3577514,46.5,2492,Sucker Punch,Leaf Blade,Acid Spray,5,7,3,50000
Gogoat,82.4,673,grass,none,153.4,123.5,213,4035264,36,2493,Vine Whip,Leaf Blade,Rock Slide,5,6,3,50000
Golurk (Shadow),82.4,623,ground,ghost,172.1,127.2,166,3633926,35,2500,Astonish,Shadow Punch,Dynamic Punch,4,5,5,75000
Houndoom (Shadow),82.4,229,dark,fire,179.5,125.2,154,3460904,39.5,2494,Incinerate,Foul Play,Trailblaze,2,3,3,50000
Starmie (Shadow),82.4,121,water,psychic,170.7,157.9,135,3638727,41.5,2498,Psywave,Aqua Jet,Power Gem,10,13,3,50000
Armarouge,82.3,936,fire,psychic,169.7,142.6,151,3654082,28.5,2491,Incinerate,Psyshock,Flame Charge,2,3,5,50000
Gourgeist (Super),82.3,711,ghost,grass,147.4,170.4,168,4219649,40.5,2493,Incinerate,Shadow Ball,Seed Bomb,3,2,5,75000
Scizor (Mega),82.3,212,bug,steel,179.3,164.1,118,3471929,22.5,2500,Fury Cutter,Night Slash,Trailblaze,9,12,5,75000
Throh (Shadow),82.3,538,fighting,none,142.1,139.7,221,4387153,43.5,2497,Low Kick,Brick Break,Body Slam,5,5,5,75000
Camerupt,82.2,323,fire,ground,175.6,126.9,157,3498531,50,2479,Incinerate,Earth Power,Rock Tomb,3,3,3,50000
Kingambit,82.2,983,dark,steel,163.6,145.6,160,3811226,25,2498,Low Kick,Foul Play,Iron Head,5,7,5,75000
Typhlosion,82.2,157,fire,none,171.5,140.5,151,3638458,34,2499,Incinerate,Blast Burn,Thunder Punch,3,2,3,10000
Mew,82.1,151,psychic,none,155.5,154.8,166,3995852,27.5,2492,Shadow Claw,Psyshock,Wild Charge,5,6,20,100000
Skarmory (Shadow),82.1,227,steel,flying,136.9,202.4,149,4128575,50,2381,Air Slash,Brave Bird,Drill Run,7,5,5,75000
Avalugg,82,713,ice,none,143.8,183.3,163,4296442,29,2493,Ice Fang,Icy Wind,Crunch,8,8,3,50000
Blaziken,82,257,fire,fighting,185.1,117.9,154,3360787,34,2494,Ember,Aura Sphere,Blast Burn,5,6,3,10000
Gliscor,82,472,ground,flying,148.8,186.6,151,4192678,39.5,2499,Wing Attack,Acrobatics,Night Slash,7,5,5,75000
Grafaiai,82,945,poison,normal,176.2,137,146,3524352,49,2492,Scratch,Poison Fang,Foul Play,10,10,3,50000
Regirock,82,377,rock,none,133.9,234.9,147,4623607,30,2488,Lock On,Stone Edge,Focus Blast,11,15,20,100000
Skarmory,82,227,steel,flying,136.9,202.4,149,4128575,50,2381,Air Slash,Brave Bird,Drill Run,7,5,5,75000
Typhlosion (Shadow),82,157,fire,none,171.5,140.5,151,3638458,34,2499,Incinerate,Blast Burn,Thunder Punch,3,2,3,10000
Ursaluna (Shadow),82,901,ground,normal,161.6,125,191,3858200,24,2496,Scratch,Thunder Punch,High Horsepower,10,14,3,50000
Hydreigon,81.9,635,dark,dragon,174.9,135.5,150,3554843,25,2495,Dragon Breath,Brutal Swing,Dragon Pulse,9,14,5,75000
Nidoking (Shadow),81.9,34,poison,ground,166.4,136.8,164,3733217,42,2492,Poison Sting,Avalanche,Earth Power,5,6,3,50000
Raichu (Alolan),81.9,26,electric,psychic,177.9,138.6,141,3476629,49,2496,Volt Switch,Volt Tackle,Psyshock,3,3,1,10000
Regice,81.9,378,ice,none,133.9,234.9,147,4623607,30,2488,Lock On,Thunder,Blizzard,12,15,20,100000
Xerneas,81.9,716,fairy,none,167.9,131.5,167,3687168,24.5,2495,Geomancy,Close Combat,Moonblast,4,4,20,100000
Amoonguss (Shadow),81.8,591,grass,poison,142.8,129.4,221,4083709,50,2418,Astonish,Foul Play,Grass Knot,4,5,3,50000
Mamoswine (Shadow),81.8,473,ice,ground,175.8,112.1,180,3547292,27.5,2496,Powder Snow,Icicle Spear,High Horsepower,5,7,3,50000
Electivire (Shadow),81.7,466,electric,none,185,128.4,142,3373068,29.5,2499,Thunder Shock,Wild Charge,Ice Punch,5,5,5,75000
Incineroar,81.7,727,fire,dark,161.4,140.7,170,3860527,31.5,2497,Snarl,Brutal Swing,Blast Burn,3,4,3,10000
Perrserker,81.6,863,steel,none,165.7,147.4,154,3761324,48.5,2496,Shadow Claw,Close Combat,Foul Play,6,5,3,50000
Raichu,81.6,26,electric,none,174.7,139.4,142,3458152,50,2464,Volt Switch,Trailblaze,Volt Tackle,3,3,1,10000
Reshiram,81.6,643,dragon,fire,178,142.5,137,3475005,22.5,2491,Dragon Breath,Fusion Flare,Draco Meteor,12,17,20,100000
Gourgeist (Large),81.5,711,ghost,grass,148.2,179,157,4164865,44,2491,Incinerate,Shadow Ball,Seed Bomb,3,2,5,75000
Pangoro,81.5,675,fighting,dark,172.4,120.7,173,3599902,33,2492,Karate Chop,Close Combat,Night Slash,5,4,3,50000
Toxtricity,81.5,849,electric,poison,181.3,122.5,155,3442434,41,2498,Acid,Wild Charge,Swift,6,5,5,75000
Decidueye,81.4,724,grass,ghost,165.4,149.2,153,3775685,37,2499,Astonish,Frenzy Plant,Spirit Shackle,5,4,3,10000
Gliscor (Shadow),81.4,472,ground,flying,148.8,186.6,151,4192678,39.5,2499,Wing Attack,Acrobatics,Night Slash,7,5,5,75000
Latias (Mega),81.4,380,dragon,psychic,171.7,179.8,116,3581113,19,2490,Dragon Breath,Aura Sphere,Mist Ball,10,15,20,100000
Starmie,81.4,121,water,psychic,170.7,157.9,135,3638727,41.5,2498,Psywave,Aqua Jet,Power Gem,10,13,3,50000
Venusaur,81.4,3,grass,poison,157.3,158.1,159,3954192,38,2498,Vine Whip,Frenzy Plant,Sludge,6,5,3,10000
Drifblim (Shadow),81.3,426,ghost,flying,153.2,97.4,272,4058697,48.5,2494,Hex,Shadow Ball,Icy Wind,4,4,5,75000
Wailord,81.3,321,water,none,155.7,84.9,301,3978898,48.5,2491,Rollout,Surf,Blizzard,4,6,1,10000
Conkeldurr (Shadow),81.2,534,fighting,none,173,121.2,172,3606427,27.5,2499,Force Palm,Dynamic Punch,Brutal Swing,5,4,5,75000
Dhelmise,81.2,781,ghost,grass,176.9,144.1,138,3517798,32.5,2495,Shadow Claw,Brutal Swing,Shadow Ball,5,7,5,50000
Lugia (Shadow),81.2,249,psychic,flying,134.8,212.8,159,4560985,24.5,2486,Dragon Tail,Fly,Earth Power,4,5,20,100000
Slowbro (Shadow),81.2,80,water,psychic,146.5,156.2,185,4233411,43,2496,Confusion,Drain Punch,Ice Beam,3,4,3,50000
Meganium,81,154,grass,none,143.2,179.8,169,4351304,48.5,2496,Vine Whip,Frenzy Plant,Earthquake,6,9,3,10000
Meganium (Shadow),81,154,grass,none,143.2,179.8,169,4351304,48.5,2496,Vine Whip,Frenzy Plant,Earthquake,6,9,3,10000
Victini,81,494,psychic,fire,155.5,154.8,166,3995852,27.5,2492,Confusion,V-Create,Psyshock,3,3,20,100000
Giratina (Origin),80.9,487,ghost,dragon,154.2,134.2,195,4035260,25,2497,Shadow Claw,Shadow Ball,Dragon Pulse,7,7,20,100000
Heracross,80.9,214,bug,fighting,172.6,140.7,147,3569869,29.5,2490,Fury Cutter,Upper Hand,Rock Tomb,10,13,3,50000
Mamoswine,80.9,473,ice,ground,175.8,112.1,180,3547292,27.5,2496,Powder Snow,Icicle Spear,High Horsepower,5,7,3,50000
Swampert (Mega),80.9,260,water,ground,174.1,140.9,145,3556950,20.5,2488,Mud Shot,Hydro Cannon,Earthquake,5,8,3,10000
Throh,80.9,538,fighting,none,142.1,139.7,221,4387153,43.5,2497,Low Kick,Focus Blast,Body Slam,10,5,5,75000
Crobat,80.8,169,poison,flying,156.9,150.6,167,3946066,40.5,2495,Gust,Poison Fang,Shadow Ball,3,4,1,10000
Abomasnow (Mega),80.7,460,grass,ice,169.3,140.9,154,3673573,27,2493,Powder Snow,Weather Ball (Ice),Energy Ball,5,6,3,50000
Dialga (Origin),80.7,483,steel,dragon,173.5,149.7,137,3558294,22,2486,Dragon Breath,Roar of Time,Iron Head,17,13,20,100000
Palkia (Origin),80.7,484,water,dragon,183.9,146.1,126,3385342,21.5,2498,Dragon Breath,Aqua Tail,Draco Meteor,9,17,20,100000
Pidgeot,80.7,18,normal,flying,152,141.9,176,3796109,50,2404,Gust,Twister,Brave Bird,3,4,1,10000
Altaria,80.6,334,dragon,flying,131,181.4,164,3897198,50,2263,Dragon Breath,Moonblast,Flamethrower,13,14,1,10000
Gourgeist (Small),80.6,711,ghost,grass,154.1,196,134,4047282,49.5,2497,Incinerate,Shadow Ball,Seed Bomb,3,2,5,75000
Primeape (Shadow),80.6,57,fighting,none,182.3,127.4,147,3414078,48.5,2497,Karate Chop,Rage Fist,Ice Punch,5,5,3,50000
Garganacl,80.5,934,rock,none,136.8,177.4,187,4538176,38.5,2496,Mud Shot,Rock Tomb,Rock Blast,6,5,5,50000
Gourgeist (Average),80.5,711,ghost,grass,149.5,189.6,146,4138399,49,2495,Incinerate,Shadow Ball,Seed Bomb,3,2,5,75000
Lokix,80.5,920,bug,dark,173.8,131.6,156,3568044,47.5,2493,Sucker Punch,X-Scissor,Trailblaze,6,7,1,50000
Palkia,80.5,484,water,dragon,182.5,144.1,129,3392474,23,2491,Dragon Breath,Aqua Tail,Draco Meteor,9,17,20,100000
Quaquaval,80.5,914,water,fighting,176.3,127.8,156,3514858,30.5,2493,Low Kick,Close Combat,Hydro Cannon,6,5,3,10000
Sandslash,80.5,28,ground,none,155.8,157.5,163,3999776,49.5,2498,Sand Attack,Night Slash,Rock Tomb,9,13,3,50000
Slowbro,80.5,80,water,psychic,146.5,156.2,185,4233411,43,2496,Confusion,Drain Punch,Ice Beam,3,4,3,50000
Amoonguss,80.4,591,grass,poison,142.8,129.4,221,4083709,50,2418,Astonish,Foul Play,Grass Knot,4,5,3,50000
Delphox (Shadow),80.4,655,fire,psychic,171.9,149.9,141,3633261,30.5,2499,Scratch,Psyshock,Blast Burn,10,13,3,10000
Golurk,80.4,623,ground,ghost,172.1,127.2,166,3633926,35,2500,Astonish,Shadow Punch,Dynamic Punch,4,5,5,75000
Greninja,80.3,658,water,dark,178.7,129.9,150,3481970,39.5,2497,Water Shuriken,Hydro Cannon,Brutal Swing,3,3,3,10000
Pidgeot (Shadow),80.3,18,normal,flying,152,141.9,176,3796109,50,2404,Gust,Brave Bird,Twister,4,3,1,10000
Chesnaught,80.2,652,grass,fighting,153.7,164.2,161,4063244,33,2500,Low Kick,Frenzy Plant,Superpower,6,5,3,10000
Delphox,80.2,655,fire,psychic,171.9,149.9,141,3633261,30.5,2499,Scratch,Psyshock,Blast Burn,10,13,3,10000
Galvantula (Shadow),80.2,596,bug,electric,181.5,120.2,157,3425159,50,2493,Volt Switch,Lunge,Discharge,3,3,3,50000
Skuntank (Shadow),80.2,435,poison,dark,157.9,122.6,204,3949142,50,2497,Poison Jab,Crunch,Trailblaze,7,7,3,50000
Venusaur (Shadow),80.2,3,grass,poison,157.3,158.1,159,3954192,38,2498,Vine Whip,Frenzy Plant,Sludge,6,5,3,10000
Houndoom,80.1,229,dark,fire,179.5,125.2,154,3460904,39.5,2494,Incinerate,Foul Play,Trailblaze,2,3,3,50000
Lunatone,80.1,337,rock,psychic,157.2,139,181,3954995,47.5,2494,Psywave,Weather Ball (Ice),Rock Slide,9,12,3,50000
Magneton (Shadow),80.1,82,electric,steel,184.7,148.2,123,3366822,44,2495,Volt Switch,Magnet Bomb,Discharge,3,3,3,50000
Uxie,80.1,480,psychic,none,131.6,229.5,157,4741745,46.5,2498,Confusion,Swift,Future Sight,3,5,20,100000
Chesnaught (Mega),80,652,grass,fighting,155.8,185.6,138,3990474,22.5,2493,Low Kick,Thunder Punch,Superpower,5,5,3,10000
Machamp,80,68,fighting,none,174.1,127.3,161,3568232,30,2497,Karate Chop,Cross Chop,Rock Slide,4,5,3,50000
Skarmory (Mega),79.9,227,steel,flying,183.1,160,116,3398336,24.5,2497,Air Slash,Brave Bird,Flash Cannon,7,8,5,75000
Crobat (Shadow),79.8,169,poison,flying,156.9,150.6,167,3946066,40.5,2495,Gust,Poison Fang,Shadow Ball,3,4,1,10000
Pawmot,79.8,923,electric,fighting,187.1,120.5,148,3336741,40.5,2500,Thunder Shock,Brick Break,Wild Charge,5,5,3,75000
Solrock,79.8,338,rock,psychic,157.2,139,181,3954995,47.5,2494,Psywave,Weather Ball (Fire),Rock Slide,9,12,3,50000
Starmie (Mega),79.8,121,water,psychic,185.8,160.7,112,3344103,24.5,2496,Psywave,Thunder,Power Gem,15,13,3,50000
Blacephalon,79.7,806,fire,ghost,224.1,113.5,109,2772453,27.5,2494,Incinerate,Mind Blown,Shadow Ball,2,3,20,100000
Lurantis,79.7,754,grass,none,162.7,152.7,154,3826021,48,2498,Leafage,Leaf Blade,Superpower,5,5,3,50000
Torkoal,79.7,324,fire,none,139.4,183.1,157,4007290,50,2363,Ember,Flame Wheel,Overheat,5,7,3,50000
Charizard (Mega Y),79.6,6,fire,flying,195.3,136,120,3187296,20.5,2498,Ember,Blast Burn,Air Cutter,6,5,3,10000
Conkeldurr,79.6,534,fighting,none,173,121.2,172,3606427,27.5,2499,Force Palm,Dynamic Punch,Brutal Swing,5,4,5,75000
Keldeo (Resolute),79.6,647,water,fighting,177.3,134.8,145,3465506,24,2480,Low Kick,Secret Sword,Aqua Jet,5,5,20,100000
Marshadow,79.6,802,fighting,ghost,180.6,133.5,141,3399524,24,2486,Shadow Claw,Close Combat,Thunder Punch,6,5,20,100000
Toxicroak (Shadow),79.6,454,poison,fighting,174.7,120.3,169,3551773,44.5,2496,Poison Sting,Dynamic Punch,Shadow Ball,5,6,3,50000
Enamorus (Therian),79.5,905,fairy,flying,177.7,149.9,131,3489477,27,2498,Fairy Wind,Mystical Fire,Moonblast,5,6,20,100000
Hitmonlee (Shadow),79.5,106,fighting,none,182.4,156,120,3414528,42,2495,Low Kick,Close Combat,Blaze Kick,6,5,5,75000
Latios (Shadow),79.5,381,dragon,psychic,180.6,144,131,3406838,24,2485,Dragon Breath,Aura Sphere,Luster Purge,10,15,20,100000
Registeel (Shadow),79.5,379,steel,none,124.2,240.2,166,4952251,46.5,2487,Lock On,Focus Blast,Zap Cannon,15,16,20,100000
Roserade,79.5,407,grass,poison,183.7,148.7,124,3387208,32,2496,Poison Sting,Weather Ball (Fire),Leaf Storm,4,7,3,50000
Samurott (Hisuian),79.5,503,water,dark,169.7,127.7,169,3662347,35.5,2497,Fury Cutter,Icy Wind,Dark Pulse,12,12,3,10000
Vikavolt (Shadow),79.5,738,bug,electric,187.1,123.3,144,3321998,29.5,2495,Volt Switch,X-Scissor,Discharge,3,3,1,10000
Camerupt (Shadow),79.4,323,fire,ground,175.6,126.9,157,3498531,50,2479,Incinerate,Earth Power,Rock Tomb,3,3,3,50000
Gholdengo,79.4,1000,steel,ghost,174.3,138.9,147,3558910,26,2496,Hex,Shadow Ball,Power Gem,4,4,5,10000
Latios,79.4,381,dragon,psychic,178.6,144.6,134,3460625,24,2486,Dragon Breath,Aura Sphere,Luster Purge,10,15,20,100000
Torterra,79.4,389,grass,ground,155,152.7,170,4023645,33.5,2498,Mud Slap,Frenzy Plant,Sand Tomb,5,5,3,10000
Zygarde (50% Forme),79.4,718,dragon,ground,146.4,166.3,173,4211913,26.5,2484,Dragon Tail,Crunch,Earthquake,4,6,20,100000
Altaria (Shadow),79.3,334,dragon,flying,131,181.4,164,3897198,50,2263,Dragon Breath,Moonblast,Flamethrower,13,14,1,10000
Honchkrow (Shadow),79.3,430,dark,flying,192.3,91.1,185,3240928,38,2498,Peck,Brave Bird,Dark Pulse,7,6,3,50000
Muk (Shadow),79.3,89,poison,none,149.9,144.5,191,4137165,37,2494,Poison Jab,Dark Pulse,Thunder Punch,7,6,3,50000
Scolipede (Shadow),79.3,545,bug,poison,170.3,154.7,139,3662012,46.5,2497,Poison Sting,Aqua Tail,Megahorn,4,7,1,10000
Decidueye (Hisuian),79.2,724,grass,fighting,164,141.4,164,3803094,33.5,2497,Psycho Cut,Aura Sphere,Trailblaze,5,5,3,10000
Garchomp,79.2,445,dragon,ground,169.7,133.2,162,3661854,23,2492,Dragon Tail,Sand Tomb,Twister,4,4,5,75000
Magnezone (Shadow),79.2,462,electric,steel,173.3,156.9,132,3589182,28.5,2500,Volt Switch,Wild Charge,Mirror Shot,3,3,3,50000
Primeape,79.2,57,fighting,none,182.3,127.4,147,3414078,48.5,2497,Karate Chop,Rage Fist,Close Combat,5,5,3,50000
Raichu (Mega Y),79.2,26,electric,none,225.1,110.6,111,2763463,24,2496,Thunder Shock,Brick Break,Trailblaze,5,5,1,10000
Ursaring (Shadow),79.2,217,normal,none,179.2,118.2,164,3473756,32,2497,Shadow Claw,Swift,Close Combat,5,6,3,50000
Vikavolt,79.2,738,bug,electric,187.1,123.3,144,3321998,29.5,2495,Volt Switch,X-Scissor,Fly,3,3,1,10000
Ferrothorn,79.1,598,grass,steel,141.1,195.6,160,4415866,47,2496,Bullet Seed,Power Whip,Flash Cannon,4,5,3,75000
Gallade (Shadow),79.1,475,psychic,fighting,175.5,151.6,133,3538571,29.5,2495,Low Kick,Sacred Sword,Close Combat,5,6,5,75000
Gengar (Shadow),79.1,94,ghost,poison,199.4,122.9,127,3112295,33,2495,Shadow Claw,Shadow Punch,Dark Pulse,5,6,3,50000
Medicham (Mega),79.1,308,fighting,psychic,170.3,158.1,136,3661722,45,2497,Psycho Cut,Dynamic Punch,Ice Punch,5,5,3,50000
Metagross,79.1,376,steel,psychic,171.4,158.3,134,3635771,24,2497,Shadow Claw,Meteor Mash,Earthquake,6,9,5,75000
Morpeko (Full Belly),79.1,877,electric,dark,173.9,114.3,139,2762871,50,2195,Thunder Shock,Aura Wheel,Psychic Fangs,5,4,3,50000
Qwilfish (Hisuian),79.1,211,dark,poison,167.2,139.5,149,3475336,50,2414,Poison Jab,Aqua Tail,Dark Pulse,5,7,3,50000
Venusaur (Mega),79.1,3,grass,poison,163.6,170.9,136,3802457,25,2496,Vine Whip,Frenzy Plant,Sludge,6,5,3,10000
Chesnaught (Shadow),79,652,grass,fighting,153.7,164.2,161,4063244,33,2500,Low Kick,Frenzy Plant,Superpower,6,5,3,10000
Fearow,79,22,normal,flying,165.5,124.3,149,3065176,50,2256,Peck,Drill Peck,Drill Run,5,5,1,10000
Slowbro (Mega),78.9,80,water,psychic,150.7,181.1,151,4121057,24.5,2495,Confusion,Drain Punch,Ice Beam,3,4,3,50000
Delphox (Mega),78.8,655,fire,psychic,195,143.2,114,3183336,19,2492,Scratch,Blast Burn,Psyshock,13,10,3,10000
Gurdurr (Shadow),78.8,533,fighting,none,163.8,125.2,178,3650381,50,2451,Low Kick,Brick Break,Stone Edge,5,7,5,75000
Salamence (Shadow),78.8,373,dragon,flying,185.8,119.7,151,3358279,24,2499,Dragon Tail,Fly,Brutal Swing,4,3,5,75000
Toxicroak,78.8,454,poison,fighting,174.7,120.3,169,3551773,44.5,2496,Poison Sting,Dynamic Punch,Shadow Ball,5,6,3,50000
Flygon (Shadow),78.7,330,ground,dragon,165.1,141.4,161,3758568,40,2498,Dragon Tail,Twister,Sand Tomb,4,4,5,75000
Thundurus (Incarnate) (Shadow),78.6,642,electric,flying,189.8,124.7,137,3242524,27.5,2489,Thunder Shock,Thunder Punch,Brick Break,5,5,20,100000
Barbaracle,78.5,689,rock,water,156.1,171.8,149,3995879,39,2497,Fury Cutter,Cross Chop,Stone Edge,9,14,3,50000
Gurdurr,78.5,533,fighting,none,163.8,125.2,178,3650381,50,2451,Low Kick,Brick Break,Stone Edge,5,7,5,75000
Leavanny,78.5,542,bug,grass,166.7,143.6,156,3734347,41.5,2497,Shadow Claw,Leaf Blade,X-Scissor,5,5,1,10000
Lucario,78.5,448,fighting,steel,186.2,123.4,145,3331677,37.5,2490,Force Palm,Aura Sphere,Shadow Ball,4,5,5,75000
Aggron,78.4,306,steel,rock,150.3,201.4,136,4116777,31.5,2496,Metal Sound,Brick Break,Meteor Beam,5,8,1,10000
Muk,78.4,89,poison,none,149.9,144.5,191,4137165,37,2494,Poison Jab,Thunder Punch,Dark Pulse,6,7,3,50000
Dragonite (Shadow),78.3,149,dragon,flying,175.3,139.3,145,3540797,24,2493,Dragon Breath,Thunder Punch,Superpower,10,10,5,75000
Ho-Oh,78.3,250,fire,flying,158,167.7,146,3868504,23.5,2480,Incinerate,Brave Bird,Sacred Fire,3,4,20,100000
Magnezone,78.3,462,electric,steel,173.3,156.9,132,3589182,28.5,2500,Volt Switch,Wild Charge,Mirror Shot,3,3,3,50000
Sandslash (Shadow),78.3,28,ground,none,155.8,157.5,163,3999776,49.5,2498,Sand Attack,Night Slash,Rock Tomb,9,13,3,50000
Gyarados (Mega),78.2,130,water,dark,174.6,150.4,136,3571338,19.5,2499,Dragon Breath,Aqua Tail,Crunch,9,12,1,10000
Honchkrow,78.2,430,dark,flying,192.3,91.1,185,3240928,38,2498,Peck,Brave Bird,Dark Pulse,7,6,3,50000
Serperior,78.2,497,grass,none,144.9,182.4,163,4308051,48.5,2499,Vine Whip,Frenzy Plant,Aerial Ace,6,6,3,10000
Shelgon,78.2,372,dragon,none,157.1,142.8,149,3342648,50,2295,Dragon Breath,Twister,Flamethrower,10,14,5,75000
Ferrothorn (Shadow),78.1,598,grass,steel,141.1,195.6,160,4415866,47,2496,Bullet Seed,Power Whip,Flash Cannon,4,5,3,75000
Poliwrath,78.1,62,water,fighting,148.8,158.4,177,4171876,42,2495,Counter,Icy Wind,Scald,8,9,3,50000
Poliwrath (Shadow),78.1,62,water,fighting,148.8,158.4,177,4171876,42,2495,Counter,Icy Wind,Scald,8,9,3,50000
Reshiram (Shadow),78.1,643,dragon,fire,178,142.5,137,3475005,22.5,2491,Dragon Breath,Fusion Flare,Draco Meteor,12,17,20,100000
Scolipede,78.1,545,bug,poison,170.3,154.7,139,3662012,46.5,2497,Poison Sting,Aqua Tail,Megahorn,4,7,1,10000
Scrafty,78.1,560,dark,fighting,146.6,196,148,4252573,49.5,2499,Counter,Foul Play,Thunder Punch,7,7,3,50000
Steelix (Mega),78.1,208,steel,ground,144.9,227.7,130,4289185,25,2495,Thunder Fang,Psychic Fangs,Crunch,6,8,5,75000
Klefki,78,707,steel,fairy,147,163,137,3282657,50,2202,Astonish,Foul Play,Draining Kiss,4,6,3,50000
Palkia (Shadow),77.9,484,water,dragon,185.1,145.4,124,3337279,23,2494,Dragon Breath,Aqua Tail,Draco Meteor,9,17,20,100000
Salamence (Mega),77.9,373,dragon,flying,177.9,150.7,130,3485239,18,2493,Dragon Tail,Fly,Brutal Swing,4,3,5,75000
Torterra (Shadow),77.9,389,grass,ground,155,152.7,170,4023645,33.5,2498,Mud Slap,Frenzy Plant,Sand Tomb,5,5,3,10000
Clodsire,77.8,980,poison,ground,119.3,139.5,245,4077376,50,2206,Poison Sting,Stone Edge,Earthquake,7,8,3,50000
Slowbro (Galarian),77.7,80,poison,psychic,153,139.8,190,4063986,46.5,2494,Confusion,Drain Punch,Sludge Bomb,3,4,3,50000
Baxcalibur,77.6,998,dragon,ice,175.3,123.4,164,3547651,25.5,2497,Dragon Breath,Glaive Rush,Avalanche,10,12,5,75000
Drampa,77.6,780,normal,dragon,176.8,133.9,148,3503681,33.5,2497,Dragon Breath,Swift,Dragon Pulse,9,14,5,75000
Suicune,77.6,245,water,none,137.6,185.9,176,4502052,32,2491,Ice Fang,Ice Beam,Scald,10,9,20,100000
Magneton,77.5,82,electric,steel,184.7,148.2,123,3366822,44,2495,Volt Switch,Magnet Bomb,Discharge,3,3,3,50000
Regirock (Shadow),77.5,377,rock,none,135.3,231.1,145,4533835,30,2481,Lock On,Stone Edge,Focus Blast,11,15,20,100000
Shelgon (Shadow),77.5,372,dragon,none,157.1,142.8,149,3342648,50,2295,Dragon Breath,Twister,Flamethrower,10,14,5,75000
Urshifu (Single Strike),77.5,892,fighting,dark,176.5,125.6,157,3480439,24.5,2486,Sucker Punch,Payback,Dynamic Punch,9,7,20,100000
Victreebel (Mega),77.4,71,grass,poison,183.2,132.8,139,3381725,26,2494,Acid,Leaf Blade,Sludge Bomb,5,7,3,50000
Garchomp (Shadow),77.3,445,dragon,ground,169.7,133.2,162,3661854,23,2492,Dragon Tail,Sand Tomb,Twister,4,4,5,75000
Kilowattrel,77.3,941,electric,flying,184,120.2,152,3361754,45.5,2494,Thunder Shock,Acrobatics,Aerial Ace,7,5,1,10000
Sableye (Mega),77.3,302,dark,ghost,139.4,194,127,3434537,50,2193,Shadow Claw,Foul Play,Shadow Sneak,5,7,5,75000
Arcanine (Shadow),77.2,59,fire,none,170.4,132,163,3666326,31,2500,Fire Fang,Wild Charge,Psychic Fangs,8,6,3,50000
Dragonite,77.2,149,dragon,flying,175.3,139.3,145,3540797,24,2493,Dragon Breath,Thunder Punch,Superpower,10,10,5,75000
Hariyama (Shadow),77.2,297,fighting,none,162.9,97.4,241,3823817,35,2497,Force Palm,Upper Hand,Heavy Slam,4,5,3,50000
Arctibax,77.1,997,dragon,ice,157.9,120.1,186,3527265,50,2362,Dragon Breath,Avalanche,Dragon Claw,12,13,5,75000
Glalie,77.1,362,ice,none,148.7,148.7,172,3803211,50,2379,Powder Snow,Avalanche,Shadow Ball,6,7,3,50000
Dewgong,77,87,water,ice,129.4,161.3,186,3882233,50,2244,Ice Shard,Icy Wind,Drill Run,5,4,3,50000
Hariyama,77,297,fighting,none,162.9,97.4,241,3823817,35,2497,Force Palm,Upper Hand,Heavy Slam,4,5,3,50000
Machoke (Shadow),77,67,fighting,none,161.3,117.6,172,3262647,50,2295,Karate Chop,Cross Chop,Dynamic Punch,4,5,3,50000
Salamence,77,373,dragon,flying,185.8,119.7,151,3358279,24,2499,Dragon Tail,Fly,Brutal Swing,4,3,5,75000
Solgaleo,77,791,psychic,steel,166.5,130.6,172,3740123,23,2497,Fire Spin,Psychic Fangs,Iron Head,4,5,20,100000
Tapu Lele,77,786,psychic,fairy,179.8,151.2,125,3398220,26,2481,Astonish,Nature's Madness,Psyshock,5,4,20,100000
Metagross (Mega),76.9,376,steel,psychic,174.6,174,117,3554507,18.5,2493,Shadow Claw,Meteor Mash,Earthquake,6,9,5,75000
Salazzle,76.9,758,poison,fire,189.6,116.7,149,3296822,44,2500,Incinerate,Poison Fang,Dragon Pulse,2,3,3,50000
Beedrill (Mega),76.8,15,bug,poison,213.1,113.1,121,2916295,27,2498,Infestation,Drill Run,Sludge Bomb,4,5,1,10000
Dialga,76.8,483,steel,dragon,178,142.5,137,3475005,22.5,2491,Dragon Breath,Iron Head,Draco Meteor,13,17,20,100000
Ceruledge,76.7,937,fire,ghost,175.5,143.9,140,3535623,29,2499,Incinerate,Shadow Ball,Flame Charge,3,3,5,50000
Dachsbun,76.7,927,fairy,none,146.2,190.7,137,3819607,50,2370,Charm,Psychic Fangs,Body Slam,5,5,3,50000
Ampharos (Mega),76.6,181,electric,dragon,184.5,134.4,136,3372365,21.5,2495,Volt Switch,Brutal Swing,Trailblaze,3,3,5,75000
Houndoom (Mega),76.6,229,dark,fire,191.6,134.6,126,3249459,23.5,2497,Incinerate,Foul Play,Trailblaze,2,3,3,50000
Orbeetle,76.6,826,bug,psychic,142.8,214.2,141,4312874,50,2490,Confusion,Psyshock,Bug Buzz,3,5,1,10000
Excadrill (Shadow),76.5,530,ground,steel,184.4,101.7,180,3375626,28,2496,Mud Shot,Drill Run,Rock Slide,5,5,3,50000
Hitmonlee,76.5,106,fighting,none,182.4,156,120,3414528,42,2495,Low Kick,Close Combat,Blaze Kick,6,5,5,75000
Stoutland,76.5,508,normal,none,160.6,149.2,162,3881766,35,2497,Take Down,Wild Charge,Crunch,5,5,1,10000
Gigalith,76.4,526,rock,none,164,154,150,3788400,28.5,2496,Lock On,Superpower,Meteor Beam,8,12,3,50000
Kartana,76.3,798,grass,steel,218.4,128.2,102,2855886,25,2500,Fury Cutter,Leaf Blade,Sacred Sword,9,9,20,100000
Latios (Mega),76.3,381,dragon,psychic,193.2,143.9,115,3197170,18,2485,Dragon Breath,Aura Sphere,Luster Purge,10,15,20,100000
Noctowl,76.2,164,normal,flying,134.4,143.6,201,3879268,50,2287,Wing Attack,Shadow Ball,Return,7,9,1,10000
Zapdos (Galarian),76.2,145,fighting,flying,174.7,136.3,149,3547930,25.5,2489,Low Kick,Fly,Brave Bird,6,7,20,100000
Avalugg (Hisuian),76.1,713,ice,rock,151.2,172.5,158,4120956,26.5,2496,Powder Snow,Rock Slide,Icy Wind,6,6,3,50000
Sceptile,76.1,254,grass,none,175.5,141.5,143,3551155,37,2496,Fury Cutter,Leaf Blade,Breaking Swipe,9,13,3,10000
Zoroark (Hisuian),76.1,571,normal,ghost,209.4,112.2,126,2960330,39,2491,Shadow Claw,Swift,Shadow Ball,5,7,5,75000
Blaziken (Mega),76,257,fire,fighting,208.6,113.4,126,2980560,22,2498,Ember,Aura Sphere,Blaze Kick,5,4,3,10000
Escavalier,76,589,bug,steel,170.8,152,140,3634624,33.5,2497,Bug Bite,Razor Shell,Drill Run,12,14,3,50000
Sandaconda,76,844,ground,none,158,170.3,146,3928480,36,2495,Mud Slap,Earth Power,Wrap,5,5,3,50000
Swanna (Shadow),76,581,water,flying,165.5,123.5,164,3352037,50,2360,Gust,Aqua Jet,Fly,3,4,3,50000
Volcanion,76,721,fire,water,174.7,151.1,134,3537221,24,2487,Incinerate,Scald,Overheat,3,3,20,100000
Gallade,75.9,475,psychic,fighting,175.5,151.6,133,3538571,29.5,2495,Low Kick,Sacred Sword,Leaf Blade,5,5,5,75000
Sinistcha,75.9,1013,grass,ghost,171,153.2,139,3641411,32,2495,Astonish,Energy Ball,Shadow Ball,5,5,3,50000
Druddigon,75.8,621,dragon,none,169,141,154,3669666,38,2497,Dragon Tail,Night Slash,Rock Tomb,3,5,5,75000
Relicanth,75.8,369,water,rock,134.9,176.3,194,4613877,44.5,2496,Water Gun,Aqua Tail,Ancient Power,12,15,5,75000
Sliggoo,75.8,705,dragon,none,146.2,160.5,154,3613625,50,2302,Dragon Breath,Body Slam,Dragon Pulse,10,14,5,75000
Bruxish,75.7,779,water,psychic,176,132,152,3531264,48,2499,Confusion,Aqua Tail,Psychic Fangs,3,3,3,50000
Durant,75.7,632,bug,steel,174,159.8,129,3586871,39.5,2499,Bug Bite,X-Scissor,Iron Head,14,17,3,50000
Metagross (Shadow),75.7,376,steel,psychic,171.4,158.3,134,3635771,24,2497,Shadow Claw,Meteor Mash,Earthquake,6,9,5,75000
Rayquaza,75.7,384,dragon,flying,186.5,119.8,147,3284377,23.5,2480,Dragon Tail,Breaking Swipe,Dragon Ascent,5,4,20,100000
Regice (Shadow),75.7,378,ice,none,135.3,231.1,145,4533835,30,2481,Lock On,Thunder,Blizzard,12,15,20,100000
Cinderace,75.6,815,fire,none,179.2,130.5,148,3461069,31,2498,Fire Spin,Blast Burn,Pyro Ball,5,4,3,10000
Dubwool,75.6,832,normal,none,146.2,179,160,4187168,50,2477,Double Kick,Body Slam,Wild Charge,4,4,3,10000
Magmar,75.6,126,fire,none,174.3,140.3,146,3570326,48,2495,Karate Chop,Fire Punch,Scorching Sands,5,6,5,75000
Rapidash (Galarian),75.6,78,psychic,fairy,173,143.5,145,3599698,46,2496,Fairy Wind,Body Slam,Wild Charge,5,5,3,50000
Xatu (Shadow),75.6,178,psychic,flying,173.9,135.3,149,3505772,50,2473,Peck,Psyshock,Aerial Ace,5,6,3,50000
Enamorus (Incarnate),75.5,905,fairy,flying,198.5,121.5,130,3135308,27,2498,Fairy Wind,Fly,Dazzling Gleam,5,7,20,100000
Mismagius,75.5,429,ghost,none,170.9,159,134,3641195,41,2497,Hex,Shadow Ball,Mystical Fire,4,4,3,50000
Mismagius (Shadow),75.5,429,ghost,none,170.9,159,134,3641195,41,2497,Hex,Shadow Ball,Mystical Fire,4,4,3,50000
Qwilfish (Shadow),75.5,211,water,poison,167.2,128.6,149,3203786,50,2318,Poison Sting,Aqua Tail,Shadow Ball,4,6,3,50000
Zebstrika (Shadow),75.5,523,electric,none,177.4,124.6,159,3514542,47,2498,Low Kick,Wild Charge,Discharge,6,5,3,50000
Escavalier (Shadow),75.4,589,bug,steel,170.8,152,140,3634624,33.5,2497,Bug Bite,Drill Run,Razor Shell,14,12,3,50000
Sceptile (Shadow),75.4,254,grass,none,175.5,141.5,143,3551155,37,2496,Fury Cutter,Leaf Blade,Breaking Swipe,9,13,3,10000
Vaporeon,75.4,134,water,none,151.6,127.7,211,4084817,29.5,2492,Water Gun,Aqua Tail,Liquidation,12,15,5,75000
Ursaring,75.3,217,normal,none,179.2,118.2,164,3473756,32,2497,Shadow Claw,Swift,Close Combat,5,6,3,50000
Wailord (Shadow),75.3,321,water,none,155.7,84.9,301,3978898,48.5,2491,Rollout,Scald,Blizzard,4,6,1,10000
Magmar (Shadow),75.2,126,fire,none,174.3,140.3,146,3570326,48,2495,Karate Chop,Fire Punch,Scorching Sands,5,6,5,75000
Aerodactyl,75.1,142,rock,flying,172.6,132.7,157,3595931,36,2493,Dragon Breath,Rock Slide,Brutal Swing,12,9,5,75000
Aggron (Shadow),75.1,306,steel,rock,150.3,201.4,136,4116777,31.5,2496,Metal Sound,Brick Break,Meteor Beam,5,8,1,10000
Electabuzz (Shadow),75.1,125,electric,none,172.7,142.3,146,3587981,46.5,2492,Thunder Shock,Thunder Punch,Thunderbolt,5,7,5,75000
Zekrom,75.1,644,dragon,electric,178,142.5,137,3475005,22.5,2491,Dragon Breath,Crunch,Wild Charge,12,12,20,100000
Dewgong (Shadow),75,87,water,ice,129.4,161.3,186,3882233,50,2244,Ice Shard,Icy Wind,Drill Run,5,4,3,50000
Dipplin,75,1011,grass,dragon,147.8,166.2,171,4200506,49,2492,Dragon Tail,Seed Bomb,Outrage,4,5,5,75000
Heatran,75,485,fire,steel,168.6,150.7,144,3658755,24.5,2490,Fire Spin,Magma Storm,Earth Power,4,5,20,100000
Lucario (Mega),75,448,fighting,steel,205.4,124.3,119,3038215,24,2498,Force Palm,Aura Sphere,Shadow Ball,4,5,5,75000
Vespiquen,75,416,bug,flying,137.8,172.3,157,3727642,50,2267,Fury Cutter,X-Scissor,Power Gem,10,13,3,50000
Whimsicott,75,547,grass,fairy,150.4,160.5,142,3427766,50,2277,Fairy Wind,Moonblast,Seed Bomb,6,5,1,10000
Whiscash,75,340,water,ground,139.4,131,215,3926201,50,2343,Mud Shot,Mud Bomb,Scald,5,6,1,10000
Scyther (Shadow),74.9,123,bug,flying,172.9,143.3,145,3592603,38,2497,Fury Cutter,X-Scissor,Night Slash,10,9,5,75000
Swalot,74.9,317,poison,none,130.2,146.2,201,3826083,50,2234,Infestation,Sludge,Ice Beam,4,5,1,10000
Swanna,74.9,581,water,flying,165.5,123.5,164,3352037,50,2360,Gust,Aqua Jet,Fly,3,4,3,50000
Electrode (Shadow),74.8,101,electric,none,157.9,157.9,142,3540402,50,2370,Volt Switch,Foul Play,Discharge,3,3,3,50000
Froslass,74.8,478,ice,ghost,156.2,138.6,157,3398943,50,2304,Powder Snow,Avalanche,Shadow Ball,6,7,3,50000
Kabutops,74.8,141,rock,water,174.6,156,131,3568126,37.5,2497,Fury Cutter,Aqua Jet,Stone Edge,10,14,5,75000
Mudsdale,74.8,750,ground,none,160.8,136.5,177,3885008,31,2499,Mud Slap,Bulldoze,Body Slam,6,4,3,50000
Quagsire (Shadow),74.8,195,water,ground,140.3,132.7,194,3611855,50,2251,Mud Shot,Aqua Tail,Stone Edge,4,7,3,50000
Regieleki,74.8,894,electric,none,193.4,106.2,155,3183557,34.5,2484,Volt Switch,Thunder Cage,Hyper Beam,3,5,20,100000
Emboar,74.6,500,fire,fighting,177,104.4,190,3510972,31.5,2495,Ember,Blast Burn,Rock Slide,6,5,3,10000
Landorus (Therian),74.6,645,ground,flying,188.9,124.2,138,3237670,23,2481,Mud Shot,Sandsear Storm,Stone Edge,5,7,20,100000
Meloetta (Aria),74.6,648,normal,psychic,164.7,150.1,151,3732942,22.5,2483,Confusion,Psyshock,Dazzling Gleam,3,4,20,100000
Glalie (Shadow),74.5,362,ice,none,148.7,148.7,172,3803211,50,2379,Powder Snow,Avalanche,Shadow Ball,6,7,3,50000
Lanturn,74.5,171,water,electric,135.2,127.6,237,4088610,50,2354,Spark,Surf,Thunderbolt,7,8,3,50000
Slowking (Galarian),74.5,199,poison,psychic,151.6,152.4,178,4112484,38.5,2497,Acid,Surf,Shadow Ball,6,7,3,50000
Aerodactyl (Shadow),74.4,142,rock,flying,172.6,132.7,157,3595931,36,2493,Dragon Breath,Rock Slide,Brutal Swing,12,9,5,75000
Articuno (Galarian),74.4,144,psychic,flying,172,140.3,149,3595608,25.5,2487,Psycho Cut,Fly,Brave Bird,5,7,20,100000
Chimecho,74.4,358,psychic,none,157.1,153.7,164,3959988,50,2499,Astonish,Psyshock,Energy Ball,4,5,5,75000
Heracross (Mega),74.4,214,bug,fighting,196.8,137.4,117,3163717,19,2495,Fury Cutter,Rock Tomb,Upper Hand,13,10,3,50000
Hypno,74.4,97,psychic,none,133.6,174.8,178,4156884,50,2362,Confusion,Thunder Punch,Shadow Ball,3,4,3,50000
Kangaskhan (Mega),74.4,115,normal,none,163.6,146.6,159,3813418,24,2497,Low Kick,Brick Break,Crunch,5,6,3,50000
Blastoise (Mega),74.3,9,water,none,171.6,161.4,129,3572815,23,2485,Rollout,Hydro Cannon,Skull Bash,4,6,3,10000
Darkrai (Shadow),74.3,491,dark,none,193,136.7,121,3192355,24,2482,Sucker Punch,Foul Play,Shadow Ball,6,8,20,100000
Sawk (Shadow),74.3,539,fighting,none,181.1,127.6,149,3443146,35.5,2497,Low Kick,Brick Break,Body Slam,5,5,5,75000
Whiscash (Shadow),74.3,340,water,ground,139.4,131,215,3926201,50,2343,Mud Shot,Mud Bomb,Scald,5,6,1,10000
Wyrdeer,74.2,899,normal,psychic,162.9,123.3,190,3816258,37.5,2494,Confusion,Wild Charge,Stomp,4,3,5,75000
Xatu,74.2,178,psychic,flying,173.9,135.3,149,3505772,50,2473,Peck,Psyshock,Aerial Ace,5,6,3,50000
Kabutops (Shadow),74.1,141,rock,water,174.6,156,131,3568126,37.5,2497,Fury Cutter,Aqua Jet,Stone Edge,10,14,5,75000
Machoke,74.1,67,fighting,none,161.3,117.6,172,3262647,50,2295,Karate Chop,Cross Chop,Dynamic Punch,4,5,3,50000
Tangrowth,74.1,465,grass,none,155.6,146,176,3998298,31,2496,Infestation,Power Whip,Rock Slide,5,4,3,50000
Zamazenta (Crowned Shield),74.1,889,fighting,steel,160.4,187.3,129,3875537,22,2494,Ice Fang,Close Combat,Behemoth Bash,8,8,20,100000
Comfey,74,764,fairy,none,151.2,193.2,129,3768327,50,2390,Vine Whip,Draining Kiss,Grass Knot,7,7,3,50000
Hypno (Shadow),74,97,psychic,none,133.6,174.8,178,4156884,50,2362,Confusion,Thunder Punch,Ice Punch,3,3,3,50000
Zebstrika,74,523,electric,none,177.4,124.6,159,3514542,47,2498,Low Kick,Wild Charge,Discharge,6,5,3,50000
Claydol,73.8,344,ground,psychic,130.2,205,142,3790122,50,2227,Mud Slap,Ice Beam,Rock Tomb,6,5,3,50000
Excadrill,73.8,530,ground,steel,184.4,101.7,180,3375626,28,2496,Mud Shot,Drill Run,Rock Slide,5,5,3,50000
Gengar,73.8,94,ghost,poison,199.4,122.9,127,3112295,33,2495,Shadow Claw,Shadow Punch,Dark Pulse,5,6,3,50000
Golem (Alolan) (Shadow),73.8,76,rock,electric,160.5,159,152,3878964,32.5,2497,Volt Switch,Wild Charge,Rock Blast,3,3,1,10000
Pidgeot (Mega),73.8,18,normal,flying,189.6,125.5,138,3283682,25,2497,Gust,Brave Bird,Twister,4,3,1,10000
Alomomola,73.7,594,water,none,128.5,122.6,296,4663214,50,2450,Waterfall,Hydro Pump,Blizzard,8,8,5,75000
Barraskewda,73.7,847,water,none,206.3,110.2,133,3023657,39.5,2498,Peck,Aqua Jet,Close Combat,5,6,3,50000
Celesteela,73.6,797,steel,flying,154.3,155.8,168,4038710,30,2497,Air Slash,Body Slam,Bulldoze,5,7,20,100000
Emboar (Shadow),73.6,500,fire,fighting,177,104.4,190,3510972,31.5,2495,Ember,Blast Burn,Rock Slide,6,5,3,10000
Moltres,73.6,146,fire,flying,177,136,146,3514512,27,2498,Wing Attack,Fly,Heat Wave,6,6,20,100000
Hatterene,73.5,858,psychic,fairy,182.8,149.4,124,3386480,34.5,2492,Psycho Cut,Psyshock,Power Whip,5,6,5,50000
Pinsir (Shadow),73.5,127,bug,none,180.7,144.9,132,3456213,32.5,2500,Fury Cutter,Close Combat,X-Scissor,12,10,5,75000
Rayquaza (Mega),73.5,384,dragon,flying,203.5,118.6,126,3041023,16,2493,Dragon Tail,Dragon Ascent,Breaking Swipe,4,5,20,100000
Tauros (Aqua),73.5,128,fighting,water,162.9,158.3,148,3816486,35,2497,Double Kick,Aqua Jet,Trailblaze,4,4,3,50000
Tyranitar,73.5,248,rock,dark,166.8,142.6,156,3710566,24,2495,Dragon Breath,Brutal Swing,Stone Edge,9,14,5,75000
Aggron (Mega),73.4,306,steel,none,157.2,216.7,116,3951568,22,2497,Dragon Tail,Thunder,Rock Tomb,5,5,1,10000
Dialga (Shadow),73.4,483,steel,dragon,178.6,140.6,136,3415118,22.5,2476,Dragon Breath,Iron Head,Draco Meteor,13,17,20,100000
Garchomp (Mega),73.4,445,dragon,ground,187.7,128.6,137,3306936,16.5,2493,Dragon Tail,Twister,Sand Tomb,4,4,5,75000
Hydrapple,73.4,1019,grass,dragon,157.6,141.2,178,3961055,28.5,2500,Dragon Tail,Seed Bomb,Outrage,4,5,5,75000
Quagsire,73.4,195,water,ground,140.3,132.7,194,3611855,50,2251,Mud Shot,Aqua Tail,Stone Edge,4,7,3,50000
Sneasler (Shadow),73.4,903,fighting,poison,187.5,121.2,146,3317850,28.5,2495,Shadow Claw,Close Combat,X-Scissor,6,5,5,75000
Tyranitar (Shadow),73.4,248,rock,dark,166.8,142.6,156,3710566,24,2495,Dragon Breath,Brutal Swing,Stone Edge,9,14,5,75000
Heatran (Shadow),73.3,485,fire,steel,170.8,148.6,142,3604085,24,2480,Fire Spin,Magma Storm,Earth Power,4,5,20,100000
Magmortar (Shadow),73.3,467,fire,none,182,133.8,140,3409224,29,2499,Karate Chop,Fire Punch,Thunderbolt,5,7,5,75000
Qwilfish,73.3,211,water,poison,167.2,128.6,149,3203786,50,2318,Poison Sting,Aqua Tail,Shadow Ball,4,6,3,50000
Sawsbuck,73.3,586,normal,grass,167.7,133.7,166,3721967,48,2498,Take Down,Wild Charge,Trailblaze,5,5,3,50000
Flapple,73.2,841,grass,dragon,178.2,129.2,152,3499563,45.5,2497,Dragon Breath,Fly,Seed Bomb,12,10,5,75000
Kyogre,73.2,382,water,none,173.6,150.2,137,3572237,22.5,2494,Waterfall,Avalanche,Origin Pulse,5,6,20,100000
Serperior (Shadow),73.2,497,grass,none,144.9,182.4,163,4308051,48.5,2499,Vine Whip,Frenzy Plant,Leaf Tornado,6,5,3,10000
Suicune (Shadow),73.2,245,water,none,139.4,180.6,176,4430913,33,2491,Ice Fang,Scald,Ice Beam,9,10,20,100000
Urshifu (Rapid Strike),73.2,892,fighting,water,176.5,125.6,157,3480439,24.5,2486,Waterfall,Aqua Jet,Dynamic Punch,4,5,20,100000
Weezing,73.2,110,poison,none,153.3,177.6,149,4056686,49.5,2494,Rollout,Sludge Bomb,Shadow Ball,4,4,3,50000
Electrode,73.1,101,electric,none,157.9,157.9,142,3540402,50,2370,Volt Switch,Foul Play,Discharge,3,3,3,50000
Golem (Alolan),73.1,76,rock,electric,160.5,159,152,3878964,32.5,2497,Volt Switch,Rock Blast,Wild Charge,3,3,1,10000
Slowking,73.1,199,water,psychic,146.5,156.2,185,4233411,43,2496,Confusion,Surf,Blizzard,4,6,3,50000
Tapu Koko,73.1,785,electric,fairy,184.1,138.8,132,3373007,29,2494,Volt Switch,Thunderbolt,Nature's Madness,4,4,20,100000
Typhlosion (Hisuian),73.1,157,fire,ghost,179.2,137.3,141,3469187,30.5,2493,Ember,Fire Punch,Wild Charge,5,5,3,10000
Cacturne,73,332,grass,dark,194,108.2,153,3211592,48.5,2498,Sucker Punch,Dark Pulse,Trailblaze,7,7,3,50000
Cryogonal,73,615,ice,none,149.4,177.9,157,4172787,36.5,2497,Ice Shard,Night Slash,Triple Axel,4,5,5,75000
Electabuzz,73,125,electric,none,168.9,145.4,149,3659151,50,2490,Thunder Shock,Thunder Punch,Return,5,8,5,75000
Meowscarada,73,908,grass,dark,180.5,127.4,150,3449355,34.5,2496,Leafage,Night Slash,Frenzy Plant,5,6,3,10000
Staraptor (Shadow),73,398,normal,flying,181.3,117.6,161,3432662,34.5,2498,Wing Attack,Fly,Close Combat,6,6,1,10000
Tangrowth (Shadow),73,465,grass,none,155.6,146,176,3998298,31,2496,Infestation,Power Whip,Rock Slide,5,4,3,50000
Lopunny (Mega),72.8,428,normal,fighting,189.1,151.4,115,3292420,24.5,2495,Low Kick,Triple Axel,Thunder Punch,6,5,3,50000
Necrozma (Dusk Mane),72.8,800,psychic,steel,178,148.9,132,3498554,22.5,2498,Shadow Claw,Dark Pulse,Sunsteel Strike,6,9,20,100000
Rhyperior,72.8,464,ground,rock,162.6,134.8,175,3835734,24.5,2498,Mud Slap,Drill Run,Rock Wrecker,4,5,3,50000
Mienshao,72.7,620,fighting,none,204.1,108.6,138,3058806,37.5,2500,Force Palm,Brutal Swing,Brick Break,4,4,3,50000
Moltres (Shadow),72.7,146,fire,flying,176.4,130.8,150,3460968,26,2474,Wing Attack,Fly,Heat Wave,6,6,20,100000
Scyther,72.7,123,bug,flying,172.9,143.3,145,3592603,38,2497,Fury Cutter,X-Scissor,Night Slash,10,9,5,75000
Hitmontop,72.6,237,fighting,none,157.9,186.5,127,3739940,50,2436,Counter,Close Combat,Triple Axel,8,8,5,75000
Cacturne (Shadow),72.5,332,grass,dark,194,108.2,153,3211592,48.5,2498,Sucker Punch,Dark Pulse,Trailblaze,7,7,3,50000
Crawdaunt (Shadow),72.5,342,water,dark,185.8,127.9,140,3326935,45,2495,Waterfall,Night Slash,Scald,4,5,3,50000
Donphan,72.5,232,ground,none,160.8,147.5,163,3866034,31,2493,Mud Slap,Earthquake,Trailblaze,7,5,3,50000
Eternatus,72.5,890,poison,dragon,174.4,123,166,3560899,20,2497,Dragon Tail,Dynamax Cannon,Sludge Bomb,4,5,20,100000
Golduck,72.5,55,water,none,160.4,143.9,168,3877702,46.5,2499,Confusion,Cross Chop,Liquidation,3,4,3,50000
Houndstone,72.5,972,ghost,none,154.4,170.7,153,4032480,44.5,2499,Bite,Shadow Ball,Psychic Fangs,13,9,3,50000
Jolteon,72.5,135,electric,none,178.3,147.3,132,3466794,34,2495,Volt Switch,Discharge,Last Resort,3,4,5,75000
Landorus (Incarnate) (Shadow),72.5,645,ground,flying,181.1,129.4,147,3444848,26,2497,Mud Shot,Earth Power,Rock Slide,6,5,20,100000
Tapu Bulu,72.5,787,grass,fairy,176.3,154.8,129,3520570,27,2492,Bullet Seed,Grass Knot,Nature's Madness,4,4,20,100000
Appletun,72.4,842,grass,dragon,150.2,131.2,211,4158017,47,2500,Astonish,Energy Ball,Outrage,5,6,5,75000
Masquerain,72.4,284,bug,flying,170.4,137,156,3641789,49,2492,Infestation,Air Cutter,Lunge,4,4,1,10000
Pyroar,72.4,668,fire,normal,173.3,125.5,165,3588610,36.5,2498,Incinerate,Flame Charge,Dark Pulse,3,3,3,10000
Froslass (Shadow),72.3,478,ice,ghost,156.2,138.6,157,3398943,50,2304,Powder Snow,Avalanche,Shadow Ball,6,7,3,50000
Golduck (Shadow),72.3,55,water,none,160.4,143.9,168,3877702,46.5,2499,Confusion,Cross Chop,Liquidation,3,4,3,50000
Ho-Oh (Shadow),72.3,250,fire,flying,161.2,163.8,145,3828661,23.5,2489,Incinerate,Brave Bird,Sacred Fire,3,4,20,100000
Noivern,72.3,715,flying,dragon,161.7,145.5,164,3858485,36.5,2498,Bite,Heat Wave,Hurricane,12,15,5,75000
Pinsir,72.3,127,bug,none,180.7,144.9,132,3456213,32.5,2500,Fury Cutter,Close Combat,X-Scissor,12,10,5,75000
Sawk,72.3,539,fighting,none,181.1,127.6,149,3443146,35.5,2497,Low Kick,Brick Break,Body Slam,5,5,5,75000
Sirfetch'd,72.3,865,fighting,none,186.6,140.7,127,3334337,31.5,2497,Fury Cutter,Leaf Blade,Close Combat,9,12,3,50000
Falinks (Mega),72.2,870,fighting,none,181,162.3,117,3437027,25,2500,Counter,Superpower,Megahorn,7,10,5,75000
Gengar (Mega),72.2,94,ghost,poison,216,130.9,102,2883989,21,2498,Shadow Claw,Shadow Punch,Dark Pulse,5,6,3,50000
Gigalith (Shadow),72.2,526,rock,none,164,154,150,3788400,28.5,2496,Lock On,Meteor Beam,Superpower,12,8,3,50000
Thundurus (Therian),72.2,642,electric,flying,201,115.5,133,3087662,25,2496,Volt Switch,Wildbolt Storm,Focus Blast,3,5,20,100000
Rhyperior (Shadow),72.1,464,ground,rock,162.6,134.8,175,3835734,24.5,2498,Mud Slap,Drill Run,Rock Wrecker,4,5,3,50000
Ribombee,72.1,743,bug,fairy,178.9,135.2,142,3434594,50,2485,Fairy Wind,Draining Kiss,Bug Buzz,7,7,1,10000
Thundurus (Incarnate),72.1,642,electric,flying,189.8,124.7,137,3242524,27.5,2489,Thunder Shock,Crunch,Thunder,5,7,20,100000
Togedemaru,72.1,777,electric,steel,172.2,134.4,149,3448408,50,2441,Thunder Shock,Fell Stinger,Wild Charge,4,5,3,50000
Bewear (Shadow),72,760,normal,fighting,166.8,112.4,199,3730916,29.5,2497,Low Kick,Superpower,Stomp,5,5,1,10000
Groudon (Primal),72,383,fire,ground,188.8,143,122,3293805,15.5,2494,Mud Shot,Fire Punch,Precipice Blades,5,7,20,100000
Haxorus (Shadow),72,612,dragon,none,194.2,124.7,132,3196610,25.5,2493,Dragon Tail,Night Slash,Dragon Claw,3,5,5,75000
Magmortar,72,467,fire,none,182,133.8,140,3409224,29,2499,Karate Chop,Fire Punch,Thunderbolt,5,7,5,75000
Sneasler,72,903,fighting,poison,187.5,121.2,146,3317850,28.5,2495,Shadow Claw,Close Combat,X-Scissor,6,5,5,75000
Gallade (Mega),71.9,475,psychic,fighting,197.1,146.3,109,3143095,20,2492,Low Kick,Sacred Sword,Leaf Blade,5,5,5,75000
Kecleon,71.9,352,normal,none,147.8,171.3,142,3595176,50,2311,Sucker Punch,Dynamic Punch,Foul Play,7,6,5,75000
Staraptor,71.9,398,normal,flying,181.3,117.6,161,3432662,34.5,2498,Wing Attack,Fly,Close Combat,6,6,1,10000
Weezing (Shadow),71.9,110,poison,none,155.3,176.2,146,3995124,49,2498,Rollout,Sludge Bomb,Shadow Ball,4,4,3,50000
Claydol (Shadow),71.8,344,ground,psychic,130.2,205,142,3790122,50,2227,Mud Slap,Rock Tomb,Ice Beam,5,6,3,50000
Tauros (Combat),71.8,128,fighting,none,162.9,158.3,148,3816486,35,2497,Double Kick,Close Combat,Trailblaze,4,4,3,50000
Celebi,71.7,251,psychic,grass,155.5,154.8,166,3995852,27.5,2492,Confusion,Seed Bomb,Aura Sphere,3,3,20,100000
Slowking (Shadow),71.7,199,water,psychic,146.5,156.2,185,4233411,43,2496,Confusion,Surf,Blizzard,4,6,3,50000
Lunala,71.6,792,psychic,ghost,166.5,130.6,172,3740123,23,2497,Shadow Claw,Shadow Ball,Moonblast,7,7,20,100000
Darmanitan (Standard),71.5,555,fire,none,193.7,93.6,177,3209067,29.5,2498,Incinerate,Rock Slide,Overheat,3,3,3,50000
Kleavor,71.4,900,bug,rock,185.6,136,133,3357133,29,2496,Fury Cutter,X-Scissor,Stone Edge,10,14,5,75000
Tauros (Blaze),71.4,128,fighting,fire,162.9,158.3,148,3816486,35,2497,Double Kick,Flame Charge,Trailblaze,5,4,3,50000
Venomoth,71.4,49,bug,poison,163,132.8,157,3398485,50,2354,Infestation,Silver Wind,Poison Fang,4,4,3,50000
Chandelure (Shadow),71.3,609,ghost,fire,194.3,137.1,120,3196624,28,2493,Incinerate,Shadow Ball,Energy Ball,3,3,5,75000
Fraxure (Shadow),71.3,611,dragon,none,189,115.9,150,3285765,50,2495,Dragon Tail,Aqua Tail,Night Slash,3,3,5,75000
Aerodactyl (Mega),71.2,142,rock,flying,186,140.3,128,3340262,22,2496,Dragon Breath,Rock Slide,Brutal Swing,12,9,5,75000
Venomoth (Shadow),71.2,49,bug,poison,163,132.8,157,3398485,50,2354,Infestation,Silver Wind,Poison Fang,4,4,3,50000
Bewear,71.1,760,normal,fighting,166.8,112.4,199,3730916,29.5,2497,Low Kick,Superpower,Stomp,5,5,1,10000
Gothitelle,71.1,576,psychic,none,149.4,180.1,155,4170576,48,2497,Confusion,Rock Slide,Future Sight,4,5,3,50000
Obstagoon,71.1,862,dark,normal,145.4,165.2,178,4275574,40,2497,Counter,Night Slash,Cross Chop,6,6,3,10000
Tyranitar (Mega),71.1,248,rock,dark,172.3,160.2,131,3615922,17,2496,Dragon Breath,Brutal Swing,Stone Edge,9,14,5,75000
Darkrai,71,491,dark,none,193,136.7,121,3192355,24,2482,Sucker Punch,Foul Play,Shadow Ball,6,8,20,100000
Glalie (Mega),71,362,ice,none,183,129.3,144,3407314,28,2498,Powder Snow,Avalanche,Shadow Ball,6,7,3,50000
Rotom (Fan),71,479,electric,flying,166.4,187.2,120,3738010,42,2494,Astonish,Thunderbolt,Ominous Wind,6,5,5,75000
Araquanid,70.9,752,water,bug,118.4,196.5,154,3582902,50,2063,Infestation,Water Pulse,Mirror Coat,5,4,3,50000
Araquanid (Shadow),70.9,752,water,bug,118.4,196.5,154,3582902,50,2063,Infestation,Water Pulse,Mirror Coat,5,4,3,50000
Entei,70.9,244,fire,none,165.7,125.8,180,3752111,26.5,2499,Fire Spin,Flame Charge,Scorching Sands,5,5,20,100000
Obstagoon (Shadow),70.8,862,dark,normal,145.4,165.2,178,4275574,40,2497,Counter,Cross Chop,Night Slash,6,6,3,10000
Absol (Shadow),70.7,359,dark,none,200.7,108.4,142,3089335,42.5,2497,Psycho Cut,Brutal Swing,Megahorn,4,7,5,75000
Floatzel,70.7,419,water,none,184,105.5,174,3377688,45.5,2494,Waterfall,Aqua Jet,Swift,4,4,3,50000
Mewtwo,70.7,150,psychic,none,190.7,120.7,141,3245466,21.5,2489,Psycho Cut,Psystrike,Shadow Ball,5,6,20,100000
Passimian,70.7,766,fighting,none,166.7,129.1,174,3744649,31,2498,Counter,Close Combat,Brick Break,8,7,3,75000
Hitmontop (Shadow),70.6,237,fighting,none,157.9,186.5,127,3739940,50,2436,Counter,Close Combat,Triple Axel,8,8,5,75000
Mr. Mime,70.6,122,psychic,fairy,173.4,183.5,113,3595536,49.5,2497,Psywave,Shadow Ball,Psychic,13,14,5,75000
Landorus (Incarnate),70.5,645,ground,flying,181.1,129.4,147,3444848,26,2497,Mud Shot,Earth Power,Rock Slide,6,5,20,100000
Cloyster,70.4,91,water,ice,153.3,217.5,121,4034473,42.5,2497,Ice Shard,Icy Wind,Hydro Pump,5,8,3,50000
Girafarig (Shadow),70.4,203,normal,psychic,165.5,124.3,157,3229749,50,2313,Confusion,Psychic Fangs,Trailblaze,3,4,3,50000
Noctowl (Shadow),70.4,164,normal,flying,134.4,143.6,201,3879268,50,2287,Wing Attack,Sky Attack,Shadow Ball,7,7,1,10000
Tornadus (Therian),70.4,641,flying,none,174,145.2,141,3562337,29,2495,Gust,Bleakwind Storm,Heat Wave,4,4,20,100000
Beartic,70.3,614,ice,none,174.1,122.2,168,3574203,30,2495,Powder Snow,Ice Punch,Liquidation,5,6,3,50000
Exploud,70.1,295,normal,none,157.1,124.2,203,3960899,46.5,2495,Astonish,Crunch,Disarming Voice,5,5,1,10000
Girafarig,70.1,203,normal,psychic,165.5,124.3,157,3229749,50,2313,Confusion,Psychic Fangs,Trailblaze,3,4,3,50000
Shiftry,70.1,275,grass,dark,174.9,112.2,181,3551904,47,2495,Snarl,Leaf Blade,Foul Play,3,4,3,50000
Bisharp,70,625,dark,steel,179,144.9,134,3475571,34.5,2496,Snarl,Dark Pulse,Iron Head,4,4,5,75000
Vigoroth,70,288,normal,none,146.2,134.4,172,3379676,50,2224,Scratch,Body Slam,Rock Slide,10,12,5,75000
Vigoroth (Shadow),70,288,normal,none,146.2,134.4,172,3379676,50,2224,Scratch,Body Slam,Rock Slide,10,12,5,75000
Zarude,70,893,dark,grass,163.8,147,157,3780340,23.5,2490,Bite,Dark Pulse,Energy Ball,12,12,20,100000
Tyrantrum,69.9,697,rock,dragon,167.6,148.7,149,3713396,29.5,2498,Dragon Tail,Rock Tomb,Crunch,5,4,5,75000
Crawdaunt,69.8,342,water,dark,185.8,127.9,140,3326935,45,2495,Waterfall,Night Slash,Crabhammer,4,5,3,50000
Heatmor,69.8,631,fire,none,172.1,119.1,176,3607491,47.5,2493,Fire Spin,Thunder Punch,Flamethrower,4,6,3,50000
Vileplume,69.8,45,grass,poison,165.6,145.6,156,3761372,42,2495,Acid,Moonblast,Sludge Bomb,7,7,3,50000
Buzzwole,69.7,794,bug,fighting,165,144.4,158,3764508,26.5,2498,Counter,Superpower,Lunge,7,8,20,100000
Espathra,69.7,956,psychic,none,170.1,115.3,187,3667543,45.5,2499,Confusion,Psyshock,Dazzling Gleam,3,4,3,50000
Furfrou,69.7,676,normal,none,150.4,152.9,164,3771370,50,2386,Sucker Punch,Dark Pulse,Grass Knot,7,8,5,75000
Huntail,69.7,367,water,none,172.2,159.1,132,3616407,46,2495,Bite,Aqua Tail,Crunch,9,12,3,50000
Krookodile,69.7,553,ground,dark,171.2,125.8,169,3639746,30,2496,Mud Slap,Crunch,Sand Tomb,5,5,5,75000
Mewtwo (Shadow),69.7,150,psychic,none,192,118.9,140,3196032,21.5,2482,Psycho Cut,Psystrike,Shadow Ball,5,6,20,100000
Rotom (Heat),69.7,479,electric,fire,166.4,187.2,120,3738010,42,2494,Thunder Shock,Overheat,Thunderbolt,7,7,5,75000
Wigglytuff,69.7,40,normal,fairy,143.6,88.2,260,3293035,50,2175,Charm,Disarming Voice,Icy Wind,6,6,1,10000
Bouffalant,69.6,626,normal,none,153.2,150.1,177,4070172,36.5,2497,Mud Shot,Stomp,Megahorn,5,7,3,50000
Shiftry (Shadow),69.6,275,grass,dark,174.9,112.2,181,3551904,47,2495,Snarl,Leaf Blade,Foul Play,3,4,3,50000
Probopass (Shadow),69.5,476,rock,steel,126,243.6,142,4358491,50,2350,Rock Throw,Rock Slide,Magnet Bomb,9,8,3,50000
Armaldo (Shadow),69.4,348,rock,bug,172.2,142,148,3618955,34,2496,Fury Cutter,Rock Blast,Liquidation,10,12,3,50000
Darmanitan (Standard) (Shadow),69.4,555,fire,none,193.7,93.6,177,3209067,29.5,2498,Incinerate,Rock Slide,Overheat,3,3,3,50000
Armaldo,69.3,348,rock,bug,172.2,142,148,3618955,34,2496,Fury Cutter,Rock Blast,Liquidation,10,12,3,50000
Probopass,69.3,476,rock,steel,126,243.6,142,4358491,50,2350,Rock Throw,Rock Slide,Magnet Bomb,9,8,3,50000
Donphan (Shadow),69.2,232,ground,none,160.8,147.5,163,3866034,31,2493,Mud Slap,Earthquake,Trailblaze,7,5,3,50000
Necrozma (Dawn Wings),69.1,800,psychic,ghost,178,148.9,132,3498554,22.5,2498,Shadow Claw,Dark Pulse,Moongeist Beam,6,9,20,100000
Klawf,69,950,rock,none,156,166,154,3987984,48,2496,Mud Slap,Bulldoze,Rock Tomb,6,5,3,75000
Luxray,69,405,electric,none,177.6,128.7,153,3497139,33.5,2496,Snarl,Wild Charge,Psychic Fangs,4,3,5,75000
Kangaskhan,68.9,115,normal,none,148,144,197,4198464,42,2496,Low Kick,Power-Up Punch,Outrage,5,8,3,50000
Zacian (Hero),68.9,888,fairy,none,169.4,160.9,134,3652366,24,2488,Snarl,Wild Charge,Close Combat,4,4,20,100000
Golbat,68.8,42,poison,flying,147.8,138.6,164,3359553,50,2232,Wing Attack,Air Cutter,Poison Fang,5,5,1,10000
Haxorus,68.7,612,dragon,none,194.2,124.7,132,3196610,25.5,2493,Dragon Tail,Night Slash,Dragon Claw,3,5,5,75000
Aegislash (Shield),68.6,681,steel,ghost,94.1,241.1,142,3221626,50,1746,Psycho Cut,Shadow Ball,Flash Cannon,9,11,5,75000
Flareon,68.6,136,fire,none,183.6,141.9,130,3386869,30,2495,Ember,Superpower,Heat Wave,5,5,5,75000
Golbat (Shadow),68.6,42,poison,flying,147.8,138.6,164,3359553,50,2232,Wing Attack,Air Cutter,Poison Fang,5,5,1,10000
Rotom (Wash),68.6,479,electric,water,166.4,187.2,120,3738010,42,2494,Thunder Shock,Thunderbolt,Hydro Pump,7,9,5,75000
Noivern (Shadow),68.5,715,flying,dragon,161.7,145.5,164,3858485,36.5,2498,Bite,Heat Wave,Hurricane,12,15,5,75000
Squawkabilly,68.5,931,normal,flying,168,100.8,174,2946586,50,2229,Peck,Brave Bird,Fly,7,6,3,75000
Shiinotic (Shadow),68.4,756,grass,fairy,142,153.8,142,3101223,50,2104,Astonish,Moonblast,Seed Bomb,5,4,3,50000
Marowak (Alolan),68.3,105,fire,ghost,133.6,168.9,142,3204236,50,2075,Hex,Bone Club,Flame Wheel,3,4,3,50000
Octillery,68.3,224,water,none,173.5,129.5,160,3594920,48,2499,Lock On,Water Pulse,Aurora Beam,10,12,1,10000
Shiinotic,68.3,756,grass,fairy,142,153.8,142,3101223,50,2104,Astonish,Moonblast,Seed Bomb,5,4,3,50000
Dedenne,68.2,702,electric,fairy,150.4,125.2,152,2862172,50,2080,Thunder Shock,Discharge,Parabolic Charge,5,6,3,50000
Duraludon,68.2,884,steel,dragon,178.5,144.1,136,3498172,30,2499,Dragon Tail,Dragon Claw,Flash Cannon,5,6,5,75000
Groudon,68.2,383,ground,none,173.6,150.2,137,3572237,22.5,2494,Mud Shot,Precipice Blades,Fire Punch,7,5,20,100000
Mightyena (Shadow),68.2,262,dark,none,156.2,123.4,157,3026188,50,2174,Sucker Punch,Crunch,Poison Fang,7,6,1,10000
Pinsir (Mega),68.2,127,bug,flying,193.6,152.9,109,3226557,22,2499,Fury Cutter,Close Combat,X-Scissor,12,10,5,75000
Sceptile (Mega),68.1,254,grass,dragon,205.5,125.9,117,3027077,22,2496,Fury Cutter,Leaf Blade,Breaking Swipe,9,13,3,10000
Absol,68,359,dark,none,200.7,108.4,142,3089335,42.5,2497,Psycho Cut,Brutal Swing,Megahorn,4,7,5,75000
Diancie,68,719,rock,fairy,154.5,228.3,114,4021048,35,2494,Rock Throw,Moonblast,Rock Slide,10,9,20,100000
Fraxure,67.9,611,dragon,none,189,115.9,150,3285765,50,2495,Dragon Tail,Aqua Tail,Night Slash,3,3,5,75000
Granbull,67.8,210,fairy,none,173.4,116.4,178,3592709,42.5,2497,Charm,Close Combat,Crunch,6,6,3,50000
Terrakion,67.8,639,rock,fighting,177.6,133.5,148,3509021,25,2498,Double Kick,Sacred Sword,Rock Slide,3,4,20,100000
Gothitelle (Shadow),67.7,576,psychic,none,149.4,180.1,155,4170576,48,2497,Confusion,Rock Slide,Future Sight,4,5,3,50000
Mightyena,67.7,262,dark,none,156.2,123.4,157,3026188,50,2174,Sucker Punch,Crunch,Poison Fang,7,6,1,10000
Garbodor (Shadow),67.6,569,poison,none,159.7,145.6,167,3883137,47.5,2497,Infestation,Body Slam,Seed Bomb,4,4,3,50000
Marowak (Alolan) (Shadow),67.6,105,fire,ghost,133.6,168.9,142,3204236,50,2075,Hex,Bone Club,Flame Wheel,3,4,3,50000
Maushold,67.6,925,normal,none,146.2,144.5,163,3443522,50,2243,Take Down,Swift,Crunch,4,5,1,10000
Polteageist,67.6,855,ghost,none,185.1,149.3,122,3371522,30,2499,Hex,Shadow Ball,Dark Pulse,4,4,3,50000
Garbodor,67.5,569,poison,none,159.7,145.6,167,3883137,47.5,2497,Infestation,Body Slam,Seed Bomb,4,4,3,50000
Zweilous,67.5,634,dark,dragon,146.2,126,160,2947392,50,2079,Dragon Breath,Dark Pulse,Body Slam,12,10,5,75000
Hitmonchan (Shadow),67.4,107,fighting,none,169.4,173.5,124,3644472,46.5,2494,Counter,Ice Punch,Thunder Punch,7,7,5,75000
Necrozma,67.4,800,psychic,none,170.3,137.6,156,3655592,25,2497,Psycho Cut,Dark Pulse,Iron Head,5,6,20,100000
Zweilous (Shadow),67.4,634,dark,dragon,146.2,126,160,2947392,50,2079,Dragon Breath,Dark Pulse,Body Slam,12,10,5,75000
Grapploct,67.3,853,fighting,none,167.1,138.9,160,3713630,39,2497,Waterfall,Superpower,Ice Punch,4,4,3,50000
Tsareena,67.3,763,grass,none,168,156.1,141,3697697,32,2494,Magical Leaf,Triple Axel,High Jump Kick,5,6,3,10000
Leafeon,67.2,470,grass,none,164.3,174,132,3773642,32,2492,Bullet Seed,Leaf Blade,Last Resort,3,5,5,75000
Cloyster (Shadow),67.1,91,water,ice,153.3,217.5,121,4034473,42.5,2497,Ice Shard,Icy Wind,Hydro Pump,5,8,3,50000
Exeggutor (Alolan),67.1,103,grass,dragon,173.4,122.9,169,3601535,30,2499,Dragon Tail,Seed Bomb,Draco Meteor,4,6,3,50000
Exploud (Shadow),67.1,295,normal,none,157.1,124.2,203,3960899,46.5,2495,Astonish,Crunch,Disarming Voice,5,5,1,10000
Seviper,67.1,336,poison,none,177.3,111.8,161,3191365,50,2380,Poison Jab,Poison Fang,Wrap,6,7,3,50000
Zoroark,67.1,571,dark,none,202.6,113.3,134,3075914,41.5,2495,Shadow Claw,Foul Play,Sludge Bomb,5,7,5,75000
Kyurem (White),67,646,dragon,ice,188.1,115.6,152,3305143,19.5,2498,Dragon Breath,Fusion Flare,Ice Burn,12,15,20,100000
Rotom (Mow),67,479,electric,grass,166.4,187.2,120,3738010,42,2494,Thunder Shock,Thunderbolt,Leaf Storm,7,7,5,75000
Arbok (Shadow),66.9,24,poison,none,152.9,141.1,142,3063535,50,2170,Acid,Brutal Swing,Wrap,5,6,3,50000
Kingler (Shadow),66.9,99,water,none,185.8,149.2,121,3354285,35,2497,Mud Shot,Crabhammer,X-Scissor,6,5,3,50000
Mewtwo (Mega X),66.9,150,psychic,fighting,208.5,118,121,2976963,15,2496,Psycho Cut,Psystrike,Shadow Ball,5,6,20,100000
Sharpedo (Mega),66.8,319,water,dark,207.1,110.3,132,3015293,28,2500,Waterfall,Crunch,Poison Fang,5,4,3,50000
Mesprit,66.7,481,psychic,none,160.2,163.1,149,3893164,30,2499,Confusion,Swift,Future Sight,3,5,20,100000
Lairon,66.6,305,steel,rock,145.3,178.9,142,3691172,50,2322,Metal Sound,Rock Tomb,Rock Slide,7,6,1,10000
Marowak,66.5,105,ground,none,133.6,168.9,142,3204236,50,2075,Mud Slap,Bone Club,Rock Slide,4,5,3,50000
Eelektross,66.4,604,electric,none,172.1,130,161,3602053,38,2497,Volt Switch,Dragon Claw,Thunderbolt,4,4,1,10000
Hitmonchan,66.4,107,fighting,none,169.4,173.5,124,3644472,46.5,2494,Counter,Ice Punch,Thunder Punch,7,7,5,75000
Kyurem (Black),66.4,646,dragon,ice,188.1,115.6,152,3305143,19.5,2498,Dragon Tail,Freeze Shock,Fusion Bolt,5,4,20,100000
Porygon2,66.4,233,normal,none,157.3,151.8,165,3939893,38,2496,Lock On,Tri Attack,Zap Cannon,10,16,3,50000
Vileplume (Shadow),66.4,45,grass,poison,165.6,145.6,156,3761372,42,2495,Acid,Moonblast,Sludge Bomb,7,7,3,50000
Zangoose,66.4,335,normal,none,185.9,114.3,157,3335994,46.5,2491,Fury Cutter,Close Combat,Night Slash,12,9,3,50000
Ambipom (Shadow),66.2,424,normal,none,172.4,130.3,160,3594195,47,2496,Scratch,Aerial Ace,Low Sweep,12,10,3,50000
Banette,66.2,354,ghost,none,188.5,118.1,148,3294754,49.5,2494,Shadow Claw,Shadow Ball,Dazzling Gleam,7,7,3,50000
Alakazam (Shadow),66.1,65,psychic,none,201.9,130.9,117,3092159,30,2499,Psycho Cut,Fire Punch,Shadow Ball,5,6,3,50000
Banette (Shadow),66.1,354,ghost,none,191.2,116.7,146,3257704,47.5,2500,Shadow Claw,Shadow Ball,Dazzling Gleam,7,7,3,50000
Gardevoir,66.1,282,psychic,fairy,175.5,151.6,133,3538571,29.5,2495,Confusion,Triple Axel,Shadow Ball,4,4,5,75000
Arbok,66,24,poison,none,152.9,141.1,142,3063535,50,2170,Acid,Brutal Swing,Wrap,5,6,3,50000
Falinks,65.9,870,fighting,none,165,154.1,148,3763122,49.5,2494,Counter,Superpower,Megahorn,7,10,5,75000
Sharpedo (Shadow),65.9,319,water,dark,216.7,82.3,157,2800002,50,2463,Bite,Crunch,Poison Fang,12,10,3,50000
Espeon,65.8,196,psychic,none,191.1,135.5,126,3262650,28.5,2498,Confusion,Psychic Fangs,Shadow Ball,3,4,5,75000
Gardevoir (Shadow),65.8,282,psychic,fairy,175.5,151.6,133,3538571,29.5,2495,Confusion,Triple Axel,Shadow Ball,4,4,5,75000
Luxray (Shadow),65.8,405,electric,none,177.6,128.7,153,3497139,33.5,2496,Snarl,Wild Charge,Psychic Fangs,4,3,5,75000
Musharna,65.7,518,psychic,none,146.1,141.4,206,4255659,38.5,2495,Charge Beam,Psyshock,Dazzling Gleam,4,5,3,50000
Kyogre (Shadow),65.6,382,water,none,174.1,147.2,137,3510970,22,2479,Waterfall,Avalanche,Surf,5,5,20,100000
Tauros,65.6,128,normal,none,160.1,156.1,155,3873700,40.5,2493,Tackle,Trailblaze,Horn Attack,15,12,3,50000
Blissey,65.5,242,normal,none,104.3,144.3,396,5959994,39,2495,Zen Headbutt,Wild Charge,Dazzling Gleam,8,10,5,75000
Heliolisk,65.5,695,electric,normal,177.5,144.2,137,3506583,40.5,2495,Volt Switch,Breaking Swipe,Parabolic Charge,4,4,3,50000
Kingler,65.4,99,water,none,185.8,149.2,121,3354285,35,2497,Mud Shot,Crabhammer,X-Scissor,6,5,3,50000
Metang (Shadow),65.4,375,steel,psychic,128.5,160.4,142,2926819,50,1944,Fury Cutter,Psyshock,Gyro Ball,10,13,5,75000
Tropius,65.4,357,grass,flying,126.8,149.5,199,3772363,50,2191,Air Slash,Leaf Blade,Brutal Swing,4,4,5,75000
Infernape,65.3,392,fire,fighting,176.8,129.3,154,3520477,38,2496,Fire Spin,Close Combat,Blast Burn,5,5,3,10000
Marowak (Shadow),65.3,105,ground,none,133.6,168.9,142,3204236,50,2075,Mud Slap,Bone Club,Rock Slide,4,5,3,50000
Sneasel (Hisuian),65.3,215,fighting,poison,171.4,135.3,135,3130707,50,2318,Poison Jab,Close Combat,X-Scissor,7,6,3,50000
Gligar,65.2,207,ground,flying,132.7,167.1,149,3303951,50,2097,Fury Cutter,Night Slash,Aerial Ace,9,12,5,75000
Omastar (Shadow),65.2,139,rock,water,161.9,165.7,143,3836237,36,2496,Mud Shot,Rock Slide,Rock Blast,5,5,5,75000
Revavroom,65.2,966,steel,poison,174,135.3,152,3578414,32,2499,Metal Sound,Gunk Shot,Gyro Ball,10,7,3,50000
Zygarde (10% Forme),65.2,718,dragon,ground,177.4,155.1,127,3494372,47,2490,Dragon Tail,Crunch,Earthquake,4,6,20,100000
Lopunny,65.1,428,normal,none,143.6,175.5,149,3755068,50,2325,Double Kick,Thunder Punch,Shadow Ball,4,5,3,50000
Metang,65.1,375,steel,psychic,128.5,160.4,142,2926819,50,1944,Fury Cutter,Psyshock,Gyro Ball,10,13,5,75000
Groudon (Shadow),65,383,ground,none,174.1,147.2,137,3510970,22,2479,Mud Shot,Precipice Blades,Fire Punch,7,5,20,100000
Keldeo (Ordinary),65,647,water,fighting,177.3,134.8,145,3465506,24,2480,Poison Jab,Hydro Pump,Sacred Sword,11,5,20,100000
Lairon (Shadow),65,305,steel,rock,145.3,178.9,142,3691172,50,2322,Metal Sound,Rock Tomb,Rock Slide,7,6,1,10000
Entei (Shadow),64.9,244,fire,none,168.2,122.6,179,3691216,26,2496,Fire Spin,Flame Charge,Scorching Sands,5,5,20,100000
Weavile,64.9,461,dark,ice,182.9,136.2,136,3387893,31.5,2498,Snarl,Avalanche,Foul Play,4,4,3,50000
Weavile (Shadow),64.9,461,dark,ice,182.9,136.2,136,3387893,31.5,2498,Snarl,Avalanche,Foul Play,4,4,3,50000
Exeggutor (Alolan) (Shadow),64.8,103,grass,dragon,173.4,122.9,169,3601535,30,2499,Dragon Tail,Seed Bomb,Draco Meteor,4,6,3,50000
Volbeat,64.8,313,bug,none,132.7,152,149,3005390,50,2000,Infestation,Lunge,Thunderbolt,4,5,3,50000
Absol (Mega),64.7,359,dark,none,222.7,100.8,124,2783572,27.5,2496,Psycho Cut,Brutal Swing,Megahorn,4,7,5,75000
Mabosstiff,64.7,943,dark,none,174.7,133.6,153,3571008,32.5,2498,Bite,Crunch,Psychic Fangs,12,9,3,50000
Simisear,64.7,514,fire,none,175.9,124,162,3533479,49.5,2496,Fire Spin,Crunch,Flamethrower,5,6,3,50000
Zamazenta (Hero),64.7,889,fighting,none,169.4,160.9,134,3652366,24,2488,Snarl,Close Combat,Crunch,4,4,20,100000
Gumshoos,64.6,735,normal,none,175.6,107.5,184,3473368,50,2470,Take Down,Rock Tomb,Crunch,6,5,1,10000
Ambipom,64.5,424,normal,none,172.4,130.3,160,3594195,47,2496,Scratch,Aerial Ace,Return,12,18,3,50000
Braviary,64.5,628,normal,flying,172.6,120.4,174,3615901,29.5,2498,Air Slash,Fly,Close Combat,5,5,5,75000
Alakazam,64.4,65,psychic,none,201.9,130.9,117,3092159,30,2499,Psycho Cut,Fire Punch,Shadow Ball,5,6,3,50000
Arboliva,64.4,930,grass,normal,166.5,150.1,150,3748747,32.5,2498,Magical Leaf,Earth Power,Trailblaze,5,5,3,50000
Manectric,64.4,310,electric,none,187,116.5,153,3333182,46,2499,Snarl,Wild Charge,Psychic Fangs,4,3,3,50000
Xurkitree,64.4,796,electric,none,213.9,101.2,134,2900655,23,2495,Thunder Shock,Discharge,Power Whip,5,6,20,100000
Accelgor,64.2,617,bug,none,184.2,110,167,3383754,45,2497,Infestation,Energy Ball,Bug Buzz,4,5,3,50000
Cursola,64.2,864,ghost,none,188,144.1,122,3305078,30,2494,Astonish,Night Shade,Power Gem,5,5,3,50000
Togetic,64.2,176,fairy,flying,129.4,164.7,135,2877144,50,1931,Fairy Wind,Psyshock,Draining Kiss,5,7,3,50000
Vanilluxe,64.2,584,ice,none,169.7,152.1,142,3665215,35.5,2495,Astonish,Avalanche,Flash Cannon,5,7,3,50000
Accelgor (Shadow),64.1,617,bug,none,184.2,110,167,3383754,45,2497,Infestation,Energy Ball,Bug Buzz,4,5,3,50000
Oricorio (Pom-Pom),64.1,741,electric,flying,171.6,132,160,3624192,47,2494,Air Slash,Air Cutter,Hurricane,5,7,3,75000
Rotom (Frost),64.1,479,electric,ice,166.4,187.2,120,3738010,42,2494,Thunder Shock,Thunderbolt,Blizzard,7,9,5,75000
Munchlax,64,446,normal,none,127.7,110.9,252,3568806,50,2138,Tackle,Body Slam,Bulldoze,14,19,5,10000
Exeggutor (Shadow),63.8,103,grass,psychic,174.8,120.5,169,3559715,30.5,2498,Confusion,Seed Bomb,Psychic,3,4,3,50000
Granbull (Shadow),63.7,210,fairy,none,173.4,116.4,178,3592709,42.5,2497,Charm,Close Combat,Crunch,6,6,3,50000
Meowstic (Female),63.7,678,psychic,none,152,152.8,162,3762547,50,2398,Confusion,Energy Ball,Shadow Ball,4,4,3,50000
Sneasel (Hisuian) (Shadow),63.7,215,fighting,poison,171.4,135.3,135,3130707,50,2318,Poison Jab,Close Combat,X-Scissor,7,6,3,50000
Jumpluff,63.6,189,grass,flying,111.7,166.3,164,3046416,50,1848,Fairy Wind,Energy Ball,Acrobatics,5,7,3,50000
Inteleon,63.5,818,water,none,197.8,114.5,139,3148086,32,2496,Water Gun,Snipe Shot,Hydro Cannon,12,14,3,10000
Manectric (Shadow),63.5,310,electric,none,187,116.5,153,3333182,46,2499,Snarl,Wild Charge,Psychic Fangs,4,3,3,50000
Omastar,63.4,139,rock,water,161.9,165.7,143,3836237,36,2496,Mud Shot,Rock Slide,Rock Blast,5,5,5,75000
Klinklang,63.3,601,steel,none,161.4,180.3,133,3870356,39.5,2499,Metal Sound,Mirror Shot,Flash Cannon,5,9,5,75000
Kyogre (Primal),63.3,382,water,none,188.8,143,122,3293805,15.5,2494,Waterfall,Avalanche,Surf,5,5,20,100000
Lumineon,63.3,457,water,none,131.9,155.4,155,3177075,50,2050,Gust,Aqua Tail,Silver Wind,3,4,3,50000
Dragapult,63.2,887,dragon,ghost,183.9,126,146,3383024,26,2498,Dragon Tail,Shadow Ball,Outrage,5,5,5,75000
Simipour,63.2,516,water,none,175.9,124,162,3533479,49.5,2496,Bite,Surf,Crunch,12,12,3,50000
Jumpluff (Shadow),63.1,189,grass,flying,111.7,166.3,164,3046416,50,1848,Fairy Wind,Energy Ball,Acrobatics,5,7,3,50000
Tyrantrum (Shadow),63.1,697,rock,dragon,167.6,148.7,149,3713396,29.5,2498,Dragon Tail,Meteor Beam,Rock Tomb,5,5,5,75000
Jynx,62.9,124,ice,psychic,181.6,132.8,142,3424540,42,2497,Confusion,Avalanche,Psyshock,4,3,5,75000
Mewtwo (Mega Y),62.9,150,psychic,none,208.4,114.9,121,2897364,14,2462,Psycho Cut,Psystrike,Shadow Ball,5,6,20,100000
Cherrim (Sunshine),62.8,421,grass,none,155.4,141.1,157,3442530,50,2313,Bullet Seed,Weather Ball (Fire),Solar Beam,3,7,1,10000
Klang,62.7,600,steel,none,138.6,158.8,142,3125375,50,2086,Metal Sound,Vise Grip,Thunderbolt,5,7,5,75000
Breloom,62.6,286,grass,fighting,193.6,124.1,134,3219452,40,2499,Force Palm,Dynamic Punch,Grass Knot,5,5,3,50000
Sharpedo,62.6,319,water,dark,216.7,82.3,157,2800002,50,2463,Bite,Crunch,Poison Fang,12,10,3,50000
Porygon2 (Shadow),62.5,233,normal,none,157.3,151.8,165,3939893,38,2496,Lock On,Tri Attack,Zap Cannon,10,16,3,50000
Crocalor,62.4,910,fire,none,148.7,125.2,173,3220783,50,2188,Incinerate,Crunch,Disarming Voice,3,3,3,10000
Rotom,62.4,479,electric,ghost,168,146.2,127,3119323,50,2295,Astonish,Thunderbolt,Ominous Wind,6,5,5,75000
Lycanroc (Midday),62.3,745,rock,none,184.3,120.8,152,3384043,39,2498,Sucker Punch,Drill Run,Stone Edge,6,8,5,50000
Heliolisk (Shadow),62.2,695,electric,normal,177.5,144.2,137,3506583,40.5,2495,Volt Switch,Breaking Swipe,Parabolic Charge,4,4,3,50000
Gligar (Shadow),62.1,207,ground,flying,132.7,167.1,149,3303951,50,2097,Wing Attack,Night Slash,Aerial Ace,5,6,5,75000
Exeggutor,62,103,grass,psychic,174.8,120.5,169,3559715,30.5,2498,Confusion,Seed Bomb,Psychic,3,4,3,50000
Beedrill,61.8,15,bug,poison,154.6,121.8,149,2805712,50,2086,Infestation,Drill Run,X-Scissor,4,4,1,10000
Mr. Rime,61.8,866,ice,psychic,165.1,147.5,155,3774599,35.5,2497,Ice Shard,Icy Wind,Psychic,5,6,5,75000
Dartrix,61.7,723,grass,flying,131.9,129.4,168,2867400,50,1949,Peck,Brave Bird,Energy Ball,7,6,3,10000
Carnivine,61.5,455,grass,none,169.7,126.9,162,3488659,50,2440,Vine Whip,Energy Ball,Crunch,6,6,5,75000
Infernape (Shadow),61.5,392,fire,fighting,176.8,129.3,154,3520477,38,2496,Fire Spin,Close Combat,Blast Burn,5,5,3,10000
Basculin,61.3,550,water,none,171.4,121,157,3256086,50,2363,Water Gun,Aqua Tail,Aqua Jet,12,14,1,10000
Manectric (Mega),61.2,310,electric,none,195.6,130.2,125,3183390,25.5,2499,Snarl,Wild Charge,Psychic Fangs,4,3,3,50000
Reuniclus,61.2,579,psychic,none,163.4,121.4,192,3808658,33,2499,Charm,Psyshock,Shadow Ball,5,7,3,50000
Sudowoodo,61.1,185,rock,none,152.9,160.5,157,3852851,50,2427,Counter,Meteor Beam,Rock Tomb,10,9,5,75000
Gabite (Shadow),60.8,444,dragon,ground,157.1,117.6,154,2845144,50,2118,Mud Shot,Twister,Dig,5,6,5,75000
Simisage,60.8,512,grass,none,175.9,124,162,3533479,49.5,2496,Vine Whip,Grass Knot,Crunch,7,6,3,50000
Pignite,60.7,499,fire,fighting,157.9,101.6,186,2983931,50,2173,Ember,Rock Tomb,Flame Charge,6,6,3,10000
Tangela,60.7,114,grass,none,164.6,153.7,149,3769554,50,2494,Infestation,Grass Knot,Sludge Bomb,5,5,3,50000
Beedrill (Shadow),60.5,15,bug,poison,154.6,121.8,149,2805712,50,2086,Infestation,Drill Run,X-Scissor,4,4,1,10000
Nihilego,60.5,793,rock,poison,163.3,144.1,162,3812108,23,2495,Poison Jab,Power Gem,Sludge Bomb,8,8,20,100000
Parasect,60.5,47,bug,grass,151.2,135.2,142,2902798,50,2101,Fury Cutter,X-Scissor,Cross Poison,10,9,3,50000
Komala,60.3,775,normal,none,175.5,143.6,141,3553454,41.5,2498,Rollout,Bulldoze,Payback,5,5,3,50000
Tatsugiri (Curly),60.3,978,dragon,water,178.4,138.8,141,3491431,37.5,2497,Take Down,Surf,Outrage,5,7,5,75000
Tatsugiri (Droopy),60.3,978,dragon,water,178.4,138.8,141,3491431,37.5,2497,Take Down,Surf,Outrage,5,7,5,75000
Tatsugiri (Stretchy),60.3,978,dragon,water,178.4,138.8,141,3491431,37.5,2497,Take Down,Surf,Outrage,5,7,5,75000
Arcanine (Hisuian),60.2,59,fire,rock,171.2,130.6,163,3644471,29.5,2499,Fire Fang,Rock Slide,Crunch,8,8,3,50000
Stakataka,60.2,805,rock,steel,154.1,219.1,120,4051597,28,2500,Rock Throw,Stone Edge,Bulldoze,11,11,20,100000
Meowstic (Male),60.1,678,psychic,none,152,152.8,162,3762547,50,2398,Confusion,Energy Ball,Psychic,4,4,3,50000
Zacian (Crowned Sword),60,888,fairy,steel,191.5,143.3,117,3210708,18,2482,Metal Claw,Close Combat,Behemoth Blade,7,8,20,100000
Alakazam (Mega),59.9,65,psychic,none,222.2,131.4,96,2802920,20,2497,Psycho Cut,Fire Punch,Shadow Ball,5,6,3,50000
Chandelure,59.8,609,ghost,fire,194.3,137.1,120,3196624,28,2493,Fire Spin,Shadow Ball,Energy Ball,5,5,5,75000
Darmanitan (Galarian),59.8,555,ice,none,193.7,93.6,177,3209067,29.5,2498,Ice Fang,Avalanche,Superpower,8,7,3,50000
Reuniclus (Shadow),59.8,579,psychic,none,163.4,121.4,192,3808658,33,2499,Charm,Psyshock,Shadow Ball,5,7,3,50000
Frosmoth,59.7,873,ice,bug,181.5,131.1,144,3426430,37.5,2495,Powder Snow,Ice Beam,Bug Buzz,7,8,5,75000
Indeedee (Female),59.5,876,psychic,normal,156.9,163.5,155,3976238,48,2499,Extrasensory,Energy Ball,Psychic,5,6,3,50000
Banette (Mega),59.4,354,ghost,none,213,116.2,118,2920571,25,2495,Shadow Claw,Shadow Ball,Dazzling Gleam,7,7,3,50000
Pignite (Shadow),59.4,499,fire,fighting,157.9,101.6,186,2983931,50,2173,Ember,Rock Tomb,Flame Charge,6,6,3,10000
Arcanine,59.3,59,fire,none,170.4,132,163,3666326,31,2500,Snarl,Crunch,Flamethrower,4,5,3,50000
Lilligant (Hisuian),59.3,549,grass,fighting,172,139.7,151,3628288,43.5,2498,Bullet Seed,Upper Hand,Petal Blizzard,4,5,1,10000
Oricorio (Baile),59.3,741,fire,flying,171.6,132,160,3624192,47,2494,Air Slash,Air Cutter,Hurricane,5,7,3,75000
Furret,59.1,162,normal,none,136.9,117.6,178,2865700,50,1985,Sucker Punch,Swift,Brick Break,5,6,1,10000
Gabite,58.9,444,dragon,ground,157.1,117.6,154,2845144,50,2118,Mud Shot,Twister,Dig,5,6,5,75000
Lycanroc (Midnight),58.9,745,rock,none,172.5,127.8,164,3615462,36.5,2497,Counter,Psychic Fangs,Crunch,6,8,5,50000
Wormadam (Sandy),58.9,413,bug,ground,131,163.8,142,3047008,50,2002,Sucker Punch,Bulldoze,Bug Buzz,8,9,1,10000
Archeops (Shadow),58.8,567,rock,flying,207.3,105.8,137,3004731,27.5,2497,Wing Attack,Ancient Power,Crunch,6,6,5,75000
Carracosta,58.8,565,water,rock,155.3,168,153,3991831,40.5,2495,Water Gun,Liquidation,Ancient Power,15,15,5,75000
Crabominable,58.8,740,fighting,ice,176.8,115.1,173,3520495,33.5,2495,Bubble,Ice Punch,Brick Break,4,4,3,50000
Clawitzer,58.7,693,water,none,173.4,142.7,145,3587906,36,2494,Water Gun,Crabhammer,Dark Pulse,17,15,3,50000
Stonjourner,58.7,874,rock,none,161.1,139.7,171,3848470,28.5,2490,Rock Throw,Rock Slide,Stomp,9,8,5,75000
Sneasel (Shadow),58.6,215,dark,ice,171.4,135.3,135,3130707,50,2318,Ice Shard,Avalanche,Foul Play,5,4,3,50000
Misdreavus (Shadow),58.5,200,ghost,none,152.9,142,142,3083076,50,2177,Astonish,Dark Pulse,Shadow Sneak,5,5,3,50000
Sealeo (Shadow),58.4,364,ice,water,127.7,123.5,186,2933397,50,1938,Powder Snow,Surf,Body Slam,6,5,3,50000
Yanmega,58.4,469,bug,flying,176.2,126.4,159,3541197,32,2498,Wing Attack,Aerial Ace,Ancient Power,6,6,3,50000
Toxapex,58.3,748,poison,water,108.3,241.8,127,3325741,50,1902,Poison Jab,Brine,Sludge Wave,9,10,3,50000
Graveler (Alolan) (Shadow),58.2,75,rock,electric,150.4,150.4,135,3053722,50,2145,Volt Switch,Stone Edge,Rock Blast,4,3,1,10000
Sneasel,58.2,215,dark,ice,171.4,135.3,135,3130707,50,2318,Ice Shard,Avalanche,Foul Play,5,4,3,50000
Gardevoir (Mega),58.1,282,psychic,fairy,198.3,145.1,109,3136293,20,2497,Confusion,Triple Axel,Shadow Ball,4,4,5,75000
Sealeo,58.1,364,ice,water,127.7,123.5,186,2933397,50,1938,Powder Snow,Surf,Body Slam,6,5,3,50000
Cinccino,58,573,normal,none,176.7,121.4,164,3518026,49.5,2494,Charm,Aqua Tail,Thunderbolt,5,7,3,50000
Lycanroc (Dusk),57.9,745,rock,none,185.3,119.1,152,3354523,38,2498,Sucker Punch,Stone Edge,Trailblaze,8,7,5,50000
Misdreavus,57.8,200,ghost,none,152.9,142,142,3083076,50,2177,Psywave,Dark Pulse,Shadow Sneak,12,13,3,50000
Gorebyss,57.7,368,water,none,174.2,157.2,130,3559951,44,2494,Confusion,Water Pulse,Draining Kiss,4,4,3,50000
Marshtomp (Shadow),57.7,259,water,ground,143.6,124.3,157,2802368,50,2006,Mud Shot,Surf,Sludge,5,5,3,10000
Graveler (Alolan),57.4,75,rock,electric,150.4,150.4,135,3053722,50,2145,Volt Switch,Stone Edge,Rock Blast,4,3,1,10000
Beheeyem,57.3,606,psychic,none,173.9,136,151,3571210,37,2496,Confusion,Dark Pulse,Rock Slide,4,4,3,50000
Eldegoss,57.3,830,grass,none,136.9,189.8,142,3689674,50,2253,Bullet Seed,Energy Ball,Grass Knot,4,4,3,50000
Illumise,57.3,314,bug,none,132.7,152,149,3005390,50,2000,Infestation,Silver Wind,Shadow Ball,4,5,3,50000
Purugly,57.3,432,normal,none,157.1,124.3,158,3085350,50,2207,Scratch,Aerial Ace,Thunder,12,15,3,50000
Boltund,57.2,836,electric,none,178.1,122.7,155,3387195,50,2458,Bite,Crunch,Thunder,12,15,1,50000
Tangela (Shadow),57.2,114,grass,none,164.6,153.7,149,3769554,50,2494,Infestation,Grass Knot,Sludge Bomb,5,5,3,50000
Wormadam (Plant),57.2,413,bug,grass,131,163.8,142,3047008,50,2002,Sucker Punch,Energy Ball,Bug Buzz,7,9,1,10000
Magcargo,57,219,fire,rock,129.4,173.1,127,2844691,50,1923,Incinerate,Rock Tomb,Heat Wave,3,3,1,10000
Azelf,56.9,482,psychic,none,197.5,114.8,139,3151547,28.5,2495,Confusion,Swift,Future Sight,3,5,20,100000
Braviary (Hisuian),56.9,628,psychic,flying,166.5,114.3,197,3749097,36,2499,Air Slash,Brave Bird,Fly,7,5,5,75000
Tornadus (Incarnate),56.9,641,flying,none,189.8,124.7,137,3242524,27.5,2489,Bite,Dark Pulse,Hurricane,12,15,20,100000
Purugly (Shadow),56.6,432,normal,none,157.1,124.3,158,3085350,50,2207,Scratch,Aerial Ace,Thunder,12,15,3,50000
Carracosta (Shadow),56.5,565,water,rock,155.3,168,153,3991831,40.5,2495,Water Gun,Liquidation,Ancient Power,15,15,5,75000
Dunsparce,56.4,206,normal,none,122.6,120.1,201,2959576,50,1907,Rollout,Drill Run,Rock Slide,4,4,3,50000
Glaceon,56.3,471,ice,none,175.5,156.6,129,3545346,29.5,2495,Ice Shard,Avalanche,Water Pulse,5,5,5,75000
Archeops,56.1,567,rock,flying,207.3,105.8,137,3004731,27.5,2497,Wing Attack,Ancient Power,Crunch,6,6,5,75000
Marshtomp,56.1,259,water,ground,143.6,124.3,157,2802368,50,2006,Mud Shot,Surf,Sludge,5,5,3,10000
Oricorio (Sensu),56.1,741,ghost,flying,171.6,132,160,3624192,47,2494,Air Slash,Air Cutter,Hurricane,5,7,3,75000
Grotle,55.9,388,grass,none,144.5,132.7,164,3144725,50,2136,Bite,Energy Ball,Body Slam,12,10,3,10000
Mr. Mime (Galarian),55.3,122,ice,psychic,166.3,154.5,127,3263055,50,2335,Confusion,Ice Punch,Triple Axel,3,4,5,75000
Shaymin (Sky),55.2,492,grass,flying,178.7,120.7,161,3472623,25.5,2492,Magical Leaf,Energy Ball,Grass Knot,5,5,20,100000
Unfezant,54.9,521,normal,flying,177.8,124.5,158,3497504,37,2497,Air Slash,Heat Wave,Sky Attack,5,6,1,10000
Oricorio (Pa'u),54.7,741,psychic,flying,171.6,132,160,3624192,47,2494,Air Slash,Air Cutter,Hurricane,5,7,3,75000
Thwackey,54.7,811,grass,none,151.2,125.2,157,2972048,50,2120,Scratch,Energy Ball,Grass Knot,12,13,3,10000
Sigilyph,54.5,561,psychic,flying,167.5,145,153,3715988,43,2494,Air Slash,Air Cutter,Ancient Power,5,5,5,75000
Tornadus (Incarnate) (Shadow),54.5,641,flying,none,189.8,124.7,137,3242524,27.5,2489,Bite,Dark Pulse,Hurricane,12,15,20,100000
Volcarona,54.5,637,bug,fire,179.6,135.5,142,3455684,25,2493,Fire Spin,Overheat,Bug Buzz,6,6,5,75000
Golem,54.4,76,rock,ground,160.5,159,152,3878964,32.5,2497,Mud Slap,Stone Edge,Earthquake,6,7,1,10000
Sudowoodo (Shadow),54.2,185,rock,none,152.9,160.5,157,3852851,50,2427,Counter,Meteor Beam,Rock Tomb,10,9,5,75000
Bibarel,54,400,normal,water,148.7,112.6,170,2846415,50,2060,Rollout,Surf,Hyper Fang,4,4,1,10000
Grotle (Shadow),54,388,grass,none,144.5,132.7,164,3144725,50,2136,Bite,Energy Ball,Body Slam,12,10,3,10000
Mudbray,54,749,ground,none,159.6,114.2,157,2861532,50,2137,Mud Slap,Bulldoze,Body Slam,6,4,3,50000
Naganadel,54,804,poison,dragon,192,122.2,138,3237811,29,2494,Poison Jab,Dragon Claw,Sludge Bomb,8,8,20,100000
Bibarel (Shadow),53.7,400,normal,water,148.7,112.6,170,2846415,50,2060,Rollout,Surf,Hyper Fang,4,4,1,10000
Boldore,53.7,525,rock,none,158.8,132.8,157,3310916,50,2293,Mud Slap,Rock Slide,Bulldoze,5,6,3,50000
Carbink,53.7,703,rock,fairy,92.4,252,127,2957170,50,1657,Rock Throw,Moonblast,Rock Slide,10,9,5,75000
Rhydon,53.7,112,ground,rock,162.5,133,177,3825413,29,2497,Mud Slap,Stone Edge,Earthquake,6,7,3,50000
Glimmora,53.4,970,rock,poison,177.4,135,147,3520503,28,2499,Rock Throw,Meteor Beam,Power Gem,12,10,3,50000
Sunflora,53.3,192,grass,none,168,126,164,3471552,50,2419,Bullet Seed,Sludge Bomb,Leaf Storm,4,5,3,50000
Unfezant (Shadow),53.2,521,normal,flying,177.8,124.5,158,3497504,37,2497,Air Slash,Sky Attack,Heat Wave,6,5,1,10000
Azumarill,53.1,184,water,fairy,106.7,140.3,201,3008972,50,1794,Bubble,Ice Beam,Play Rough,5,6,3,50000
Maractus,52.3,556,grass,none,177.9,121.1,162,3490078,49,2498,Bullet Seed,Aerial Ace,Petal Blizzard,4,5,1,10000
Brionne,52,729,water,none,153.7,134.4,142,2933334,50,2129,Water Gun,Aqua Jet,Disarming Voice,14,15,3,10000
Raticate (Alolan),51.4,20,dark,normal,126,142,164,2934288,50,1926,Bite,Crunch,Hyper Fang,12,13,1,10000
Seadra,51.3,117,water,none,169.7,143.7,135,3292095,50,2365,Dragon Breath,Hydro Pump,Dragon Pulse,19,14,3,50000
Golem (Shadow),51.1,76,rock,ground,160.5,159,152,3878964,32.5,2497,Mud Slap,Stone Edge,Earthquake,6,7,1,10000
Porygon-Z,51.1,474,normal,none,190.1,115.9,149,3282856,28,2499,Lock On,Tri Attack,Blizzard,10,15,3,50000
Hoopa (Unbound),50.7,720,psychic,dark,201.1,129.1,117,3037555,22,2472,Confusion,Dark Pulse,Shadow Ball,4,4,20,100000
Rhydon (Shadow),50.6,112,ground,rock,162.5,133,177,3825413,29,2497,Mud Slap,Stone Edge,Earthquake,6,7,3,50000
Stantler,50.6,234,normal,none,173.9,122.7,161,3435342,50,2445,Tackle,Wild Charge,Stomp,15,14,3,50000
Raticate (Alolan) (Shadow),50.5,20,dark,normal,126,142,164,2934288,50,1926,Bite,Crunch,Hyper Fang,12,13,1,10000
Graveler (Shadow),50.3,75,rock,ground,150.4,150.4,135,3053722,50,2145,Mud Slap,Rock Slide,Dig,5,5,1,10000
Diancie (Mega),50.1,719,rock,fairy,212.8,150.5,90,2882376,20.5,2486,Rock Throw,Moonblast,Rock Slide,10,9,20,100000
Graveler,49.9,75,rock,ground,150.4,150.4,135,3053722,50,2145,Mud Slap,Rock Slide,Dig,5,5,1,10000
Stantler (Shadow),49.6,234,normal,none,173.9,122.7,161,3435342,50,2445,Tackle,Wild Charge,Stomp,15,14,3,50000
Boldore (Shadow),49.5,525,rock,none,158.8,132.8,157,3310916,50,2293,Mud Slap,Rock Slide,Bulldoze,5,6,3,50000
Indeedee (Male),48.6,876,psychic,normal,174.4,147.3,139,3570788,46.5,2495,Extrasensory,Shadow Ball,Psychic,5,6,3,50000
Cherrim (Overcast),48.4,421,grass,none,155.4,141.1,157,3442530,50,2313,Bullet Seed,Dazzling Gleam,Solar Beam,5,7,1,10000
Porygon-Z (Shadow),48.3,474,normal,none,190.1,115.9,149,3282856,28,2499,Lock On,Tri Attack,Blizzard,10,15,3,50000
Deoxys (Speed),48.1,386,psychic,none,179.9,169.5,112,3415222,32,2489,Charge Beam,Psycho Boost,Swift,4,4,20,100000
Audino,47.3,531,normal,none,108.3,149.4,205,3316904,50,1898,Charge Beam,Body Slam,Disarming Voice,4,5,3,50000
Bastiodon,47.3,411,rock,steel,91.5,252.7,142,3283331,50,1737,Smack Down,Stone Edge,Flamethrower,7,7,5,75000
Rampardos (Shadow),47.3,409,rock,none,209.4,86.8,163,2962675,27.5,2492,Smack Down,Rock Slide,Flamethrower,6,7,5,75000
Hoopa,47,720,psychic,ghost,187,137.5,128,3291200,26.5,2486,Confusion,Shadow Ball,Psychic,4,4,20,100000
Seadra (Shadow),45.9,117,water,none,169.7,143.7,135,3292095,50,2365,Dragon Breath,Dragon Pulse,Hydro Pump,14,19,3,50000
Bastiodon (Shadow),45.1,411,rock,steel,91.5,252.7,142,3283331,50,1737,Smack Down,Stone Edge,Flamethrower,7,7,5,75000
Lilligant,42.4,549,grass,none,175,136.5,149,3559238,42.5,2498,Charm,Petal Blizzard,Hyper Beam,9,10,1,10000
Rampardos,41.3,409,rock,none,209.4,86.8,163,2962675,27.5,2492,Smack Down,Rock Slide,Flamethrower,6,7,5,75000
Regigigas,35.7,486,normal,none,178.1,135.9,143,3461142,21,2489,Hidden Power (Ice),Crush Grip,Thunder,7,8,20,100000
Regigigas (Shadow),33.8,486,normal,none,181.8,132.8,141,3404169,21,2491,Hidden Power (Ice),Crush Grip,Thunder,7,8,20,100000
Shaymin (Land),27.4,492,grass,none,152.6,158.3,169,4082462,28.5,2496,Zen Headbutt,Grass Knot,Seed Flare,9,13,20,100000
Chansey,24.6,113,normal,none,63,120.1,421,3185412,50,1417,Zen Headbutt,Dazzling Gleam,Hyper Beam,10,14,5,75000
Slaking,14,289,normal,none,178.4,108.9,180,3496997,20.5,2498,Yawn,Body Slam,Earthquake,4,6,5,75000
Slaking (Shadow),11.9,289,normal,none,178.4,108.9,180,3496997,20.5,2498,Yawn,Body Slam,Earthquake,4,6,5,75000
