Pokemon,Score,Dex,Type 1,Type 2,Attack,Defense,Stamina,Stat Product,Level,CP,Fast Move,Charged Move 1,Charged Move 2,Charged Move 1 Count,Charged Move 2 Count,Buddy Distance,Charged Move Cost
Dusknoir (Shadow),100,477,ghost,none,85.7,124.6,64,683406,23.5,767,Astonish,Dynamic Punch,Shadow Punch,5,4,3,50000
Flamigo,99.7,973,flying,fighting,98.7,68.4,88,594095,20,767,Peck,Upper Hand,Brave Bird,5,7,3,75000
Toucannon (Shadow),98.9,733,normal,flying,98.2,69.2,88,597999,20.5,767,Peck,Beak Blast,Drill Peck,7,5,1,10000
Palkia (Shadow),98.4,484,water,dragon,100.4,78.7,71,561005,13.5,753,Dragon Breath,Aqua Tail,Draco Meteor,9,17,20,100000
Ursaluna (Shadow),98.3,901,ground,normal,89.9,70.6,103,653735,14.5,767,Scratch,Thunder Punch,High Horsepower,10,14,3,50000
Mimikyu,98.1,778,ghost,fairy,87,101.3,76,669796,25,767,Shadow Claw,Shadow Sneak,Play Rough,7,8,5,50000
Greninja (Shadow),97.9,658,water,dark,99.8,71.8,82,587582,21,767,Water Shuriken,Hydro Cannon,Brutal Swing,3,3,3,10000
Rillaboom,97.8,812,grass,none,94.7,71,92,618580,16.5,767,Scratch,Drum Beating,Earth Power,9,13,3,10000
Kabutops (Shadow),97.3,141,rock,water,96.9,85.7,73,606216,20.5,767,Fury Cutter,Aqua Jet,Stone Edge,10,14,5,75000
Samurott (Shadow),97.3,503,water,none,91.6,72.2,97,641511,19.5,768,Fury Cutter,Hydro Cannon,Megahorn,10,14,3,10000
Ursaring (Shadow),97.3,217,normal,none,99.9,65.4,90,588011,18.5,767,Shadow Claw,Close Combat,Swift,6,5,3,50000
Zoroark (Hisuian),97.3,571,normal,ghost,116.9,62.6,68,497620,21,767,Shadow Claw,Swift,Shadow Ball,5,7,5,75000
Rapidash (Shadow),97.2,78,fire,none,95.6,79.8,80,610310,22.5,767,Incinerate,Drill Run,Wild Charge,2,3,3,50000
Hydreigon (Shadow),97,635,dark,dragon,97.3,74.8,83,604077,15,768,Dragon Breath,Brutal Swing,Fly,9,12,5,75000
Murkrow (Shadow),96.9,198,dark,flying,110.1,62.4,104,714505,41,887,Peck,Drill Peck,Foul Play,5,5,3,50000
Shelgon (Shadow),96.8,372,dragon,none,88.2,85.2,88,661288,27.5,766,Dragon Breath,Twister,Flamethrower,10,14,5,75000
Latias (Shadow),96.7,380,dragon,psychic,90.7,96.7,74,649031,15.5,767,Dragon Breath,Aura Sphere,Mist Ball,10,15,20,100000
Charizard (Mega X),96.4,6,fire,dragon,100.8,82.6,70,582826,14.5,767,Dragon Breath,Blast Burn,Air Cutter,13,10,3,10000
Electivire (Shadow),96.4,466,electric,none,102.6,72.2,77,570394,18,766,Thunder Shock,Ice Punch,Wild Charge,5,5,5,75000
Spidops,96.4,918,bug,none,83.7,104.8,98,859632,37.5,851,Shadow Claw,Lunge,Rock Tomb,6,7,1,50000
Ursaluna,96.4,901,ground,normal,89.9,70.6,103,653735,14.5,767,Scratch,Thunder Punch,High Horsepower,10,14,3,50000
Crustle (Shadow),96.2,558,bug,rock,86.1,96.4,82,680603,22,767,Fury Cutter,X-Scissor,Rock Wrecker,10,13,1,10000
Kingdra (Shadow),96.1,230,water,dragon,87.1,91.5,84,669451,21,766,Dragon Breath,Surf,Swift,12,9,3,50000
Dodrio,95.9,85,normal,flying,102.8,70.4,78,564495,23.5,765,Peck,Drill Peck,Brave Bird,5,7,3,50000
Greninja (Mega),95.9,658,water,dark,110.3,69.5,69,528944,14.5,766,Water Shuriken,Hydro Cannon,Brutal Swing,3,3,3,10000
Morpeko (Full Belly),95.9,877,electric,dark,100.5,68.9,84,581654,28.5,767,Thunder Shock,Aura Wheel,Psychic Fangs,5,4,3,50000
Sableye (Shadow),95.9,302,dark,ghost,95,98.9,99,930155,47,942,Shadow Claw,Foul Play,Drain Punch,5,5,5,75000
Malamar (Shadow),95.8,687,dark,psychic,83.9,83.4,99,692729,23.5,764,Psywave,Foul Play,Superpower,10,10,3,50000
Raichu (Mega X),95.8,26,electric,none,106.1,81.6,63,545439,15.5,766,Volt Switch,Brick Break,Trailblaze,3,3,1,10000
Roserade,95.7,407,grass,poison,101.5,81.8,69,572886,18.5,767,Poison Sting,Weather Ball (Fire),Leaf Storm,4,7,3,50000
Piloswine (Shadow),95.6,221,ice,ground,86.6,71.2,110,678251,24,767,Powder Snow,Icicle Spear,High Horsepower,5,7,3,50000
Sableye (Mega),95.6,302,dark,ghost,79.8,117.8,78,733234,29,765,Shadow Claw,Foul Play,Dazzling Gleam,5,7,5,75000
Qwilfish (Shadow),95.4,211,water,poison,93.9,75.5,88,623872,27,766,Poison Sting,Aqua Tail,Shadow Ball,4,6,3,50000
Dragonair (Shadow),95.3,148,dragon,none,91.7,82.3,93,701863,33,803,Dragon Breath,Wrap,Aqua Tail,12,9,5,75000
Empoleon (Shadow),95.3,395,water,steel,89.6,83.7,87,652458,19,766,Metal Sound,Hydro Cannon,Drill Peck,5,5,3,10000
Greninja,95.3,658,water,dark,99.8,71.8,82,587582,21,767,Water Shuriken,Hydro Cannon,Brutal Swing,3,3,3,10000
Hippowdon (Shadow),95.3,450,ground,none,83.1,83.5,102,707763,18,767,Sand Attack,Weather Ball (Rock),Earth Power,9,13,3,50000
Snorlax,95.2,143,normal,none,77.6,73.2,133,755483,17.5,767,Psywave,Body Slam,Earthquake,10,17,5,75000
Vigoroth (Shadow),95.2,288,normal,none,83.2,81.6,104,706068,28.5,766,Scratch,Brick Break,Rock Slide,10,12,5,75000
Latios (Shadow),95.1,381,dragon,psychic,100.5,80.8,71,576548,14,761,Dragon Breath,Aura Sphere,Luster Purge,10,15,20,100000
Blaziken (Shadow),95,257,fire,fighting,103,65,85,569075,19.5,766,Ember,Aura Sphere,Blaze Kick,5,4,3,10000
Corviknight (Shadow),95,823,flying,steel,76.5,93.5,107,765344,23,768,Sand Attack,Air Cutter,Iron Head,10,13,1,10000
Feraligatr (Shadow),95,160,water,none,88.6,84,89,662374,19.5,768,Shadow Claw,Hydro Cannon,Ice Beam,5,7,3,10000
Toucannon,95,733,normal,flying,98.2,69.2,88,597999,20.5,767,Peck,Beak Blast,Drill Peck,7,5,1,10000
Vigoroth,95,288,normal,none,83.2,81.6,104,706068,28.5,766,Scratch,Body Slam,Bulldoze,10,14,5,75000
Absol (Shadow),94.9,359,dark,none,112.1,60.1,77,518765,22,766,Psycho Cut,Brutal Swing,Megahorn,4,7,5,75000
Dragonite (Shadow),94.9,149,dragon,flying,97.2,76.8,81,604662,14.5,766,Dragon Breath,Thunder Punch,Superpower,10,10,5,75000
Gallade (Shadow),94.9,475,psychic,fighting,97.7,82.7,74,597904,18,767,Psycho Cut,Leaf Blade,Sacred Sword,4,4,5,75000
Mamoswine (Shadow),94.9,473,ice,ground,97.4,62.5,99,602663,16.5,767,Powder Snow,Icicle Spear,High Horsepower,5,7,3,50000
Walrein,94.9,365,ice,water,80.5,82.2,110,727881,20.5,767,Powder Snow,Icicle Spear,Earthquake,5,9,3,50000
Swampert (Shadow),94.7,260,water,ground,88,78.1,97,666662,18.5,767,Mud Shot,Hydro Cannon,Earthquake,5,8,3,10000
Dragonite (Mega),94.6,149,dragon,flying,98.2,85.2,71,594031,11.5,767,Dragon Breath,Superpower,Thunder Punch,10,10,5,75000
Lapras,94.6,131,water,ice,74.9,82,128,786150,21.5,767,Psywave,Sparkling Aria,Ice Beam,12,14,5,75000
Melmetal,94.6,809,steel,none,86.5,75.2,104,676499,15.5,767,Thunder Shock,Double Iron Bash,Dynamic Punch,4,5,20,100000
Charizard (Shadow),94.5,6,fire,flying,95,77.9,83,614242,19,766,Ember,Blast Burn,Air Cutter,6,5,3,10000
Drilbur (Shadow),94.5,529,ground,none,112.2,65.5,114,837797,50,970,Scratch,Drill Run,Rock Tomb,10,13,3,50000
Latias,94.5,380,dragon,psychic,89.1,99.4,74,655384,16,766,Dragon Breath,Aura Sphere,Mist Ball,10,15,20,100000
Milotic (Shadow),94.5,350,water,none,81,95.8,93,721661,18.5,767,Waterfall,Aqua Tail,Wrap,4,5,5,75000
Wartortle (Shadow),94.5,8,water,none,85.6,110.6,110,1041410,47.5,947,Bite,Aqua Jet,Ice Beam,10,14,3,10000
Gliscor (Shadow),94.4,472,ground,flying,82.8,103.4,83,710606,21,767,Wing Attack,Night Slash,Acrobatics,5,7,5,75000
Kingdra,94.4,230,water,dragon,87.1,91.5,84,669451,21,766,Dragon Breath,Surf,Swift,12,9,3,50000
Persian (Shadow),94.4,53,normal,none,88.9,87.2,102,790712,36.5,841,Scratch,Night Slash,Power Gem,9,13,3,50000
Raichu (Mega Y),94.4,26,electric,none,124.8,61.1,61,465142,14.5,767,Thunder Shock,Brick Break,Trailblaze,5,5,1,10000
Regidrago,94.4,895,dragon,none,87.2,44.9,172,673428,20,767,Dragon Breath,Dragon Energy,Vise Grip,12,10,20,100000
Malamar (Mega),94.3,687,dark,psychic,84.8,94.7,85,682598,17.5,764,Psywave,Foul Play,Superpower,10,10,3,50000
Pelipper,94.3,279,water,flying,88.2,92.1,82,666104,26,768,Wing Attack,Weather Ball (Water),Hurricane,5,8,3,50000
Salamence (Shadow),94.3,373,dragon,flying,102.6,66.6,83,567152,14.5,766,Dragon Tail,Fly,Brutal Swing,4,3,5,75000
Dragonair,94.2,148,dragon,none,91.7,82.3,93,701863,33,803,Dragon Breath,Aqua Tail,Dragon Pulse,9,14,5,75000
Crustle,94.1,558,bug,rock,86.1,96.4,82,680603,22,767,Fury Cutter,X-Scissor,Rock Wrecker,10,13,1,10000
Mightyena (Shadow),94.1,262,dark,none,90.1,75.7,95,647954,29,766,Sucker Punch,Crunch,Poison Fang,7,6,1,10000
Reshiram (Shadow),94.1,643,dragon,fire,99,77.9,76,586120,13.5,766,Dragon Breath,Fusion Flare,Draco Meteor,12,17,20,100000
Seaking,94.1,119,water,none,87.2,78,99,673358,26,767,Peck,Drill Run,Icy Wind,5,6,3,50000
Annihilape (Shadow),94,979,fighting,ghost,88.3,75.3,100,664899,17,767,Low Kick,Rage Fist,Ice Punch,5,5,3,50000
Aurorus (Shadow),94,699,rock,ice,81.2,76.1,117,722980,20,767,Powder Snow,Weather Ball (Ice),Meteor Beam,5,8,5,75000
Drapion,94,452,poison,dark,84.3,97.9,84,693249,22.5,768,Poison Sting,Crunch,Aqua Tail,5,4,5,75000
Dusknoir,94,477,ghost,none,85.7,124.6,64,683406,23.5,767,Astonish,Dynamic Punch,Shadow Punch,5,4,3,50000
Barraskewda,93.9,847,water,none,114.2,61,73,508533,20.5,767,Peck,Aqua Jet,Close Combat,5,6,3,50000
Drapion (Shadow),93.9,452,poison,dark,84.3,97.9,84,693249,22.5,768,Poison Sting,Crunch,Aqua Tail,5,4,5,75000
Malamar,93.9,687,dark,psychic,83.9,83.4,99,692729,23.5,764,Psywave,Superpower,Foul Play,10,10,3,50000
Qwilfish (Hisuian),93.9,211,dark,poison,91.6,80.4,86,633359,26,765,Poison Sting,Aqua Tail,Dark Pulse,4,5,3,50000
Rapidash,93.9,78,fire,none,95.6,79.8,80,610310,22.5,767,Incinerate,Drill Run,Wild Charge,2,3,3,50000
Cramorant,93.8,845,flying,water,86.7,86.7,90,676520,26,766,Peck,Dive,Fly,5,6,3,50000
Kommo-o,93.8,784,dragon,fighting,88.5,98.6,76,663184,16.5,766,Dragon Tail,Clanging Scales,Upper Hand,4,4,5,75000
Starmie (Shadow),93.8,121,water,psychic,95.3,87.3,74,615657,21.5,767,Psywave,Aqua Jet,Power Gem,10,13,3,50000
Zweilous (Shadow),93.8,634,dark,dragon,86.6,79.2,100,685872,30.5,773,Dragon Breath,Body Slam,Dark Pulse,10,12,5,75000
Blastoise,93.7,9,water,none,80.2,98.5,93,734672,23,767,Bite,Hydro Cannon,Skull Bash,10,19,3,10000
Delphox (Shadow),93.7,655,fire,psychic,94.9,82.7,79,620010,18,767,Scratch,Psyshock,Blast Burn,10,13,3,10000
Lapras (Shadow),93.7,131,water,ice,74.9,82,128,786150,21.5,767,Psywave,Sparkling Aria,Ice Beam,12,14,5,75000
Machamp (Shadow),93.7,68,fighting,none,96.9,70.5,88,601168,18,766,Karate Chop,Cross Chop,Rock Slide,4,5,3,50000
Turtonator,93.7,776,fire,dragon,81.2,109.9,81,722834,25,767,Incinerate,Brutal Swing,Dragon Claw,2,3,5,75000
Houndoom (Shadow),93.6,229,dark,fire,99.8,69.6,84,583471,21,767,Incinerate,Foul Play,Trailblaze,2,3,3,50000
Overqwil,93.6,904,dark,poison,93.7,76.5,87,623620,18.5,766,Poison Sting,Aqua Tail,Dark Pulse,4,5,5,75000
Grumpig,93.5,326,psychic,none,81.1,94,94,716600,23.5,766,Psywave,Dynamic Punch,Shadow Ball,12,13,1,10000
Magnezone (Shadow),93.5,462,electric,steel,96.1,86.7,73,608227,17,766,Volt Switch,Wild Charge,Mirror Shot,3,3,3,50000
Raikou (Shadow),93.5,243,electric,none,95.6,78.6,80,601133,15.5,762,Thunder Shock,Wild Charge,Aura Sphere,5,5,20,100000
Walrein (Shadow),93.5,365,ice,water,80.5,82.2,110,727881,20.5,767,Powder Snow,Icicle Spear,Earthquake,5,9,3,50000
Latios,93.3,381,dragon,psychic,99.7,80.8,73,588070,14.5,766,Dragon Breath,Aura Sphere,Luster Purge,10,15,20,100000
Latios (Mega),93.3,381,dragon,psychic,107.4,79.2,64,544389,11,765,Dragon Breath,Aura Sphere,Luster Purge,10,15,20,100000
Manectric (Shadow),93.3,310,electric,none,101.9,65.3,86,572250,23.5,766,Snarl,Wild Charge,Psychic Fangs,4,3,3,50000
Morgrem,93.3,860,dark,fairy,100.2,78.7,118,930517,49.5,966,Sucker Punch,Foul Play,Play Rough,6,9,5,50000
Feraligatr,93.2,160,water,none,88.6,84,89,662374,19.5,768,Shadow Claw,Hydro Cannon,Ice Beam,5,7,3,10000
Latias (Mega),93.2,380,dragon,psychic,95.3,98.8,65,612017,11.5,766,Dragon Breath,Aura Sphere,Mist Ball,10,15,20,100000
Piloswine,93.2,221,ice,ground,86.6,71.2,110,678251,24,767,Powder Snow,Icicle Spear,High Horsepower,5,7,3,50000
Primarina,93.2,730,water,fairy,94.2,82.7,80,623227,17,767,Waterfall,Moonblast,Hydro Cannon,5,4,3,10000
Trevenant (Shadow),93.2,709,ghost,grass,91.4,74.9,94,643511,22,767,Shadow Claw,Shadow Ball,Seed Bomb,7,5,5,75000
Typhlosion (Shadow),93.2,157,fire,none,95,77.9,83,614242,19,766,Incinerate,Blast Burn,Thunder Punch,3,2,3,10000
Corviknight,93.1,823,flying,steel,76.5,93.5,107,765344,23,768,Sand Attack,Air Cutter,Iron Head,10,13,1,10000
Fearow,93.1,22,normal,flying,94.1,74.8,88,619404,28,767,Peck,Drill Peck,Drill Run,5,5,1,10000
Pawmot,93.1,923,electric,fighting,103.8,68.3,80,567163,21,767,Thunder Shock,Brick Break,Wild Charge,5,5,3,75000
Sealeo (Shadow),93.1,364,ice,water,81.4,84.3,125,857753,36,837,Powder Snow,Surf,Body Slam,6,5,3,50000
Blastoise (Shadow),93,9,water,none,80.2,98.5,93,734672,23,767,Bite,Hydro Cannon,Skull Bash,10,19,3,10000
Castform (Sunny),93,351,fire,none,85.9,92.5,111,881978,39.5,873,Ember,Weather Ball (Fire),Solar Beam,4,9,5,75000
Dragalge,93,691,poison,dragon,84.3,102.4,81,699218,23.5,768,Acid,Aqua Tail,Outrage,5,8,3,50000
Gurdurr (Shadow),93,533,fighting,none,89.7,71.6,102,655097,26,767,Low Kick,Brick Break,Stone Edge,5,7,5,75000
Muk (Alolan) (Shadow),93,89,poison,dark,82.9,79.9,105,695490,20,763,Poison Jab,Brutal Swing,Ice Punch,5,6,3,50000
Ninetales (Shadow),93,38,fire,none,81.8,97,90,714114,24.5,765,Ember,Weather Ball (Fire),Energy Ball,4,5,3,50000
Politoed (Shadow),93,186,water,none,81.6,88.9,99,718170,23,767,Mud Shot,Weather Ball (Water),Ice Beam,4,7,3,50000
Quagsire (Shadow),93,195,water,ground,79.6,80.6,115,737812,28.5,767,Mud Shot,Aqua Tail,Stone Edge,4,7,3,50000
Golurk (Shadow),92.9,623,ground,ghost,95.4,70.5,91,612039,19.5,767,Mud Slap,Shadow Punch,Dynamic Punch,4,5,5,75000
Samurott,92.9,503,water,none,91.6,72.2,97,641511,19.5,768,Fury Cutter,Hydro Cannon,Megahorn,10,14,3,10000
Victreebel (Shadow),92.9,71,grass,poison,96.7,66.9,93,601638,23,766,Sucker Punch,Leaf Blade,Acid Spray,5,7,3,50000
Aurorus,92.8,699,rock,ice,81.2,76.1,117,722980,20,767,Powder Snow,Weather Ball (Ice),Meteor Beam,5,8,5,75000
Dusclops (Shadow),92.8,356,ghost,none,79.3,153,83,1007031,42,896,Hex,Ice Punch,Shadow Punch,4,3,3,50000
Hydreigon,92.8,635,dark,dragon,97.3,74.8,83,604077,15,768,Dragon Breath,Brutal Swing,Fly,9,12,5,75000
Jumpluff (Shadow),92.8,189,grass,flying,74.2,120.4,117,1045241,40.5,882,Fairy Wind,Energy Ball,Acrobatics,5,7,3,50000
Spiritomb,92.8,442,ghost,dark,86.4,105.8,74,676443,27,766,Sucker Punch,Rock Tomb,Shadow Ball,8,8,5,75000
Cofagrigus (Shadow),92.7,563,ghost,none,79.9,118.3,78,737269,24.5,767,Shadow Claw,Shadow Ball,Energy Ball,7,6,3,50000
Conkeldurr (Shadow),92.7,534,fighting,none,95.9,67.2,95,612226,16.5,767,Force Palm,Dynamic Punch,Brutal Swing,5,4,5,75000
Empoleon,92.7,395,water,steel,89.6,83.7,87,652458,19,766,Metal Sound,Hydro Cannon,Drill Peck,5,5,3,10000
Pangoro,92.7,675,fighting,dark,95.8,67.1,95,610677,19,767,Karate Chop,Close Combat,Night Slash,5,4,3,50000
Scizor (Shadow),92.7,212,bug,steel,98.6,80.2,75,593079,18.5,768,Fury Cutter,Night Slash,Trailblaze,9,12,5,75000
Shelgon,92.7,372,dragon,none,88.2,85.2,88,661288,27.5,766,Dragon Breath,Twister,Flamethrower,10,14,5,75000
Axew (Shadow),92.6,610,dragon,none,111,76.9,96,819446,49,959,Scratch,Aqua Tail,Dragon Claw,9,13,5,75000
Delphox (Mega),92.6,655,fire,psychic,108.9,80.7,61,536082,11.5,767,Scratch,Blast Burn,Psyshock,13,10,3,10000
Emolga,92.6,587,electric,flying,97.3,84.1,95,777378,39.5,871,Thunder Shock,Acrobatics,Discharge,7,5,1,10000
Muk (Alolan),92.6,89,poison,dark,82.9,79.9,105,695490,20,763,Poison Jab,Brutal Swing,Ice Punch,5,6,3,50000
Ninetales,92.6,38,fire,none,81.8,97,90,714114,24.5,765,Ember,Weather Ball (Fire),Energy Ball,4,5,3,50000
Urshifu (Single Strike),92.6,892,fighting,dark,97.7,70,86,588154,15,762,Sucker Punch,Brick Break,Dynamic Punch,6,7,20,100000
Weezing (Galarian) (Shadow),92.6,110,poison,fairy,84.2,99.8,83,697462,24.5,767,Fairy Wind,Sludge,Brutal Swing,5,4,3,50000
Bombirdier,92.5,962,flying,dark,91.4,83.8,83,635724,22,766,Sucker Punch,Fly,Drill Run,7,6,5,75000
Golisopod,92.5,768,bug,water,88.7,96.3,77,657719,17.5,767,Fury Cutter,X-Scissor,Aqua Jet,10,10,1,10000
Hippowdon,92.5,450,ground,none,83.1,83.5,102,707763,18,767,Sand Attack,Weather Ball (Rock),Earth Power,9,13,3,50000
Wartortle,92.5,8,water,none,85.6,110.6,110,1041410,47.5,947,Bite,Aqua Jet,Ice Beam,10,14,3,10000
Croconaw (Shadow),92.4,159,water,none,87.7,89.4,100,784038,35.5,832,Scratch,Ice Punch,Water Pulse,10,13,3,10000
Doublade,92.4,680,steel,ghost,87.9,100.2,76,669376,22.5,768,Shadow Claw,Sacred Sword,Iron Head,5,7,5,75000
Florges,92.3,671,fairy,none,85.9,101.3,78,678730,17,767,Fairy Wind,Chilling Water,Disarming Voice,5,5,3,50000
Persian,92.3,53,normal,none,88.9,87.2,102,790712,36.5,841,Scratch,Night Slash,Power Gem,9,13,3,50000
Sableye,92.3,302,dark,ghost,95,98.9,99,930155,47,942,Shadow Claw,Foul Play,Power Gem,5,7,5,75000
Thievul,92.3,828,dark,none,85.8,87.2,91,680840,26,764,Sucker Punch,Night Slash,Icy Wind,5,7,1,10000
Araquanid,92.2,752,water,bug,70.8,126.5,98,877708,32,792,Infestation,Water Pulse,Mirror Coat,5,4,3,50000
Dartrix,92.2,723,grass,flying,84.3,86.6,115,839544,36.5,842,Peck,Brave Bird,Energy Ball,7,6,3,10000
Goodra,92.2,706,dragon,none,85.6,95.9,83,681350,16,767,Dragon Breath,Aqua Tail,Thunder Punch,9,10,5,75000
Honchkrow,92.2,430,dark,flying,107.3,49.3,103,544859,20.5,767,Peck,Brave Bird,Dark Pulse,7,6,3,50000
Marowak (Alolan) (Shadow),92.2,105,fire,ghost,79.4,107.8,90,770339,31.5,784,Fire Spin,Shadow Bone,Bone Club,5,4,3,50000
Sliggoo,92.2,705,dragon,none,81.7,95.7,92,719319,27.5,767,Dragon Breath,Body Slam,Dragon Pulse,10,14,5,75000
Trumbeak (Shadow),92.2,732,normal,flying,105.6,74.5,104,818189,46,931,Peck,Drill Peck,Rock Blast,5,5,1,10000
Grimmsnarl,92.1,861,dark,fairy,97.5,65,95,602063,19.5,767,Sucker Punch,Foul Play,Draining Kiss,6,8,5,50000
Aerodactyl (Shadow),92,142,rock,flying,96.2,73.9,85,604280,20,766,Dragon Breath,Rock Slide,Brutal Swing,12,9,5,75000
Blaziken,92,257,fire,fighting,103,65,85,569075,19.5,766,Ember,Aura Sphere,Blast Burn,5,6,3,10000
Dunsparce,92,206,normal,none,79,83.7,139,919110,37.5,852,Bite,Drill Run,Rock Slide,10,12,3,50000
Gengar (Shadow),92,94,ghost,poison,110.4,68.3,70,527822,19,765,Shadow Claw,Shadow Punch,Dark Pulse,5,6,3,50000
Grumpig (Shadow),92,326,psychic,none,81.1,94,94,716600,23.5,766,Psywave,Dynamic Punch,Mirror Coat,12,12,1,10000
Kabuto (Shadow),92,140,rock,water,107.7,103.7,76,848805,49,961,Scratch,Aqua Jet,Rock Tomb,10,13,5,75000
Togedemaru,92,777,electric,steel,94.6,76.7,85,616745,25.5,767,Thunder Shock,Fell Stinger,Wild Charge,4,5,3,50000
Tyranitar (Shadow),92,248,rock,dark,92.8,79.7,85,628674,14.5,767,Dragon Breath,Brutal Swing,Stone Edge,9,14,5,75000
Ursaring,92,217,normal,none,99.9,65.4,90,588011,18.5,767,Shadow Claw,Close Combat,Swift,6,5,3,50000
Ampharos (Shadow),91.9,181,electric,none,90.7,77.2,92,644188,19.5,766,Volt Switch,Brutal Swing,Trailblaze,3,3,5,75000
Annihilape,91.9,979,fighting,ghost,88.3,75.3,100,664899,17,767,Low Kick,Rage Fist,Ice Punch,5,5,3,50000
Drampa,91.9,780,normal,dragon,97.9,74.6,82,598874,19,767,Dragon Breath,Swift,Dragon Pulse,9,14,5,75000
Dusclops,91.9,356,ghost,none,79.3,153,83,1007031,42,896,Hex,Ice Punch,Shadow Punch,4,3,3,50000
Starmie (Mega),91.9,121,water,psychic,103.6,88.8,61,561180,15,767,Psywave,Ice Beam,Power Gem,14,13,3,50000
Gligar (Shadow),91.8,207,ground,flying,78.2,104.8,94,770364,31,779,Wing Attack,Night Slash,Dig,5,7,5,75000
Nidoking (Shadow),91.8,34,poison,ground,92.6,75.3,91,634523,21.5,767,Poison Sting,Avalanche,Earth Power,5,6,3,50000
Sealeo,91.8,364,ice,water,81.4,84.3,125,857753,36,837,Powder Snow,Surf,Body Slam,6,5,3,50000
Croconaw,91.7,159,water,none,87.7,89.4,100,784038,35.5,832,Scratch,Ice Punch,Water Pulse,10,13,3,10000
Mismagius (Shadow),91.7,429,ghost,none,94.2,88.5,74,616916,21,764,Psywave,Shadow Ball,Mystical Fire,13,12,3,50000
Solrock,91.7,338,rock,psychic,85.2,77.7,103,681864,24,765,Psywave,Weather Ball (Fire),Rock Slide,9,12,3,50000
Abomasnow (Shadow),91.6,460,grass,ice,84.3,80.1,102,688748,23.5,765,Powder Snow,Weather Ball (Ice),Energy Ball,5,6,3,50000
Araquanid (Shadow),91.6,752,water,bug,70.8,126.5,98,877708,32,792,Infestation,Water Pulse,Mirror Coat,5,4,3,50000
Corsola (Galarian),91.6,222,ghost,none,79,129.7,111,1137339,47.5,949,Astonish,Night Shade,Power Gem,5,5,3,50000
Dewott,91.6,502,water,none,91,74.1,110,741741,35,824,Fury Cutter,Aqua Tail,X-Scissor,9,10,3,10000
Garchomp (Shadow),91.6,445,dragon,ground,94.8,72.6,90,619423,14,767,Dragon Tail,Twister,Sand Tomb,4,4,5,75000
Miltank,91.6,241,normal,none,75.4,96.4,107,777736,24,768,Rollout,Body Slam,High Horsepower,4,5,5,75000
Snorlax (Shadow),91.6,143,normal,none,77.6,73.2,133,755483,17.5,767,Psywave,Body Slam,Superpower,10,10,5,75000
Arcanine (Shadow),91.5,59,fire,none,94.5,73.4,89,617331,18,766,Bite,Wild Charge,Psychic Fangs,12,9,3,50000
Honchkrow (Shadow),91.5,430,dark,flying,107.3,49.3,103,544859,20.5,767,Peck,Brave Bird,Dark Pulse,7,6,3,50000
Mantine,91.5,226,water,flying,75.5,119.2,86,773966,27,768,Wing Attack,Twister,Water Pulse,5,7,5,75000
Squawkabilly,91.5,931,normal,flying,95.6,60.7,105,609307,28,763,Peck,Brave Bird,Fly,7,6,3,75000
Togekiss,91.5,468,fairy,flying,88.9,90.1,82,656811,16.5,767,Peck,Psyshock,Aura Sphere,5,5,3,50000
Teddiursa (Shadow),91.4,216,normal,none,105.6,72.6,114,873988,49.5,961,Scratch,Swift,Cross Chop,9,9,3,50000
Aromatisse,91.3,683,fairy,none,82.9,76.8,111,706706,24,768,Fairy Wind,Moonblast,Psyshock,6,5,3,50000
Flygon (Shadow),91.3,330,ground,dragon,91.5,78.4,89,638450,21,767,Dragon Tail,Sand Tomb,Twister,4,4,5,75000
Nidoqueen (Shadow),91.3,31,poison,ground,83.4,84.8,99,700160,22.5,766,Mud Slap,Earth Power,Poison Fang,5,4,3,50000
Oinkologne (Female),91.3,916,normal,none,78.4,79.8,120,750758,22.5,767,Take Down,Body Slam,Trailblaze,5,5,1,10000
Blaziken (Mega),91.2,257,fire,fighting,115.1,63.1,70,508397,13,766,Ember,Aura Sphere,Blaze Kick,5,4,3,10000
Ledian (Shadow),91.2,166,bug,flying,81.4,130.4,107,1135758,49.5,963,Rollout,Dynamic Punch,Acrobatics,4,5,1,10000
Zapdos (Shadow),91.1,145,electric,flying,98.8,74,80,584896,15,761,Thunder Shock,Drill Peck,Heat Wave,5,5,20,100000
Altaria,91,334,dragon,flying,74,108.7,98,788292,28.5,767,Dragon Breath,Moonblast,Flamethrower,13,14,1,10000
Moltres (Galarian),91,146,dark,flying,82.4,96.3,88,698291,17.5,761,Sucker Punch,Fly,Brave Bird,7,8,20,100000
Quagsire,91,195,water,ground,79.6,80.6,115,737812,28.5,767,Mud Shot,Aqua Tail,Stone Edge,4,7,3,50000
Altaria (Shadow),90.9,334,dragon,flying,74,108.7,98,788292,28.5,767,Dragon Breath,Moonblast,Flamethrower,13,14,1,10000
Gyarados,90.9,130,water,flying,93.6,77.6,86,624649,16.5,766,Dragon Breath,Aqua Tail,Twister,9,10,1,10000
Mamoswine,90.9,473,ice,ground,97.4,62.5,99,602663,16.5,767,Powder Snow,Icicle Spear,High Horsepower,5,7,3,50000
Marowak (Shadow),90.9,105,ground,none,79.4,107.8,90,770339,31.5,784,Mud Slap,Bone Club,Rock Slide,4,5,3,50000
Metang (Shadow),90.9,375,steel,psychic,81.4,108.9,96,850988,36,836,Fury Cutter,Psyshock,Gyro Ball,10,13,5,75000
Stunfisk (Galarian),90.9,618,ground,steel,72.6,90.6,123,809040,26,767,Mud Shot,Rock Slide,Earthquake,5,8,5,75000
Zweilous,90.9,634,dark,dragon,86.6,79.2,100,685872,30.5,773,Dragon Breath,Body Slam,Dark Pulse,10,12,5,75000
Beedrill (Mega),90.8,15,bug,poison,118.1,61.9,68,497107,16,766,Infestation,Drill Run,Sludge Bomb,4,5,1,10000
Delphox,90.8,655,fire,psychic,94.9,82.7,79,620010,18,767,Scratch,Psyshock,Blast Burn,10,13,3,10000
Magmortar (Shadow),90.8,467,fire,none,100.7,74.8,77,579992,17.5,767,Karate Chop,Fire Punch,Thunderbolt,5,7,5,75000
Swampert,90.8,260,water,ground,88,78.1,97,666662,18.5,767,Mud Shot,Hydro Cannon,Earthquake,5,8,3,10000
Vikavolt (Shadow),90.8,738,bug,electric,103.1,69.2,79,563627,17.5,765,Volt Switch,X-Scissor,Discharge,3,3,1,10000
Dewott (Shadow),90.7,502,water,none,92.2,74.1,108,737858,35,826,Fury Cutter,Aqua Tail,X-Scissor,9,10,3,10000
Furret,90.7,162,normal,none,85.3,78,118,785101,34.5,820,Sucker Punch,Swift,Trailblaze,5,7,1,10000
Houndoom (Mega),90.7,229,dark,fire,106.6,74.6,69,548713,14.5,767,Incinerate,Foul Play,Trailblaze,2,3,3,50000
Machamp,90.7,68,fighting,none,96.9,70.5,88,601168,18,766,Karate Chop,Cross Chop,Rock Slide,4,5,3,50000
Marowak,90.7,105,ground,none,79.4,107.8,90,770339,31.5,784,Mud Slap,Bone Club,Rock Slide,4,5,3,50000
Skarmory (Shadow),90.7,227,steel,flying,75.5,119.2,86,773966,27,768,Air Slash,Brave Bird,Drill Run,7,5,5,75000
Charizard (Mega Y),90.6,6,fire,flying,108.3,75.1,66,536800,12,765,Ember,Blast Burn,Air Cutter,6,5,3,10000
Milotic,90.6,350,water,none,81,95.8,93,721661,18.5,767,Waterfall,Aqua Tail,Wrap,4,5,5,75000
Rufflet,90.6,627,normal,flying,100.4,73,120,879504,46.5,941,Peck,Brave Bird,Fly,7,6,5,75000
Swampert (Mega),90.6,260,water,ground,97,77.7,80,602952,12.5,766,Mud Shot,Hydro Cannon,Earthquake,5,8,3,10000
Zebstrika (Shadow),90.6,523,electric,none,98.5,68.3,88,592024,23,767,Low Kick,Wild Charge,Discharge,6,5,3,50000
Dondozo,90.5,977,water,none,74.8,78.5,133,780949,18.5,767,Waterfall,Surf,Outrage,5,6,5,75000
Lokix,90.5,920,bug,dark,95,74.4,87,614916,24,767,Sucker Punch,X-Scissor,Trailblaze,6,7,1,50000
Magnezone,90.5,462,electric,steel,96.1,86.7,73,608227,17,766,Volt Switch,Wild Charge,Mirror Shot,3,3,3,50000
Ninetales (Alolan) (Shadow),90.5,38,ice,fairy,81.9,97.4,89,709958,24,766,Powder Snow,Weather Ball (Ice),Chilling Water,5,6,3,50000
Quaquaval,90.5,914,water,fighting,98.5,70.5,85,590261,18,767,Low Kick,Close Combat,Hydro Cannon,6,5,3,10000
Qwilfish,90.5,211,water,poison,93.9,75.5,88,623872,27,766,Poison Sting,Aqua Tail,Shadow Ball,4,6,3,50000
Dhelmise,90.4,781,ghost,grass,100,78.2,75,586500,20,767,Shadow Claw,Power Whip,Brutal Swing,7,5,5,50000
Fletchinder (Shadow),90.4,662,fire,flying,98.1,81.7,113,905669,47.5,946,Peck,Fly,Heat Wave,6,6,1,10000
Gyarados (Shadow),90.4,130,water,flying,93.6,77.6,86,624649,16.5,766,Dragon Breath,Aqua Tail,Twister,9,10,1,10000
Volbeat,90.4,313,bug,none,81.9,100.1,97,795224,33.5,810,Infestation,Lunge,Thunderbolt,4,5,3,50000
Amaura (Shadow),90.3,698,rock,ice,91.9,83.8,133,1024262,50,970,Powder Snow,Weather Ball (Ice),Thunderbolt,5,7,5,75000
Arctibax,90.3,997,dragon,ice,87.9,70.5,108,669271,27,767,Dragon Breath,Avalanche,Dragon Claw,12,13,5,75000
Dubwool,90.3,832,normal,none,79.1,102.3,91,736366,25.5,766,Take Down,Body Slam,Wild Charge,5,5,3,10000
Froslass (Shadow),90.3,478,ice,ghost,87.7,82.2,93,670431,27.5,767,Powder Snow,Avalanche,Shadow Ball,6,7,3,50000
Gliscor,90.3,472,ground,flying,82.8,103.4,83,710606,21,767,Wing Attack,Night Slash,Acrobatics,5,7,5,75000
Guzzlord,90.3,799,dark,dragon,81,47.3,189,724116,19.5,767,Dragon Tail,Brutal Swing,Sludge Bomb,3,5,20,100000
Haxorus (Shadow),90.3,612,dragon,none,108.4,68.1,73,538889,15.5,767,Dragon Tail,Night Slash,Surf,3,4,5,75000
Lunatone,90.3,337,rock,psychic,85.2,77.7,103,681864,24,765,Psywave,Weather Ball (Ice),Rock Slide,9,12,3,50000
Luxray (Shadow),90.3,405,electric,none,98.7,70.8,85,593977,19,767,Spark,Wild Charge,Psychic Fangs,7,5,5,75000
Victreebel,90.3,71,grass,poison,96.7,66.9,93,601638,23,766,Sucker Punch,Leaf Blade,Sludge Bomb,5,8,3,50000
Gligar,90.2,207,ground,flying,78.2,104.8,94,770364,31,779,Wing Attack,Night Slash,Dig,5,7,5,75000
Primeape (Shadow),90.2,57,fighting,none,99.3,71.6,83,590120,24,766,Karate Chop,Rage Fist,Ice Punch,5,5,3,50000
Starmie,90.2,121,water,psychic,95.3,87.3,74,615657,21.5,767,Psywave,Aqua Jet,Power Gem,10,13,3,50000
Kabutops,90.1,141,rock,water,96.9,85.7,73,606216,20.5,767,Fury Cutter,Aqua Jet,Stone Edge,10,14,5,75000
Klefki,90.1,707,steel,fairy,84.4,98.3,83,688611,29,766,Astonish,Foul Play,Draining Kiss,4,6,3,50000
Mightyena,90.1,262,dark,none,90.1,75.7,95,647954,29,766,Sucker Punch,Crunch,Poison Fang,7,6,1,10000
Sylveon,90.1,700,fairy,none,83.9,89.2,93,696001,18,767,Fairy Wind,Psyshock,Draining Kiss,5,7,5,75000
Toxtricity,90.1,849,electric,poison,101,68.2,84,578609,21.5,767,Acid,Wild Charge,Swift,6,5,5,75000
Zeraora,90.1,807,electric,none,98.9,72.2,81,578387,15.5,759,Volt Switch,Plasma Fists,Dynamic Punch,3,3,20,100000
Houndoom,90,229,dark,fire,99.8,69.6,84,583471,21,767,Incinerate,Foul Play,Trailblaze,2,3,3,50000
Ledian,90,166,bug,flying,81.4,130.4,107,1135758,49.5,963,Rollout,Dynamic Punch,Acrobatics,4,5,1,10000
Murkrow,90,198,dark,flying,110.1,62.4,104,714505,41,887,Peck,Drill Peck,Foul Play,5,5,3,50000
Absol (Mega),89.9,359,dark,none,123.8,55.9,68,470589,16.5,767,Psycho Cut,Brutal Swing,Megahorn,4,7,5,75000
Aipom (Shadow),89.9,190,normal,none,100,85.8,108,926640,50,966,Scratch,Swift,Aerial Ace,9,12,3,50000
Crawdaunt (Shadow),89.9,342,water,dark,103.5,70.4,77,561053,22,767,Waterfall,Night Slash,Scald,4,5,3,50000
Dewgong,89.9,87,water,ice,73,98,112,801248,28.5,766,Ice Shard,Icy Wind,Drill Run,5,4,3,50000
Gallade,89.9,475,psychic,fighting,97.7,82.7,74,597904,18,767,Psycho Cut,Leaf Blade,Sacred Sword,4,4,5,75000
Lickilicky,89.9,463,normal,none,75.6,89.8,114,773932,23,767,Rollout,Body Slam,Shadow Ball,4,4,3,50000
Magnemite (Shadow),89.9,81,electric,steel,118.4,91,72,775757,49,959,Volt Switch,Magnet Bomb,Discharge,3,3,3,50000
Raichu,89.9,26,electric,none,95.5,79.1,81,611878,25.5,767,Volt Switch,Volt Tackle,Trailblaze,3,3,1,10000
Raikou,89.9,243,electric,none,94.4,79.1,83,619764,16,766,Thunder Shock,Wild Charge,Aura Sphere,5,5,20,100000
Rhyperior (Shadow),89.9,464,ground,rock,90.7,74.8,95,644514,15,767,Mud Slap,Drill Run,Rock Wrecker,4,5,3,50000
Skarmory,89.9,227,steel,flying,75.5,119.2,86,773966,27,768,Air Slash,Brave Bird,Drill Run,7,5,5,75000
Tinkaton,89.9,959,fairy,steel,76,100.8,101,773741,25,767,Fairy Wind,Gigaton Hammer,Bulldoze,7,7,3,75000
Clefable,89.8,36,fairy,none,83.4,80.2,105,702311,23,766,Fairy Wind,Moonblast,Meteor Mash,6,5,1,10000
Clodsire,89.8,980,poison,ground,68,85.6,148,861478,29.5,768,Poison Sting,Earthquake,Stone Edge,8,7,3,50000
Cradily,89.8,346,rock,grass,75.3,100.4,103,778692,25.5,766,Acid,Rock Tomb,Grass Knot,7,7,3,50000
Gigalith (Shadow),89.8,526,rock,none,91,84.7,83,639739,17,767,Lock On,Superpower,Meteor Beam,8,12,3,50000
Jumpluff,89.8,189,grass,flying,74.2,120.4,117,1045241,40.5,882,Fairy Wind,Energy Ball,Acrobatics,5,7,3,50000
Nidoqueen,89.8,31,poison,ground,83.4,84.8,99,700160,22.5,766,Mud Slap,Earth Power,Poison Fang,5,4,3,50000
Samurott (Hisuian),89.8,503,water,dark,94.9,69.2,94,617306,20,767,Fury Cutter,Sacred Sword,Dark Pulse,9,12,3,10000
Galvantula (Shadow),89.7,596,bug,electric,98.9,69,87,593697,25.5,768,Volt Switch,Discharge,Lunge,3,3,3,50000
Greedent,89.7,820,normal,none,76.4,79.2,126,762411,23.5,766,Bite,Body Slam,Trailblaze,10,12,1,10000
Hakamo-o,89.7,783,dragon,fighting,86.6,101.6,92,809468,36.5,841,Dragon Tail,Brick Break,Rock Tomb,4,5,5,75000
Maushold,89.7,925,normal,none,83.2,87.2,97,703739,28.5,766,Take Down,Swift,Crunch,4,5,1,10000
Rayquaza,89.7,384,dragon,flying,105.5,64,82,553664,14.5,767,Dragon Tail,Breaking Swipe,Dragon Ascent,5,4,20,100000
Sandslash (Alolan),89.7,28,ice,steel,83,95.3,89,703981,23,767,Powder Snow,Ice Punch,Drill Run,5,5,3,50000
Scizor,89.7,212,bug,steel,98.6,80.2,75,593079,18.5,768,Fury Cutter,Night Slash,Trailblaze,9,12,5,75000
Weezing (Galarian),89.7,110,poison,fairy,84.2,99.8,83,697462,24.5,767,Fairy Wind,Sludge,Brutal Swing,5,4,3,50000
Bellossom (Shadow),89.6,182,grass,none,82.3,94.6,91,708488,24.5,766,Acid,Leaf Blade,Dazzling Gleam,5,7,3,50000
Camerupt (Shadow),89.6,323,fire,ground,95.5,71.9,89,611114,25.5,767,Incinerate,Earth Power,Rock Tomb,3,3,3,50000
Electivire,89.6,466,electric,none,102.6,72.2,77,570394,18,766,Thunder Shock,Ice Punch,Wild Charge,5,5,5,75000
Giratina (Altered) (Shadow),89.6,487,ghost,dragon,75.3,89.4,114,767427,16,761,Dragon Breath,Dragon Claw,Shadow Sneak,13,13,20,100000
Kilowattrel,89.6,941,electric,flying,102.4,66.2,84,569426,22.5,767,Thunder Shock,Acrobatics,Aerial Ace,7,5,1,10000
Ludicolo,89.6,272,water,grass,83.3,88.5,95,700345,24,767,Astonish,Weather Ball (Water),Energy Ball,4,5,3,50000
Politoed,89.6,186,water,none,81.6,88.9,99,718170,23,767,Mud Shot,Weather Ball (Water),Ice Beam,4,7,3,50000
Raichu (Alolan),89.6,26,electric,psychic,96.9,78.7,79,602456,24,766,Volt Switch,Volt Tackle,Psyshock,3,3,1,10000
Ariados,89.5,168,bug,poison,91.3,76.3,102,710551,33.5,808,Poison Sting,Lunge,Foul Play,5,5,1,10000
Charizard,89.4,6,fire,flying,95,77.9,83,614242,19,766,Ember,Blast Burn,Air Cutter,6,5,3,10000
Gyarados (Mega),89.4,130,water,dark,96.2,84.9,74,604386,11.5,765,Dragon Breath,Aqua Tail,Crunch,9,12,1,10000
Staravia (Shadow),89.4,397,normal,flying,106.1,73.7,108,844514,50,949,Wing Attack,Brave Bird,Fly,7,6,1,10000
Articuno,89.3,144,ice,flying,80.6,99.9,90,724675,18.5,765,Powder Snow,Icy Wind,Hurricane,6,8,20,100000
Conkeldurr,89.3,534,fighting,none,95.9,67.2,95,612226,16.5,767,Force Palm,Dynamic Punch,Brutal Swing,5,4,5,75000
Linoone,89.3,264,normal,none,86.6,84.8,116,851867,38.5,861,Shadow Claw,Swift,Grass Knot,5,7,1,10000
Persian (Alolan),89.3,53,dark,none,90.3,83,98,734500,34,814,Scratch,Foul Play,Play Rough,10,15,3,50000
Sandslash (Alolan) (Shadow),89.3,28,ice,steel,83,95.3,89,703981,23,767,Powder Snow,Ice Punch,Drill Run,5,5,3,50000
Seismitoad,89.3,537,water,ground,86.1,72.2,110,683806,22,767,Mud Shot,Earth Power,Icy Wind,6,5,3,50000
Togetic,89.3,176,fairy,flying,82.6,112.6,92,855670,36.5,841,Fairy Wind,Heat Wave,Draining Kiss,5,7,3,50000
Typhlosion,89.3,157,fire,none,95,77.9,83,614242,19,766,Incinerate,Blast Burn,Thunder Punch,3,2,3,10000
Absol,89.2,359,dark,none,112.1,60.1,77,518765,22,766,Psycho Cut,Brutal Swing,Megahorn,4,7,5,75000
Bellibolt,89.2,939,electric,none,82.3,78.8,110,713376,21,767,Thunder Shock,Zap Cannon,Parabolic Charge,9,6,1,50000
Charjabug (Shadow),89.2,737,bug,electric,86,101,94,816484,36.5,841,Volt Switch,X-Scissor,Discharge,3,3,1,10000
Timburr (Shadow),89.2,532,fighting,none,100.7,68.9,132,915846,50,961,Low Kick,Brick Break,Rock Tomb,5,7,5,75000
Venomoth (Shadow),89.2,49,bug,poison,90.9,77,92,643936,27,766,Infestation,Poison Fang,Silver Wind,4,4,3,50000
Abomasnow,89.1,460,grass,ice,84.3,80.1,102,688748,23.5,765,Powder Snow,Weather Ball (Ice),Energy Ball,5,6,3,50000
Barbaracle,89.1,689,rock,water,86.5,95.2,82,675254,20.5,767,Fury Cutter,Cross Chop,Stone Edge,9,14,3,50000
Cofagrigus,89.1,563,ghost,none,79.9,118.3,78,737269,24.5,767,Shadow Claw,Shadow Ball,Energy Ball,7,6,3,50000
Emboar (Shadow),89.1,500,fire,fighting,98.6,57.5,105,595298,18.5,767,Low Kick,Blast Burn,Heat Wave,7,6,3,10000
Machoke (Shadow),89.1,67,fighting,none,90.7,69.7,102,644823,27.5,767,Karate Chop,Cross Chop,Dynamic Punch,4,5,3,50000
Mandibuzz,89.1,630,dark,flying,65.9,108.2,125,891298,26.5,768,Snarl,Dark Pulse,Shadow Ball,4,4,5,75000
Mawile (Shadow),89.1,303,steel,fairy,94.9,91.9,90,784918,39,866,Fairy Wind,Vise Grip,Iron Head,5,6,5,75000
Arbok (Shadow),89,24,poison,none,88.5,85.9,87,661387,29,767,Acid,Brutal Swing,Wrap,5,6,3,50000
Medicham,89,308,fighting,psychic,85.6,111.7,113,1080452,49,962,Psycho Cut,Ice Punch,Dynamic Punch,5,5,3,50000
Pinsir (Shadow),89,127,bug,none,99.9,80.6,73,587792,18.5,766,Fury Cutter,Close Combat,X-Scissor,12,10,5,75000
Umbreon,89,197,dark,none,64.6,126.6,111,907798,27,767,Snarl,Dark Pulse,Last Resort,4,5,5,75000
Magcargo,88.9,219,fire,rock,83.1,117.2,87,847321,36.5,843,Ember,Rock Tomb,Overheat,6,7,1,10000
Orthworm,88.9,968,steel,none,78,110.2,87,747817,24.5,766,Mud Slap,Rock Tomb,Iron Head,5,5,5,75000
Armaldo (Shadow),88.8,348,rock,bug,95.8,78.1,82,613522,19.5,767,Fury Cutter,Rock Blast,Liquidation,10,12,3,50000
Electrode (Hisuian),88.8,101,electric,grass,88.2,92.1,82,666104,26,768,Thunder Shock,Wild Charge,Energy Ball,5,5,3,50000
Golurk,88.8,623,ground,ghost,95.4,70.5,91,612039,19.5,767,Mud Slap,Shadow Punch,Dynamic Punch,4,5,5,75000
Altaria (Mega),88.7,334,dragon,fairy,90.3,91.9,78,647288,17.5,766,Dragon Breath,Moonblast,Flamethrower,13,14,1,10000
Camerupt,88.7,323,fire,ground,95.5,71.9,89,611114,25.5,767,Incinerate,Earth Power,Rock Tomb,3,3,3,50000
Castform (Rainy),88.7,351,water,none,85.9,92.5,111,881978,39.5,873,Water Gun,Weather Ball (Water),Thunder,12,20,5,75000
Jellicent,88.7,593,water,ghost,76.3,90.4,111,765625,24,767,Hex,Surf,Shadow Ball,4,4,3,50000
Ninetales (Alolan),88.7,38,ice,fairy,81.9,97.4,89,709958,24,766,Powder Snow,Weather Ball (Ice),Chilling Water,5,6,3,50000
Wailmer (Shadow),88.7,320,water,none,93.2,54.6,193,982123,48.5,957,Rollout,Scald,Body Slam,4,4,1,10000
Luxray,88.6,405,electric,none,98.7,70.8,85,593977,19,767,Spark,Wild Charge,Psychic Fangs,7,5,5,75000
Hitmonlee (Shadow),88.5,106,fighting,none,101.5,85.1,67,578723,21.5,768,Low Kick,Blaze Kick,Brick Break,5,5,5,75000
Kartana,88.5,798,grass,steel,121,71.1,56,481774,15,767,Fury Cutter,Leaf Blade,Sacred Sword,9,9,20,100000
Salazzle,88.5,758,poison,fire,105.2,65.3,81,556434,22.5,767,Incinerate,Poison Fang,Dragon Pulse,2,3,3,50000
Swanna (Shadow),88.5,581,water,flying,92,72.3,95,631902,26.5,766,Gust,Aqua Jet,Fly,3,4,3,50000
Amoonguss (Shadow),88.4,591,grass,poison,78.2,75.8,126,746873,26.5,767,Astonish,Grass Knot,Foul Play,5,4,3,50000
Diggersby (Shadow),88.4,660,normal,ground,76,111.4,138,1168363,47,945,Mud Shot,Scorching Sands,Fire Punch,6,5,1,10000
Garchomp (Mega),88.4,445,dragon,ground,104,71,76,561184,10,767,Dragon Tail,Twister,Sand Tomb,4,4,5,75000
Girafarig (Shadow),88.4,203,normal,psychic,93.2,72.7,93,630135,27.5,767,Confusion,Psychic Fangs,Trailblaze,3,4,3,50000
Poliwrath,88.4,62,water,fighting,82.9,87.3,98,709243,21.5,767,Mud Shot,Icy Wind,Dynamic Punch,5,5,3,50000
Scizor (Mega),88.4,212,bug,steel,99.4,91.3,65,589889,13.5,767,Fury Cutter,Night Slash,Trailblaze,9,12,5,75000
Sirfetch'd,88.4,865,fighting,none,103.6,77.3,71,568588,18.5,767,Fury Cutter,Leaf Blade,Close Combat,9,12,3,50000
Trevenant,88.4,709,ghost,grass,91.4,74.9,94,643511,22,767,Shadow Claw,Seed Bomb,Shadow Ball,5,7,5,75000
Venusaur (Shadow),88.4,3,grass,poison,87.4,87.4,88,672211,20.5,767,Vine Whip,Frenzy Plant,Sludge,6,5,3,10000
Vibrava (Shadow),88.4,329,ground,dragon,100.7,77,102,790898,50,895,Dragon Breath,Sand Tomb,Bulldoze,12,14,5,75000
Ampharos (Mega),88.3,181,electric,dragon,102.7,75.1,74,570745,13,767,Volt Switch,Brutal Swing,Trailblaze,3,3,5,75000
Drifblim (Shadow),88.3,426,ghost,flying,85.2,54.2,149,688058,23.5,767,Astonish,Icy Wind,Shadow Ball,5,5,5,75000
Lumineon,88.3,457,water,none,79.5,100.2,100,796590,32.5,797,Gust,Aqua Tail,Silver Wind,3,4,3,50000
Pawniard,88.3,624,dark,steel,105.7,86.3,95,866581,49,960,Fury Cutter,Night Slash,Iron Head,9,13,5,75000
Runerigus,88.3,867,ground,ghost,79.9,118.3,78,737269,24.5,767,Shadow Claw,Shadow Ball,Rock Tomb,7,7,3,50000
Tyranitar,88.3,248,rock,dark,92.8,79.7,85,628674,14.5,767,Dragon Breath,Brutal Swing,Stone Edge,9,14,5,75000
Cetitan,88.2,975,ice,none,86,55.1,144,682358,18,767,Powder Snow,Icicle Spear,Superpower,5,5,3,50000
Heracross,88.2,214,bug,fighting,96.3,77.6,81,605303,17.5,768,Fury Cutter,Upper Hand,Rock Tomb,10,13,3,50000
Skarmory (Mega),88.2,227,steel,flying,101.9,88.1,64,574553,14.5,767,Air Slash,Brave Bird,Drill Run,7,5,5,75000
Xatu (Shadow),88.2,178,psychic,flying,94.6,77.2,85,620765,25.5,768,Peck,Psyshock,Aerial Ace,5,6,3,50000
Baxcalibur,88.1,998,dragon,ice,97.1,68.5,91,605273,15.5,768,Dragon Breath,Glaive Rush,Avalanche,10,12,5,75000
Staraptor,88.1,398,normal,flying,100.4,65,89,580814,19.5,765,Wing Attack,Fly,Close Combat,6,6,1,10000
Zebstrika,88.1,523,electric,none,98.5,68.3,88,592024,23,767,Low Kick,Wild Charge,Flame Charge,6,7,3,50000
Abomasnow (Mega),88,460,grass,ice,93.7,78.7,84,619432,16,765,Powder Snow,Weather Ball (Ice),Energy Ball,5,6,3,50000
Armarouge,88,936,fire,psychic,94.6,78.4,83,615581,17,767,Incinerate,Psyshock,Heat Wave,2,3,5,50000
Dedenne,88,702,electric,fairy,89,78,95,659490,30,766,Thunder Shock,Discharge,Play Rough,5,7,3,50000
Metang,88,375,steel,psychic,81.4,108.9,96,850988,36,836,Fury Cutter,Psyshock,Gyro Ball,10,13,5,75000
Poliwrath (Shadow),88,62,water,fighting,82.9,87.3,98,709243,21.5,767,Mud Shot,Icy Wind,Dynamic Punch,5,5,3,50000
Salamence (Mega),88,373,dragon,flying,99.5,82.1,72,588164,11,766,Dragon Tail,Fly,Brutal Swing,4,3,5,75000
Aipom,87.9,190,normal,none,100,85.8,108,926640,50,966,Scratch,Swift,Aerial Ace,9,12,3,50000
Charjabug,87.9,737,bug,electric,86,101,94,816484,36.5,841,Volt Switch,X-Scissor,Discharge,3,3,1,10000
Houndour (Shadow),87.9,228,dark,fire,112.8,66.2,96,716867,50,902,Ember,Dark Pulse,Flamethrower,5,7,3,50000
Mawile,87.9,303,steel,fairy,94.9,91.9,90,784918,39,866,Fairy Wind,Vise Grip,Iron Head,5,6,5,75000
Thundurus (Incarnate) (Shadow),87.9,642,electric,flying,106,68.3,76,550225,16.5,767,Thunder Shock,Thunder Punch,Brick Break,5,5,20,100000
Excadrill (Shadow),87.8,530,ground,steel,102.1,56.3,100,574823,17,767,Mud Shot,Drill Run,Rock Slide,5,5,3,50000
Galvantula,87.8,596,bug,electric,98.9,69,87,593697,25.5,768,Volt Switch,Discharge,Lunge,3,3,3,50000
Groudon (Shadow),87.8,383,ground,none,95.8,83.4,74,591239,13,756,Mud Shot,Precipice Blades,Fire Punch,7,5,20,100000
Kleavor,87.8,900,bug,rock,102.7,74.8,74,568465,17.5,768,Fury Cutter,X-Scissor,Rock Slide,10,12,5,75000
Lucario,87.8,448,fighting,steel,104.3,67.1,80,559882,20.5,768,Force Palm,Aura Sphere,Shadow Ball,4,5,5,75000
Stunfisk,87.8,618,ground,electric,72.6,90.6,123,809040,26,767,Thunder Shock,Mud Bomb,Discharge,5,5,5,75000
Drilbur,87.7,529,ground,none,112.2,65.5,114,837797,50,970,Scratch,Drill Run,Rock Tomb,10,13,3,50000
Golem (Alolan) (Shadow),87.7,76,rock,electric,89.6,87.5,83,650720,19,766,Volt Switch,Wild Charge,Rock Blast,3,3,1,10000
Golett (Shadow),87.7,622,ground,ghost,96,72.3,113,784310,50,869,Astonish,Shadow Punch,Brick Break,4,4,5,75000
Landorus (Incarnate) (Shadow),87.7,645,ground,flying,100.3,72.2,81,586574,15,767,Mud Shot,Earth Power,Rock Slide,6,5,20,100000
Magneton (Shadow),87.7,82,electric,steel,102.6,82,68,572098,22,767,Thunder Shock,Discharge,Magnet Bomb,5,5,3,50000
Primeape,87.7,57,fighting,none,99.3,71.6,83,590120,24,766,Karate Chop,Rage Fist,Ice Punch,5,5,3,50000
Staraptor (Shadow),87.7,398,normal,flying,100.4,65,89,580814,19.5,765,Wing Attack,Fly,Close Combat,6,6,1,10000
Swalot,87.7,317,poison,none,74,87.7,122,791756,28.5,766,Infestation,Sludge,Ice Beam,4,5,1,10000
Vespiquen,87.7,416,bug,flying,77.9,102.7,94,752031,28,767,Fury Cutter,X-Scissor,Power Gem,10,13,3,50000
Golbat (Shadow),87.6,42,poison,flying,84.2,83.2,99,693539,28.5,767,Wing Attack,Poison Fang,Shadow Ball,5,7,1,10000
Grafaiai,87.6,945,poison,normal,96,77.1,82,606931,24.5,767,Scratch,Poison Fang,Foul Play,10,10,3,50000
Gurdurr,87.6,533,fighting,none,89.7,71.6,102,655097,26,767,Low Kick,Brick Break,Stone Edge,5,7,5,75000
Mienshao,87.6,620,fighting,none,113.7,60.7,75,517619,20,768,Force Palm,Brutal Swing,Blaze Kick,4,4,3,50000
Salamence,87.6,373,dragon,flying,102.6,66.6,83,567152,14.5,766,Dragon Tail,Fly,Brutal Swing,4,3,5,75000
Tyranitar (Mega),87.6,248,rock,dark,95.8,87.9,72,606299,10,765,Dragon Breath,Brutal Swing,Stone Edge,9,14,5,75000
Aerodactyl (Mega),87.5,142,rock,flying,103.9,76.9,70,559294,13.5,767,Dragon Breath,Rock Slide,Brutal Swing,12,9,5,75000
Anorith (Shadow),87.5,347,rock,bug,113.5,71.9,90,734459,43.5,912,Scratch,Aqua Jet,Cross Poison,10,9,3,50000
Dewgong (Shadow),87.5,87,water,ice,73,98,112,801248,28.5,766,Ice Shard,Icy Wind,Drill Run,5,4,3,50000
Gastrodon,87.5,423,water,ground,81,74,120,719280,24,765,Mud Slap,Body Slam,Earth Power,4,5,3,50000
Hawlucha,87.5,701,fighting,flying,91.2,77,91,639038,23,766,Low Kick,Flying Press,Aerial Ace,5,6,5,75000
Lopunny,87.5,428,normal,none,80.2,102.7,89,733052,27.5,767,Low Kick,Thunder Punch,Triple Axel,5,6,3,50000
Marowak (Alolan),87.5,105,fire,ghost,79.4,107.8,90,770339,31.5,784,Fire Spin,Bone Club,Shadow Bone,4,5,3,50000
Mismagius,87.5,429,ghost,none,94.2,88.5,74,616916,21,764,Psywave,Shadow Ball,Mystical Fire,13,12,3,50000
Moltres (Shadow),87.5,146,fire,flying,100.1,73,80,584584,15.5,767,Wing Attack,Fly,Heat Wave,6,6,20,100000
Staravia,87.5,397,normal,flying,106.1,73.7,108,844514,50,949,Wing Attack,Brave Bird,Fly,7,6,1,10000
Toxicroak (Shadow),87.5,454,poison,fighting,97.5,67.1,92,601887,22.5,767,Poison Sting,Dynamic Punch,Shadow Ball,5,6,3,50000
Wailmer,87.5,320,water,none,93.2,54.6,193,982123,48.5,957,Rollout,Scald,Body Slam,4,4,1,10000
Lopunny (Mega),87.4,428,normal,fighting,104.4,83.3,64,556577,14.5,767,Low Kick,Triple Axel,Thunder Punch,6,5,3,50000
Pidgeot (Shadow),87.4,18,normal,flying,83.6,82.6,101,697441,26.5,767,Gust,Twister,Brave Bird,3,4,1,10000
Shiinotic (Shadow),87.4,756,grass,fairy,84.1,96.8,88,716397,31,779,Astonish,Moonblast,Seed Bomb,5,4,3,50000
Teddiursa,87.4,216,normal,none,105.6,72.6,114,873988,49.5,961,Scratch,Swift,Cross Chop,9,9,3,50000
Tentacruel,87.4,73,water,poison,77.9,102.7,93,744031,23,765,Acid,Scald,Payback,7,8,3,50000
Zangoose,87.4,335,normal,none,103.6,62.8,87,566029,23,767,Fury Cutter,Close Combat,Night Slash,12,9,3,50000
Cradily (Shadow),87.3,346,rock,grass,75.3,100.4,103,778692,25.5,766,Acid,Rock Tomb,Grass Knot,7,7,3,50000
Noctowl,87.3,164,normal,flying,75.3,86,120,777096,28,767,Wing Attack,Shadow Ball,Return,7,9,1,10000
Talonflame,87.3,663,fire,flying,86.9,80.6,96,672397,25.5,767,Incinerate,Fly,Brave Bird,3,3,1,10000
Timburr,87.3,532,fighting,none,100.7,68.9,132,915846,50,961,Low Kick,Brick Break,Rock Tomb,5,7,5,75000
Garchomp,87.2,445,dragon,ground,94.8,72.6,90,619423,14,767,Dragon Tail,Twister,Sand Tomb,4,4,5,75000
Sandslash,87.2,28,ground,none,86.2,88,89,675118,23.5,766,Sand Attack,Night Slash,Rock Tomb,9,13,3,50000
Sceptile (Shadow),87.2,254,grass,none,97,78.2,79,599247,20,766,Fury Cutter,Leaf Blade,Breaking Swipe,9,13,3,10000
Torkoal,87.2,324,fire,none,77,108.3,91,758858,27,767,Ember,Flame Wheel,Overheat,5,7,3,50000
Victreebel (Mega),87.2,71,grass,poison,102.3,73.4,76,570670,15.5,767,Acid,Leaf Blade,Sludge Bomb,5,7,3,50000
Flapple,87.1,841,grass,dragon,98.8,71.6,84,594223,22.5,767,Dragon Breath,Seed Bomb,Dragon Pulse,10,14,5,75000
Flygon,87.1,330,ground,dragon,91.5,78.4,89,638450,21,767,Dragon Tail,Sand Tomb,Twister,4,4,5,75000
Lampent (Shadow),87.1,608,ghost,fire,98.4,73.5,96,694310,35,826,Ember,Heat Wave,Energy Ball,5,5,5,75000
Marshtomp (Shadow),87.1,259,water,ground,88.5,81.9,102,739311,33.5,809,Mud Shot,Surf,Sludge,5,5,3,10000
Slurpuff,87.1,685,fairy,none,83,85.4,99,701732,25.5,766,Fairy Wind,Draining Kiss,Energy Ball,7,5,3,50000
Wigglytuff,87.1,40,normal,fairy,82.3,54,159,706628,29,764,Charm,Icy Wind,Swift,6,5,1,10000
Wormadam (Trash),87.1,413,bug,steel,80.8,116.3,104,977292,41,888,Sucker Punch,Bug Buzz,Iron Head,9,8,1,10000
Bellossom,87,182,grass,none,82.3,94.6,91,708488,24.5,766,Acid,Leaf Blade,Dazzling Gleam,5,7,3,50000
Castform,87,351,normal,none,85.9,92.5,111,881978,39.5,873,Hex,Weather Ball (Rock),Energy Ball,3,4,5,75000
Gogoat,87,673,grass,none,85.7,67.9,118,686646,19.5,767,Vine Whip,Leaf Blade,Rock Slide,5,6,3,50000
Sandslash (Shadow),87,28,ground,none,86.2,88,89,675118,23.5,766,Sand Attack,Night Slash,Rock Tomb,9,13,3,50000
Swanna,87,581,water,flying,92,72.3,95,631902,26.5,766,Gust,Aqua Jet,Fly,3,4,3,50000
Weepinbell (Shadow),87,70,grass,poison,106.3,63.1,106,710998,39.5,872,Acid,Power Whip,Seed Bomb,7,5,3,50000
Zapdos (Galarian),87,145,fighting,flying,97.1,76.8,81,604040,15.5,766,Low Kick,Fly,Close Combat,6,6,20,100000
Froslass,86.9,478,ice,ghost,87.7,82.2,93,670431,27.5,767,Powder Snow,Avalanche,Shadow Ball,6,7,3,50000
Spinda,86.9,327,normal,none,88.5,88.5,114,892877,50,892,Sucker Punch,Rock Tomb,Icy Wind,8,7,3,50000
Ampharos,86.8,181,electric,none,90.7,77.2,92,644188,19.5,766,Volt Switch,Brutal Swing,Trailblaze,3,3,5,75000
Bewear (Shadow),86.8,760,normal,fighting,92.7,62.4,109,630508,17.5,766,Low Kick,Superpower,Stomp,5,5,1,10000
Chesnaught (Shadow),86.8,652,grass,fighting,85.4,90.8,88,682380,19,766,Low Kick,Frenzy Plant,Superpower,6,5,3,10000
Dragonite,86.8,149,dragon,flying,97.2,76.8,81,604662,14.5,766,Dragon Breath,Thunder Punch,Superpower,10,10,5,75000
Heracross (Mega),86.8,214,bug,fighting,109.5,75.2,65,535236,11.5,766,Fury Cutter,Rock Tomb,Upper Hand,13,10,3,50000
Nidoking,86.8,34,poison,ground,92.6,75.3,91,634523,21.5,767,Poison Sting,Avalanche,Earth Power,5,6,3,50000
Pidgeot,86.8,18,normal,flying,83.6,82.6,101,697441,26.5,767,Gust,Twister,Brave Bird,3,4,1,10000
Steelix (Shadow),86.8,208,steel,ground,70.4,131.1,90,830650,23.5,766,Thunder Fang,Psychic Fangs,Crunch,6,8,5,75000
Zapdos,86.8,145,electric,flying,97.1,74.9,82,596369,15.5,764,Thunder Shock,Drill Peck,Heat Wave,5,5,20,100000
Cresselia,86.7,488,psychic,none,66.7,115,114,874437,20,766,Psycho Cut,Grass Knot,Moonblast,6,6,20,100000
Drifblim,86.7,426,ghost,flying,85.2,54.2,149,688058,23.5,767,Hex,Icy Wind,Shadow Ball,4,4,5,75000
Kabuto,86.7,140,rock,water,107.7,103.7,76,848805,49,961,Scratch,Aqua Jet,Rock Tomb,10,13,5,75000
Scolipede,86.7,545,bug,poison,94.3,86.1,76,617061,22.5,765,Poison Sting,Aqua Tail,Megahorn,4,7,1,10000
Trumbeak,86.7,732,normal,flying,107.1,74.5,107,853748,48.5,957,Peck,Drill Peck,Rock Blast,5,5,1,10000
Arcanine,86.6,59,fire,none,94.5,73.4,89,617331,18,766,Bite,Wild Charge,Psychic Fangs,12,9,3,50000
Articuno (Shadow),86.6,144,ice,flying,82.4,97.9,88,709892,17.5,766,Powder Snow,Triple Axel,Hurricane,6,8,20,100000
Kecleon,86.6,352,normal,none,82.7,101.7,84,706490,27.5,767,Sucker Punch,Thunder Punch,Dynamic Punch,6,7,5,75000
Mawile (Mega),86.6,303,steel,fairy,88.9,105.6,70,657149,23.5,767,Fairy Wind,Vise Grip,Iron Head,5,6,5,75000
Steelix,86.5,208,steel,ground,70.4,131.1,90,830650,23.5,766,Thunder Fang,Psychic Fangs,Crunch,6,8,5,75000
Tentacruel (Shadow),86.5,73,water,poison,77.9,102.7,93,744031,23,765,Acid,Scald,Payback,7,8,3,50000
Aggron (Mega),86.4,306,steel,none,87.9,118.5,64,666634,13,767,Metal Sound,Meteor Beam,Brick Break,8,5,1,10000
Aggron (Shadow),86.4,306,steel,rock,83.4,111.4,76,706098,18.5,767,Metal Sound,Meteor Beam,Brick Break,8,5,1,10000
Amoonguss,86.4,591,grass,poison,78.2,75.8,126,746873,26.5,767,Astonish,Grass Knot,Foul Play,5,4,3,50000
Articuno (Galarian),86.4,144,psychic,flying,95.9,79.4,80,609157,15.5,765,Psycho Cut,Fly,Brave Bird,5,7,20,100000
Dialga (Shadow),86.4,483,steel,dragon,99.7,76.5,76,579656,13.5,761,Dragon Breath,Iron Head,Thunder,13,15,20,100000
Diggersby,86.4,660,normal,ground,76,111.4,138,1168363,47,945,Mud Shot,Fire Punch,Scorching Sands,5,6,1,10000
Farfetch'd,86.4,83,normal,flying,93.9,87.8,105,865664,50,903,Fury Cutter,Leaf Blade,Aerial Ace,9,12,3,50000
Gourgeist (Large),86.4,711,ghost,grass,82.9,98.2,87,708248,22,768,Incinerate,Shadow Ball,Seed Bomb,3,2,5,75000
Lanturn,86.4,171,water,electric,75,75.5,139,787088,27,768,Water Gun,Surf,Thunderbolt,15,19,3,50000
Meowscarada,86.4,908,grass,dark,100.4,70.9,82,583706,19.5,767,Leafage,Frenzy Plant,Night Slash,6,5,3,10000
Sandshrew (Alolan) (Shadow),86.4,27,ice,steel,94.6,97.3,102,938867,50,945,Powder Snow,Night Slash,Gyro Ball,5,7,3,50000
Sawk (Shadow),86.4,539,fighting,none,100.4,69.7,83,580824,20,767,Low Kick,Brick Break,Body Slam,5,5,5,75000
Centiskorch,86.3,851,fire,bug,92.1,71.1,97,635186,18.5,767,Ember,Lunge,Heat Wave,5,5,5,75000
Fletchinder,86.3,662,fire,flying,98.1,81.7,113,905669,47.5,946,Peck,Fly,Heat Wave,6,6,1,10000
Graveler (Alolan) (Shadow),86.3,75,rock,electric,87.7,92.9,82,668081,29.5,768,Volt Switch,Stone Edge,Rock Blast,4,3,1,10000
Skuntank,86.3,435,poison,dark,87.1,68.1,113,670261,23.5,764,Poison Jab,Crunch,Trailblaze,7,7,3,50000
Axew,86.2,610,dragon,none,111,76.9,96,819446,49,959,Scratch,Aqua Tail,Dragon Claw,9,13,5,75000
Castform (Snowy),86.2,351,ice,none,85.9,92.5,111,881978,39.5,873,Powder Snow,Weather Ball (Ice),Blizzard,5,10,5,75000
Escavalier (Shadow),86.2,589,bug,steel,94.6,84.1,77,612601,19,765,Bug Bite,Drill Run,Razor Shell,14,12,3,50000
Frigibax,86.2,996,dragon,ice,100.7,68.2,120,824129,50,912,Dragon Breath,Avalanche,Dragon Claw,12,13,5,75000
Gengar (Mega),86.2,94,ghost,poison,119.6,71.6,57,488112,12.5,767,Shadow Claw,Shadow Punch,Dark Pulse,5,6,3,50000
Carbink,86.1,703,rock,fairy,67.6,202.7,101,1383955,50,968,Rock Throw,Rock Slide,Moonblast,9,10,5,75000
Forretress,86.1,205,bug,steel,78.5,104.1,91,743638,24.5,767,Volt Switch,Sand Tomb,Rock Tomb,3,4,5,75000
Swellow,86.1,277,normal,flying,97.3,71.5,86,598298,29,767,Wing Attack,Brave Bird,Aerial Ace,7,6,1,10000
Arbok,86,24,poison,none,88.5,85.9,87,661387,29,767,Acid,Brutal Swing,Wrap,5,6,3,50000
Azumarill,86,184,water,fairy,72.7,104.7,149,1134142,43,908,Bubble,Ice Beam,Play Rough,5,6,3,50000
Cetoddle,86,974,ice,none,90.5,64.2,171,993527,50,950,Powder Snow,Avalanche,Body Slam,6,5,3,50000
Genesect,86,649,bug,steel,100.9,79.9,72,580458,16,766,Fury Cutter,X-Scissor,Magnet Bomb,10,10,20,100000
Hariyama (Shadow),86,297,fighting,none,89.9,54.4,133,650444,19.5,765,Force Palm,Upper Hand,Heavy Slam,4,5,3,50000
Karrablast (Shadow),86,588,bug,none,102.7,68.9,102,721755,50,864,Fury Cutter,Drill Run,X-Scissor,10,10,3,50000
Magmar (Shadow),86,126,fire,none,96.7,77,81,603118,23,766,Karate Chop,Fire Punch,Scorching Sands,5,6,5,75000
Scolipede (Shadow),86,545,bug,poison,94.3,86.1,76,617061,22.5,765,Poison Sting,Aqua Tail,X-Scissor,4,5,1,10000
Aerodactyl,85.9,142,rock,flying,96.2,73.9,85,604280,20,766,Dragon Breath,Rock Slide,Brutal Swing,12,9,5,75000
Beedrill (Shadow),85.9,15,bug,poison,91.3,76.5,93,649554,30.5,774,Poison Sting,X-Scissor,Drill Run,5,5,1,10000
Decidueye,85.9,724,grass,ghost,91.5,82.5,85,641644,20,767,Leafage,Frenzy Plant,Spirit Shackle,6,5,3,10000
Fraxure (Shadow),85.9,611,dragon,none,103.2,65.5,84,567806,25,767,Dragon Tail,Aqua Tail,Night Slash,3,3,5,75000
Glalie (Shadow),85.9,362,ice,none,82.4,86.4,100,711936,27,767,Rollout,Avalanche,Shadow Ball,4,4,3,50000
Gourgeist (Average),85.9,711,ghost,grass,82.9,103.8,82,705612,23.5,767,Incinerate,Shadow Ball,Seed Bomb,3,2,5,75000
Manectric (Mega),85.9,310,electric,none,109.1,72.6,68,538605,15.5,767,Snarl,Wild Charge,Psychic Fangs,4,3,3,50000
Sneasler (Shadow),85.9,903,fighting,poison,104,67.8,80,564096,17,767,Shadow Claw,Close Combat,X-Scissor,6,5,5,75000
Whiscash (Shadow),85.9,340,water,ground,77,77.5,127,757873,27,765,Mud Shot,Mud Bomb,Scald,5,6,1,10000
Hippopotas (Shadow),85.8,449,ground,none,92.6,89.9,122,1015618,50,970,Sand Attack,Rock Tomb,Dig,13,13,3,50000
Marshtomp,85.8,259,water,ground,88.7,82.5,103,753728,34.5,820,Mud Shot,Surf,Sludge,5,5,3,10000
Venusaur,85.8,3,grass,poison,87.4,87.4,88,672211,20.5,767,Vine Whip,Frenzy Plant,Sludge,6,5,3,10000
Vikavolt,85.8,738,bug,electric,103.1,69.2,79,563627,17.5,765,Volt Switch,X-Scissor,Fly,3,3,1,10000
Beedrill,85.7,15,bug,poison,91.3,76.5,93,649554,30.5,774,Infestation,X-Scissor,Drill Run,4,4,1,10000
Claydol,85.7,344,ground,psychic,74.1,123.5,86,787016,29,768,Mud Slap,Rock Tomb,Shadow Ball,5,5,3,50000
Druddigon,85.7,621,dragon,none,93.9,79.6,83,620379,20.5,767,Dragon Tail,Night Slash,Rock Tomb,3,5,5,75000
Munchlax,85.7,446,normal,none,73.8,69.1,156,795534,30,767,Tackle,Body Slam,Bulldoze,14,19,5,10000
Skeledirge,85.7,911,fire,ghost,86.7,78.5,99,673789,18.5,767,Incinerate,Torch Song,Shadow Ball,3,3,3,10000
Talonflame (Shadow),85.7,663,fire,flying,86.9,80.6,96,672397,25.5,767,Incinerate,Flame Charge,Fly,3,3,1,10000
Crobat (Shadow),85.6,169,poison,flying,86.7,84.5,92,674006,21,768,Gust,Air Cutter,Poison Fang,3,3,1,10000
Drifloon (Shadow),85.6,425,ghost,flying,89.2,64.2,150,858996,50,875,Hex,Shadow Ball,Icy Wind,4,4,5,75000
Floatzel,85.6,419,water,none,102.9,58.5,95,571867,22.5,767,Waterfall,Aqua Jet,Swift,4,4,3,50000
Gengar,85.6,94,ghost,poison,110.4,68.3,70,527822,19,765,Shadow Claw,Shadow Punch,Dark Pulse,5,6,3,50000
Golbat,85.6,42,poison,flying,84.2,83.2,99,693539,28.5,767,Wing Attack,Poison Fang,Shadow Ball,5,7,1,10000
Shiinotic,85.6,756,grass,fairy,84.1,96.8,88,716397,31,779,Astonish,Moonblast,Seed Bomb,5,4,3,50000
Gourgeist (Small),85.5,711,ghost,grass,83.6,109.4,76,695084,25,767,Incinerate,Shadow Ball,Seed Bomb,3,2,5,75000
Haunter,85.5,93,ghost,poison,115.3,61.2,72,508058,28,766,Shadow Claw,Shadow Punch,Ice Punch,5,5,3,50000
Lucario (Mega),85.5,448,fighting,steel,114.3,67,67,513093,14.5,767,Force Palm,Aura Sphere,Shadow Ball,4,5,5,75000
Medicham (Mega),85.4,308,fighting,psychic,94.1,87,76,622189,22,766,Psycho Cut,Dynamic Punch,Ice Punch,5,5,3,50000
Wailord,85.4,321,water,none,84.7,48.2,169,689949,24.5,766,Rollout,Surf,Return,4,6,1,10000
Deoxys (Defense),85.3,386,psychic,none,72.3,158.4,70,801662,23.5,763,Low Kick,Psycho Boost,Thunderbolt,5,7,20,100000
Electabuzz (Shadow),85.3,125,electric,none,94.6,80.5,81,616839,24,768,Thunder Shock,Thunder Punch,Thunderbolt,5,7,5,75000
Farfetch'd (Galarian),85.3,83,fighting,none,103.5,75,89,690863,37,847,Fury Cutter,Leaf Blade,Brick Break,9,10,3,50000
Mew,85.3,151,psychic,none,86.2,85.4,92,677256,16.5,767,Shadow Claw,Wild Charge,Psyshock,6,5,20,100000
Oranguru,85.3,765,normal,psychic,78.8,93,101,740168,23,766,Confusion,Brutal Swing,Trailblaze,3,4,3,75000
Rhyperior,85.3,464,ground,rock,90.7,74.8,95,644514,15,767,Mud Slap,Drill Run,Rock Wrecker,4,5,3,50000
Sneasler,85.3,903,fighting,poison,104,67.8,80,564096,17,767,Shadow Claw,Close Combat,X-Scissor,6,5,5,75000
Chatot,85.2,441,normal,flying,101.9,57.2,107,623669,32.5,798,Peck,Heat Wave,Sky Attack,6,7,5,75000
Gourgeist (Super),85.2,711,ghost,grass,82.3,94.2,92,713245,21,767,Incinerate,Shadow Ball,Seed Bomb,3,2,5,75000
Incineroar,85.2,727,fire,dark,89.6,78.1,93,650792,18.5,766,Fire Fang,Brutal Swing,Blast Burn,6,9,3,10000
Kingambit,85.2,983,dark,steel,91,80.1,88,641441,15.5,768,Low Kick,Foul Play,Iron Head,5,7,5,75000
Raticate (Alolan),85.2,20,dark,normal,80.3,97.6,112,877775,36.5,841,Bite,Crunch,Return,12,18,1,10000
Throh (Shadow),85.2,538,fighting,none,78.9,77.1,122,742149,22,767,Low Kick,Brick Break,Body Slam,5,5,5,75000
Aegislash (Shield),85.1,681,steel,ghost,65.5,185.4,110,1335807,46,935,Psycho Cut,Shadow Ball,Gyro Ball,9,9,5,75000
Haunter (Shadow),85.1,93,ghost,poison,115.3,61.2,72,508058,28,766,Shadow Claw,Ice Punch,Shadow Ball,5,7,3,50000
Hippopotas,85.1,449,ground,none,92.6,89.9,122,1015618,50,970,Sand Attack,Rock Tomb,Dig,13,13,3,50000
Hitmonlee,85.1,106,fighting,none,101.5,85.1,67,578723,21.5,768,Low Kick,Blaze Kick,Brick Break,5,5,5,75000
Orbeetle,85.1,826,bug,psychic,77.2,120.6,81,754136,25.5,765,Psycho Cut,Psyshock,Bug Buzz,5,7,1,10000
Skuntank (Shadow),85.1,435,poison,dark,87.1,68.1,113,670261,23.5,764,Poison Jab,Crunch,Trailblaze,7,7,3,50000
Wailord (Shadow),85.1,321,water,none,84.7,48.2,169,689949,24.5,766,Rollout,Surf,Hyper Beam,4,7,1,10000
Amaura,85,698,rock,ice,91.9,83.8,133,1024262,50,970,Powder Snow,Weather Ball (Ice),Thunderbolt,5,7,5,75000
Dudunsparce,85,982,normal,none,83.1,70.5,121,708885,20.5,767,Bite,Drill Run,Body Slam,10,10,3,50000
Manectric,85,310,electric,none,101.9,65.3,86,572250,23.5,766,Thunder Fang,Psychic Fangs,Wild Charge,6,8,3,50000
Scyther (Shadow),85,123,bug,flying,96.5,78.3,80,604476,20.5,768,Fury Cutter,X-Scissor,Night Slash,10,9,5,75000
Sharpedo (Shadow),85,319,water,dark,119.2,45.8,90,491342,25.5,766,Bite,Crunch,Poison Fang,12,10,3,50000
Dipplin,84.9,1011,grass,dragon,82,92.2,94,710678,23.5,767,Dragon Tail,Seed Bomb,Outrage,4,5,5,75000
Glalie,84.9,362,ice,none,82.4,86.4,100,711936,27,767,Rollout,Avalanche,Shadow Ball,4,4,3,50000
Meganium,84.9,154,grass,none,79.3,99.5,93,733803,23,766,Vine Whip,Frenzy Plant,Earthquake,6,9,3,10000
Kangaskhan,84.8,115,normal,none,82,79.3,109,708783,21.5,765,Low Kick,Brick Break,Crunch,5,6,3,50000
Oinkologne,84.8,916,normal,none,84.2,72.7,113,691711,21.5,765,Take Down,Body Slam,Trailblaze,5,5,1,10000
Toxicroak,84.8,454,poison,fighting,97.5,67.1,92,601887,22.5,767,Poison Sting,Dynamic Punch,Shadow Ball,5,6,3,50000
Chesnaught (Mega),84.7,652,grass,fighting,86.4,103.9,75,673272,13.5,766,Low Kick,Thunder Punch,Superpower,5,5,3,10000
Falinks (Mega),84.7,870,fighting,none,100.3,88.8,65,578932,15,767,Counter,Superpower,Megahorn,7,10,5,75000
Sandshrew (Shadow),84.7,27,ground,none,95.3,91.2,102,886519,50,922,Scratch,Sand Tomb,Rock Tomb,12,13,3,50000
Toedscruel,84.7,949,ground,grass,77.9,102.7,93,744031,23,765,Mud Slap,Seed Bomb,Earth Power,4,5,3,50000
Perrserker,84.6,863,steel,none,92.1,81.1,85,634891,23,768,Shadow Claw,Close Combat,Trailblaze,6,6,3,50000
Watchog (Shadow),84.6,505,normal,none,90.6,82.6,91,681004,31.5,786,Low Kick,Crunch,Hyper Fang,6,7,1,10000
Blastoise (Mega),84.5,9,water,none,95.8,88.3,72,609058,14,767,Rollout,Hydro Cannon,Skull Bash,4,6,3,10000
Lurantis,84.5,754,grass,none,90.3,84.3,85,647045,23,765,Leafage,Leaf Blade,Superpower,5,5,3,50000
Pachirisu,84.5,417,electric,none,73.7,126.4,114,1061988,50,887,Volt Switch,Hyper Fang,Thunder Punch,4,3,5,75000
Crawdaunt,84.4,342,water,dark,103.5,70.4,77,561053,22,767,Waterfall,Night Slash,Scald,4,5,3,50000
Dachsbun,84.4,927,fairy,none,81.2,111.7,80,725603,26.5,768,Charm,Psychic Fangs,Play Rough,5,8,3,50000
Escavalier,84.4,589,bug,steel,94.6,84.1,77,612601,19,765,Bug Bite,Drill Run,Razor Shell,14,12,3,50000
Magmortar,84.4,467,fire,none,100.7,74.8,77,579992,17.5,767,Karate Chop,Fire Punch,Thunderbolt,5,7,5,75000
Whiscash,84.4,340,water,ground,77,77.5,127,757873,27,765,Mud Shot,Mud Bomb,Scald,5,6,1,10000
Braixen (Shadow),84.3,654,fire,none,94.2,77.2,88,639957,31,779,Ember,Psyshock,Flame Charge,5,6,3,10000
Lileep,84.3,345,rock,grass,81.1,111.5,121,1094161,50,944,Acid,Grass Knot,Ancient Power,7,6,3,50000
Machoke,84.3,67,fighting,none,90.7,69.7,102,644823,27.5,767,Karate Chop,Cross Chop,Return,4,8,3,50000
Machop (Shadow),84.3,66,fighting,none,102.7,65.5,126,847583,50,934,Karate Chop,Cross Chop,Brick Break,4,5,3,50000
Nidorina,84.3,30,poison,none,89.2,91.2,126,1025015,50,957,Poison Sting,Poison Fang,Thunderbolt,5,7,3,50000
Whimsicott,84.3,547,grass,fairy,85,96.6,84,689724,28,767,Fairy Wind,Seed Bomb,Moonblast,5,6,1,10000
Bronzong,84.2,437,steel,psychic,79.3,108.9,86,742676,25,767,Confusion,Psyshock,Bulldoze,3,4,3,50000
Excadrill,84.2,530,ground,steel,102.1,56.3,100,574823,17,767,Mud Shot,Drill Run,Rock Slide,5,5,3,50000
Larvesta,84.2,636,bug,fire,103.1,78.6,103,834677,45.5,931,Ember,Flame Wheel,Bug Buzz,5,7,5,75000
Mewtwo (Shadow),84.2,150,psychic,none,105.4,67.5,76,540702,13,757,Psycho Cut,Psystrike,Thunderbolt,5,7,20,100000
Alakazam (Shadow),84.1,65,psychic,none,111.5,72.6,65,526169,18,767,Psycho Cut,Fire Punch,Shadow Ball,5,6,3,50000
Gallade (Mega),84.1,475,psychic,fighting,109.2,80.8,60,529402,12,766,Low Kick,Leaf Blade,Sacred Sword,5,5,5,75000
Glalie (Mega),84.1,362,ice,none,101.3,72.1,79,576995,17,767,Powder Snow,Avalanche,Shadow Ball,6,7,3,50000
Jirachi,84.1,385,steel,psychic,86.2,85.4,92,677256,16.5,767,Confusion,Doom Desire,Aura Sphere,3,3,20,100000
Lugia (Shadow),84.1,249,psychic,flying,74.6,117.5,89,780130,14.5,763,Dragon Tail,Fly,Earth Power,4,5,20,100000
Throh,84.1,538,fighting,none,78.9,77.1,122,742149,22,767,Low Kick,Brick Break,Body Slam,5,5,5,75000
Cresselia (Shadow),84,488,psychic,none,65.8,113.7,114,852886,19,751,Psycho Cut,Grass Knot,Moonblast,6,6,20,100000
Gabite (Shadow),84,444,dragon,ground,92.1,73.3,94,634587,30,767,Mud Shot,Twister,Dig,5,6,5,75000
Inteleon,84,818,water,none,109.7,63.7,76,531080,18.5,767,Water Gun,Snipe Shot,Hydro Cannon,12,14,3,10000
Mienfoo,84,619,fighting,none,113.3,74,93,779731,47,943,Low Kick,Brick Break,High Jump Kick,5,7,3,50000
Quaxwell,84,913,water,none,92.5,76.3,101,712833,34,816,Wing Attack,Aqua Jet,Aerial Ace,5,6,3,10000
Tyrunt (Shadow),84,696,rock,dragon,96.1,81.8,98,770376,38.5,862,Dragon Tail,Rock Tomb,Stomp,5,4,5,75000
Vullaby,84,629,dark,flying,81.1,104.1,126,1063756,50,929,Feint Attack,Brave Bird,Foul Play,10,7,5,75000
Zygarde (50% Forme),84,718,dragon,ground,81.6,91.8,95,711634,15.5,764,Dragon Tail,Crunch,Bulldoze,4,5,20,100000
Monferno (Shadow),83.9,391,fire,fighting,100.3,74.3,107,797395,42,897,Ember,Flame Wheel,Low Sweep,5,5,3,10000
Nidorina (Shadow),83.9,30,poison,none,89.2,91.2,126,1025015,50,957,Poison Sting,Poison Fang,Dig,5,6,3,50000
Pumpkaboo (Super),83.9,710,ghost,grass,89.9,91.2,113,926473,50,914,Astonish,Grass Knot,Foul Play,5,4,5,75000
Shiftry (Shadow),83.9,275,grass,dark,95.4,63,102,613040,23.5,766,Snarl,Leaf Blade,Foul Play,3,4,3,50000
Slowking (Galarian),83.9,199,poison,psychic,83.9,84.4,99,701035,20.5,767,Acid,Psyshock,Shadow Ball,5,7,3,50000
Cacturne,83.8,332,grass,dark,105.3,60.9,87,557911,24,766,Sucker Punch,Trailblaze,Dark Pulse,7,7,3,50000
Cacturne (Shadow),83.8,332,grass,dark,105.3,60.9,87,557911,24,766,Sucker Punch,Trailblaze,Dark Pulse,7,7,3,50000
Naclstack,83.8,933,rock,none,81.1,118.3,114,1093731,50,945,Mud Shot,Rock Tomb,Rock Blast,6,5,5,50000
Claydol (Shadow),83.7,344,ground,psychic,74.1,123.5,86,787016,29,768,Mud Slap,Rock Tomb,Shadow Ball,5,5,3,50000
Crobat,83.7,169,poison,flying,86.7,84.5,92,674006,21,768,Gust,Air Cutter,Poison Fang,3,3,1,10000
Darmanitan (Standard) (Shadow),83.7,555,fire,none,107.1,51.6,99,547110,17.5,766,Incinerate,Rock Slide,Overheat,3,3,3,50000
Lileep (Shadow),83.7,345,rock,grass,81.1,111.5,121,1094161,50,944,Acid,Grass Knot,Ancient Power,7,6,3,50000
Tyrantrum (Shadow),83.7,697,rock,dragon,92.3,82.4,83,631258,17.5,764,Dragon Tail,Crunch,Rock Tomb,4,5,5,75000
Ceruledge,83.6,937,fire,ghost,97.5,81.6,75,596700,17.5,767,Incinerate,Shadow Ball,Heat Wave,3,3,5,50000
Heatran (Shadow),83.6,485,fire,steel,93.5,82.6,79,610125,14.5,757,Fire Spin,Magma Storm,Earth Power,4,5,20,100000
Hydrapple,83.6,1019,grass,dragon,87.5,79.2,97,672210,17,767,Dragon Tail,Seed Bomb,Outrage,4,5,5,75000
Klang,83.6,600,steel,none,82.6,99.8,90,741913,31.5,785,Metal Sound,Vise Grip,Thunderbolt,5,7,5,75000
Serperior,83.6,497,grass,none,78.8,101.8,93,746031,25,767,Vine Whip,Frenzy Plant,Aerial Ace,6,6,3,10000
Venusaur (Mega),83.6,3,grass,poison,90.7,94.4,75,642156,15,767,Vine Whip,Frenzy Plant,Sludge,6,5,3,10000
Chesnaught,83.5,652,grass,fighting,85.4,90.8,88,682380,19,766,Low Kick,Frenzy Plant,Superpower,6,5,3,10000
Cinderace,83.5,815,fire,none,99.5,71.1,83,587179,18.5,768,Fire Spin,Blast Burn,Pyro Ball,5,4,3,10000
Grimer (Shadow),83.5,88,poison,none,98.3,69.6,137,937310,49,960,Poison Jab,Sludge,Mud Bomb,6,7,3,50000
Magnemite,83.5,81,electric,steel,118.4,91,72,775757,49,959,Volt Switch,Magnet Bomb,Discharge,3,3,3,50000
Muk (Shadow),83.5,89,poison,none,82.9,79.9,105,695490,20,763,Poison Jab,Dark Pulse,Thunder Punch,7,6,3,50000
Xatu,83.5,178,psychic,flying,94.6,77.2,85,620765,25.5,768,Peck,Psyshock,Aerial Ace,5,6,3,50000
Forretress (Shadow),83.4,205,bug,steel,78.5,104.1,91,743638,24.5,767,Volt Switch,Sand Tomb,Rock Tomb,3,4,5,75000
Luxio (Shadow),83.4,404,electric,none,105.6,71.3,110,828221,46,936,Bite,Wild Charge,Crunch,12,12,5,75000
Muk,83.4,89,poison,none,82.9,79.9,105,695490,20,763,Poison Jab,Thunder Punch,Dark Pulse,6,7,3,50000
Rapidash (Galarian),83.4,78,psychic,fairy,95.6,79.8,80,610310,22.5,767,Fairy Wind,Body Slam,Wild Charge,5,5,3,50000
Sceptile,83.4,254,grass,none,97,78.2,79,599247,20,766,Fury Cutter,Leaf Blade,Breaking Swipe,9,13,3,10000
Emboar,83.3,500,fire,fighting,98.6,57.5,105,595298,18.5,767,Ember,Blast Burn,Heat Wave,6,5,3,10000
Leavanny,83.3,542,bug,grass,92.6,78.9,86,628328,21.5,766,Shadow Claw,Leaf Blade,X-Scissor,5,5,1,10000
Passimian,83.3,766,fighting,none,92,71,97,633604,18,764,Counter,Brutal Swing,Superpower,6,7,3,75000
Regieleki,83.3,894,electric,none,107.2,59.1,85,538519,19.5,762,Volt Switch,Thunder Cage,Hyper Beam,3,5,20,100000
Bruxish,83.2,779,water,psychic,97.6,73.3,83,593789,23,765,Confusion,Aqua Tail,Psychic Fangs,3,3,3,50000
Charmeleon (Shadow),83.2,5,fire,none,96.1,83,97,773701,38.5,863,Ember,Fire Punch,Flamethrower,5,7,3,10000
Magneton,83.2,82,electric,steel,102.6,82,68,572098,22,767,Volt Switch,Magnet Bomb,Discharge,3,3,3,50000
Typhlosion (Hisuian),83.2,157,fire,ghost,99.9,76.5,77,588461,18.5,767,Ember,Shadow Ball,Wild Charge,6,5,3,10000
Vibrava,83.2,329,ground,dragon,100.7,77,102,790898,50,895,Dragon Breath,Sand Tomb,Bulldoze,12,14,5,75000
Ambipom (Shadow),83.1,424,normal,none,95.8,72,89,613886,23,768,Scratch,Aerial Ace,Low Sweep,12,10,3,50000
Audino (Mega),83.1,531,normal,fairy,68.4,114.7,109,855157,22.5,767,Charge Beam,Body Slam,Disarming Voice,4,5,3,50000
Lickitung,83.1,108,normal,none,77.7,102.7,150,1196969,50,964,Lick,Body Slam,Power Whip,14,17,3,50000
Meganium (Shadow),83.1,154,grass,none,79.3,99.5,93,733803,23,766,Vine Whip,Frenzy Plant,Earthquake,6,9,3,10000
Polteageist,83.1,855,ghost,none,102.2,82.7,68,574732,18,766,Hex,Shadow Ball,Dark Pulse,4,4,3,50000
Venomoth,83.1,49,bug,poison,90.9,77,92,643936,27,766,Infestation,Poison Fang,Silver Wind,4,4,3,50000
Garganacl,83,934,rock,none,75.7,98.2,103,765675,20.5,764,Mud Shot,Rock Tomb,Rock Blast,6,5,5,50000
Masquerain,83,284,bug,flying,92.7,78,87,629062,24.5,766,Infestation,Air Cutter,Lunge,4,4,1,10000
Ponyta (Shadow),83,77,fire,none,99.8,80.8,87,701554,36,837,Ember,Flame Wheel,Stomp,5,5,3,50000
Quilladin (Shadow),83,651,grass,none,85.4,96.7,96,792785,35,825,Low Kick,Energy Ball,Body Slam,6,5,3,10000
Avalugg (Hisuian),82.9,713,ice,rock,83.3,96.7,87,700795,16,766,Powder Snow,Rock Slide,Icy Wind,6,6,3,50000
Pawmo,82.9,922,electric,fighting,109.5,65.5,114,817637,50,949,Thunder Shock,Wild Charge,Thunder Punch,5,5,3,75000
Pumpkaboo (Large),82.9,710,ghost,grass,91.2,92.6,107,903628,50,909,Astonish,Grass Knot,Foul Play,5,4,5,75000
Raticate (Alolan) (Shadow),82.9,20,dark,normal,80.3,97.6,112,877775,36.5,841,Bite,Crunch,Hyper Fang,12,13,1,10000
Tapu Fini,82.9,788,water,fairy,82.9,113.3,75,704443,20,765,Water Gun,Surf,Nature's Madness,15,17,20,100000
Electrode (Shadow),82.8,101,electric,none,87.9,90.4,84,667477,27,767,Volt Switch,Discharge,Foul Play,3,3,3,50000
Girafarig,82.8,203,normal,psychic,93.2,72.7,93,630135,27.5,767,Confusion,Psychic Fangs,Trailblaze,3,4,3,50000
Grimer (Alolan) (Shadow),82.8,88,poison,dark,98.3,69.6,137,937310,49,960,Poison Jab,Crunch,Sludge Bomb,7,8,3,50000
Servine (Shadow),82.8,496,grass,none,85.1,112.8,114,1094318,50,966,Vine Whip,Grass Knot,Wrap,7,6,3,10000
Frillish,82.7,592,water,ghost,87.8,100.7,108,954878,50,919,Hex,Night Shade,Ice Beam,4,5,3,50000
Giratina (Origin),82.7,487,ghost,dragon,85.9,72.5,110,685053,15,768,Dragon Tail,Ominous Wind,Shadow Ball,4,5,20,100000
Haxorus,82.7,612,dragon,none,108.4,68.1,73,538889,15.5,767,Dragon Tail,Night Slash,Surf,3,4,5,75000
Illumise,82.7,314,bug,none,81.9,100.1,97,795224,33.5,810,Infestation,Silver Wind,Shadow Ball,4,5,3,50000
Regirock,82.7,377,rock,none,74.8,128.7,81,779768,17.5,767,Lock On,Stone Edge,Focus Blast,11,15,20,100000
Sandshrew (Alolan),82.7,27,ice,steel,94.6,97.3,102,938867,50,945,Powder Snow,Night Slash,Gyro Ball,5,7,3,50000
Tauros (Aqua),82.7,128,fighting,water,91.5,86.3,81,639612,20,767,Double Kick,Aqua Jet,Trailblaze,4,4,3,50000
Combusken (Shadow),82.6,256,fire,fighting,98.3,76.1,98,733102,37.5,852,Ember,Rock Slide,Flame Charge,5,6,3,10000
Grimer (Alolan),82.6,88,poison,dark,98.3,69.6,137,937310,49,960,Poison Jab,Crunch,Sludge Bomb,7,8,3,50000
Growlithe (Shadow),82.6,58,fire,none,102,73,108,804168,50,909,Ember,Flame Wheel,Body Slam,5,5,3,50000
Toxapex,82.6,748,poison,water,69.5,169.7,89,1049679,38,856,Bite,Brine,Sludge Wave,15,17,3,50000
Vaporeon,82.6,134,water,none,84.7,69.3,118,692626,18,767,Water Gun,Aqua Tail,Last Resort,12,19,5,75000
Lugia,82.5,249,psychic,flying,73.3,119.5,91,797101,15,766,Dragon Tail,Earth Power,Aeroblast,5,7,20,100000
Pancham,82.5,674,fighting,none,98.1,79,118,914488,47.5,949,Low Kick,Crunch,Body Slam,6,5,3,50000
Sharpedo (Mega),82.5,319,water,dark,114.9,61.3,72,507123,16.5,766,Waterfall,Crunch,Poison Fang,5,4,3,50000
Gabite,82.4,444,dragon,ground,92.1,73.3,94,634587,30,767,Mud Shot,Twister,Dig,5,6,5,75000
Porygon2 (Shadow),82.4,233,normal,none,87.4,84.4,91,671267,20.5,767,Lock On,Tri Attack,Zap Cannon,10,16,3,50000
Registeel,82.4,379,steel,none,68.4,136,92,855821,22.5,767,Lock On,Flash Cannon,Focus Blast,13,15,20,100000
Oddish (Shadow),82.3,43,grass,poison,98.7,85.8,96,812972,50,898,Acid,Seed Bomb,Moonblast,5,7,3,50000
Pinsir,82.3,127,bug,none,99.9,80.6,73,587792,18.5,766,Fury Cutter,Close Combat,X-Scissor,12,10,5,75000
Hariyama,82.2,297,fighting,none,89.9,54.4,133,650444,19.5,765,Force Palm,Upper Hand,Heavy Slam,4,5,3,50000
Houndstone,82.2,972,ghost,none,86.1,93.2,85,682084,22,766,Bite,Shadow Ball,Psychic Fangs,13,9,3,50000
Victini,82.2,494,psychic,fire,86.2,85.4,92,677256,16.5,767,Confusion,V-Create,Psyshock,3,3,20,100000
Armaldo,82.1,348,rock,bug,95.8,78.1,82,613522,19.5,767,Fury Cutter,Rock Blast,Liquidation,10,12,3,50000
Electabuzz,82.1,125,electric,none,93.6,81,82,621691,24,767,Thunder Shock,Thunder Punch,Return,5,8,5,75000
Hypno,82.1,97,psychic,none,74,102.3,105,794871,27,767,Confusion,Shadow Ball,Thunder Punch,4,3,3,50000
Pumpkaboo (Average),82.1,710,ghost,grass,91.9,93.3,101,866001,50,893,Astonish,Grass Knot,Foul Play,5,4,5,75000
Corvisquire (Shadow),82,822,flying,none,94.8,84,123,979474,49.5,964,Peck,Sky Attack,Payback,7,8,1,10000
Fraxure,82,611,dragon,none,103.2,65.5,84,567806,25,767,Dragon Tail,Aqua Tail,Night Slash,3,3,5,75000
Pidgeot (Mega),82,18,normal,flying,105.1,69.6,76,555937,15,767,Gust,Brave Bird,Twister,4,3,1,10000
Serperior (Shadow),82,497,grass,none,78.8,101.8,93,746031,25,767,Vine Whip,Frenzy Plant,Leaf Tornado,6,5,3,10000
Servine,82,496,grass,none,85.1,112.8,114,1094318,50,966,Vine Whip,Grass Knot,Wrap,7,6,3,10000
Suicune,82,245,water,none,76,102.3,98,761930,18.5,762,Ice Fang,Bubble Beam,Scald,9,9,20,100000
Blacephalon,81.9,806,fire,ghost,124.2,63.3,60,471712,16.5,766,Incinerate,Mind Blown,Shadow Ball,2,3,20,100000
Grapploct,81.9,853,fighting,none,93.3,76.6,88,628917,21,768,Waterfall,Superpower,Ice Punch,4,4,3,50000
Machop,81.9,66,fighting,none,102.7,65.5,126,847583,50,934,Karate Chop,Cross Chop,Brick Break,4,5,3,50000
Metagross,81.9,376,steel,psychic,95,87.3,74,613719,14.5,766,Shadow Claw,Meteor Mash,Earthquake,6,9,5,75000
Ninjask,81.9,291,bug,flying,103.6,63.3,86,563978,28.5,767,Fury Cutter,Aerial Ace,Shadow Ball,12,13,5,75000
Audino,81.8,531,normal,none,70.1,104.3,143,1045534,38,858,Charge Beam,Body Slam,Disarming Voice,4,5,3,50000
Furfrou,81.8,676,normal,none,82.6,89.5,95,702307,26.5,765,Take Down,Dark Pulse,Grass Knot,5,6,5,75000
Rotom (Mow),81.8,479,electric,grass,92.2,103.7,66,631035,21.5,767,Thunder Shock,Ominous Wind,Leaf Storm,5,7,5,75000
Scrafty,81.8,560,dark,fighting,79,112.1,83,735040,24.5,765,Counter,Foul Play,Upper Hand,7,7,3,50000
Uxie,81.8,480,psychic,none,73.1,126,87,801322,22,766,Confusion,Swift,Thunder,3,5,20,100000
Comfey,81.7,764,fairy,none,83.1,112.7,75,702403,26.5,768,Vine Whip,Draining Kiss,Grass Knot,7,7,3,50000
Golett,81.7,622,ground,ghost,96,72.3,113,784310,50,869,Astonish,Shadow Punch,Brick Break,4,4,5,75000
Hypno (Shadow),81.7,97,psychic,none,74,102.3,105,794871,27,767,Confusion,Thunder Punch,Ice Punch,3,3,3,50000
Moltres,81.7,146,fire,flying,97.9,74.2,82,595663,16,767,Wing Attack,Fly,Heat Wave,6,6,20,100000
Swoobat,81.7,528,psychic,flying,93.7,75.2,102,718716,34.5,821,Confusion,Fly,Psychic Fangs,4,3,1,10000
Weavile (Shadow),81.7,461,dark,ice,101.5,75.2,76,580093,18.5,767,Snarl,Avalanche,Foul Play,4,4,3,50000
Decidueye (Hisuian),81.6,724,grass,fighting,90.8,78.3,91,646977,19,767,Psycho Cut,Energy Ball,Aura Sphere,5,5,3,10000
Exeggutor (Alolan) (Shadow),81.6,103,grass,dragon,96.2,67.8,93,606579,18.5,766,Dragon Tail,Seed Bomb,Draco Meteor,4,6,3,50000
Grimer,81.6,88,poison,none,97.3,71,138,953345,50,964,Poison Jab,Sludge,Mud Bomb,6,7,3,50000
Noctowl (Shadow),81.6,164,normal,flying,75.3,86,120,777096,28,767,Wing Attack,Sky Attack,Shadow Ball,7,7,1,10000
Pinsir (Mega),81.6,127,bug,flying,106.5,84.8,61,550903,13,767,Fury Cutter,Close Combat,X-Scissor,12,10,5,75000
Regirock (Shadow),81.6,377,rock,none,75.7,127.7,79,763684,17,764,Lock On,Stone Edge,Focus Blast,11,15,20,100000
Sandshrew,81.6,27,ground,none,95.3,91.2,102,886519,50,922,Scratch,Sand Tomb,Rock Tomb,12,13,3,50000
Scyther,81.6,123,bug,flying,96.5,78.3,80,604476,20.5,768,Fury Cutter,X-Scissor,Night Slash,10,9,5,75000
Slowbro (Shadow),81.6,80,water,psychic,81.1,86.5,103,722560,22,767,Confusion,Drain Punch,Ice Beam,3,4,3,50000
Tinkatuff,81.6,958,fairy,steel,83.8,108.1,120,1087054,50,955,Fairy Wind,Play Rough,Flash Cannon,7,8,3,75000
Golem (Alolan),81.5,76,rock,electric,89.6,87.5,83,650720,19,766,Volt Switch,Wild Charge,Rock Blast,3,3,1,10000
Slowbro,81.5,80,water,psychic,81.1,86.5,103,722560,22,767,Confusion,Drain Punch,Ice Beam,3,4,3,50000
Stunky (Shadow),81.4,434,poison,dark,91.9,71,118,769938,50,841,Scratch,Crunch,Trailblaze,12,12,3,50000
Suicune (Shadow),81.4,245,water,none,76.6,100.1,97,743763,18,756,Ice Fang,Bubble Beam,Scald,9,9,20,100000
Torterra,81.4,389,grass,ground,85.8,83.7,95,682239,19,766,Mud Slap,Frenzy Plant,Sand Tomb,5,5,3,10000
Aggron,81.3,306,steel,rock,83.4,111.4,76,706098,18.5,767,Metal Sound,Meteor Beam,Brick Break,8,5,1,10000
Darmanitan (Standard),81.3,555,fire,none,107.1,51.6,99,547110,17.5,766,Incinerate,Rock Slide,Overheat,3,3,3,50000
Dugtrio (Shadow),81.3,51,ground,none,105.2,92.4,77,748477,41,888,Sucker Punch,Mud Bomb,Stone Edge,7,8,3,50000
Flareon,81.3,136,fire,none,101.8,78.7,72,576840,18,766,Ember,Superpower,Heat Wave,5,5,5,75000
Hatterene,81.3,858,psychic,fairy,101.7,82.3,69,577524,19.5,767,Psycho Cut,Psyshock,Power Whip,5,6,5,50000
Chandelure,81.2,609,ghost,fire,108.4,75.3,66,538726,17,767,Incinerate,Shadow Ball,Energy Ball,3,3,5,75000
Gigalith,81.2,526,rock,none,91,84.7,83,639739,17,767,Lock On,Superpower,Meteor Beam,8,12,3,50000
Graveler (Alolan),81.2,75,rock,electric,86.9,93.7,83,675830,30,767,Volt Switch,Stone Edge,Rock Blast,4,3,1,10000
Magmar,81.2,126,fire,none,96.7,77,81,603118,23,766,Karate Chop,Fire Punch,Scorching Sands,5,6,5,75000
Coalossal,81.1,839,rock,fire,70.2,99.7,119,832874,24,767,Fire Spin,Rock Slide,Flame Charge,5,5,3,10000
Beautifly,81,267,bug,flying,106,61.5,93,606267,33,802,Infestation,Air Cutter,Silver Wind,4,4,1,10000
Bewear,81,760,normal,fighting,92.7,62.4,109,630508,17.5,766,Low Kick,Superpower,Stomp,5,5,1,10000
Exeggutor (Alolan),81,103,grass,dragon,96.2,67.8,93,606579,18.5,766,Dragon Tail,Seed Bomb,Draco Meteor,4,6,3,50000
Lampent,81,608,ghost,fire,98.4,73.5,96,694310,35,826,Ember,Heat Wave,Energy Ball,5,5,5,75000
Quilladin,81,651,grass,none,85.4,96.7,96,792785,35,825,Low Kick,Energy Ball,Body Slam,6,5,3,10000
Braixen,80.9,654,fire,none,94.2,77.2,88,639957,31,779,Ember,Psyshock,Flame Charge,5,6,3,10000
Houndour,80.9,228,dark,fire,112.8,66.2,96,716867,50,902,Ember,Dark Pulse,Flamethrower,5,7,3,50000
Purugly,80.9,432,normal,none,89.8,75.5,95,644091,28.5,764,Scratch,Aerial Ace,Thunder,12,15,3,50000
Accelgor (Shadow),80.8,617,bug,none,102.4,60.7,92,571843,22.5,767,Infestation,Energy Ball,Bug Buzz,4,5,3,50000
Avalugg,80.8,713,ice,none,80,101.1,91,736008,17.5,767,Ice Fang,Avalanche,Body Slam,8,7,3,50000
Lairon,80.8,305,steel,rock,81.4,105.3,84,719999,27,767,Metal Sound,Rock Tomb,Body Slam,7,5,1,10000
Sceptile (Mega),80.8,254,grass,dragon,113.8,70.2,64,511281,13.5,766,Fury Cutter,Leaf Blade,Breaking Swipe,9,13,3,10000
Volcanion,80.8,721,fire,water,97,84,74,602952,15,764,Incinerate,Scald,Overheat,3,3,20,100000
Zoroark,80.8,571,dark,none,112.6,62.9,73,517025,21.5,767,Shadow Claw,Foul Play,Sludge Bomb,5,7,5,75000
Smoochum,80.7,238,ice,psychic,113.5,71.6,96,780154,50,944,Powder Snow,Psyshock,Ice Punch,5,5,5,10000
Litleo,80.6,667,fire,normal,97.2,84.5,115,944541,48.5,958,Incinerate,Flame Charge,Crunch,3,3,3,10000
Metagross (Shadow),80.6,376,steel,psychic,95,87.3,74,613719,14.5,766,Shadow Claw,Meteor Mash,Earthquake,6,9,5,75000
Sneasel (Shadow),80.6,215,dark,ice,95.8,79.9,79,604699,27,766,Ice Shard,Avalanche,Foul Play,5,4,3,50000
Tangrowth (Shadow),80.6,465,grass,none,86.4,80.7,97,676331,18,765,Vine Whip,Power Whip,Rock Slide,7,6,3,50000
Thundurus (Incarnate),80.6,642,electric,flying,106,68.3,76,550225,16.5,767,Thunder Shock,Thunder Punch,Brick Break,5,5,20,100000
Tyrunt,80.6,696,rock,dragon,96.1,81.8,98,770376,38.5,862,Dragon Tail,Rock Tomb,Stomp,5,4,5,75000
Pyroar,80.5,668,fire,normal,96.6,70.1,90,609449,20,767,Incinerate,Flame Charge,Dark Pulse,3,3,3,10000
Sharpedo,80.5,319,water,dark,119.2,45.8,90,491342,25.5,766,Bite,Crunch,Poison Fang,12,10,3,50000
Corvisquire,80.4,822,flying,none,94.8,84,123,979474,49.5,964,Peck,Sky Attack,Payback,7,8,1,10000
Pumpkaboo (Small),80.3,710,ghost,grass,92.6,93.9,95,826038,50,878,Astonish,Grass Knot,Foul Play,5,4,5,75000
Purugly (Shadow),80.3,432,normal,none,89.8,75.5,95,644091,28.5,764,Scratch,Aerial Ace,Thunder,12,15,3,50000
Relicanth,80.3,369,water,rock,75.2,95.6,108,776425,22.5,767,Water Gun,Aqua Tail,Ancient Power,12,15,5,75000
Crocalor,80.2,910,fire,none,85.4,75.7,106,685267,29,765,Incinerate,Crunch,Disarming Voice,3,3,3,10000
Huntail,80.2,367,water,none,93.6,89.9,74,622683,23.5,766,Bite,Aqua Tail,Crunch,9,12,3,50000
Kangaskhan (Mega),80.2,115,normal,none,91,81.5,87,645236,14.5,767,Low Kick,Brick Break,Crunch,5,6,3,50000
Palpitoad,80.2,536,water,ground,92.7,82.1,129,981776,48,954,Mud Shot,Earth Power,Water Pulse,6,6,3,50000
Tropius,80.2,357,grass,flying,72.6,91.6,121,804669,29,766,Air Slash,Leaf Blade,Brutal Swing,4,4,5,75000
Tyrantrum,80.2,697,rock,dragon,92.3,82.4,83,631258,17.5,764,Dragon Tail,Rock Tomb,Crunch,5,4,5,75000
Weezing,80.2,110,poison,none,84.1,100.3,83,700124,25,768,Rollout,Sludge Bomb,Dark Pulse,4,4,3,50000
Misdreavus,80.1,200,ghost,none,88,86.5,87,662244,29,765,Psywave,Dark Pulse,Shadow Sneak,12,13,3,50000
Steelix (Mega),80.1,208,steel,ground,80.3,125.8,72,727325,15,767,Thunder Fang,Psychic Fangs,Crunch,6,8,5,75000
Weepinbell,80.1,70,grass,poison,105.8,65.1,107,736971,40.5,883,Acid,Power Whip,Seed Bomb,7,5,3,50000
Chandelure (Shadow),80,609,ghost,fire,108.4,75.3,66,538726,17,767,Incinerate,Shadow Ball,Energy Ball,3,3,5,75000
Golduck (Shadow),80,55,water,none,88.8,80.2,92,655202,22.5,767,Confusion,Cross Chop,Liquidation,3,4,3,50000
Landorus (Incarnate),80,645,ground,flying,100.3,72.2,81,586574,15,767,Mud Shot,Earth Power,Rock Slide,6,5,20,100000
Totodile (Shadow),80,158,water,none,89.2,83.8,102,762446,50,827,Scratch,Aqua Jet,Crunch,10,12,3,10000
Weezing (Shadow),80,110,poison,none,84.2,99.8,83,697462,24.5,767,Rollout,Sludge Bomb,Dark Pulse,4,4,3,50000
Anorith,79.9,347,rock,bug,113.5,71.9,90,734459,43.5,912,Scratch,Aqua Jet,Ancient Power,10,12,3,50000
Kricketune,79.9,402,bug,none,96.6,67.7,116,758619,38,856,Fury Cutter,X-Scissor,Aerial Ace,10,12,1,10000
Lairon (Shadow),79.8,305,steel,rock,81.4,105.3,84,719999,27,767,Metal Sound,Rock Tomb,Body Slam,7,5,1,10000
Sawk,79.8,539,fighting,none,100.4,69.7,83,580824,20,767,Low Kick,Brick Break,Body Slam,5,5,5,75000
Gholdengo,79.6,1000,steel,ghost,96.3,77.1,81,601403,15.5,764,Hex,Shadow Ball,Power Gem,4,4,5,10000
Krabby (Shadow),79.6,98,water,none,114.6,86.1,71,700561,42,897,Bubble,Vise Grip,Razor Shell,4,4,3,50000
Mr. Mime,79.6,122,psychic,fairy,94.1,103.2,64,621512,25,768,Psywave,Shadow Ball,Psychic,13,14,5,75000
Obstagoon (Shadow),79.6,862,dark,normal,81,91.5,98,726327,21,767,Counter,Cross Chop,Night Slash,6,6,3,10000
Parasect,79.6,47,bug,grass,89.2,85,88,667216,30.5,774,Fury Cutter,X-Scissor,Cross Poison,10,9,3,50000
Eelektrik,79.5,603,electric,none,91.1,82,101,754490,35.5,830,Acid,Discharge,Crunch,5,6,1,10000
Grotle (Shadow),79.5,388,grass,none,84.3,82.2,101,699875,30,767,Bite,Energy Ball,Body Slam,12,10,3,10000
Pignite (Shadow),79.5,499,fire,fighting,91.1,62.3,113,641335,29,766,Ember,Rock Tomb,Flame Charge,6,6,3,10000
Stunky,79.5,434,poison,dark,91.9,71,118,769938,50,841,Scratch,Crunch,Trailblaze,12,12,3,50000
Chimecho,79.4,358,psychic,none,85.5,86.5,93,687805,25,767,Astonish,Psyshock,Energy Ball,4,5,5,75000
Shiftry,79.4,275,grass,dark,95.4,63,102,613040,23.5,766,Snarl,Leaf Blade,Foul Play,3,4,3,50000
Tauros (Combat),79.4,128,fighting,none,91.5,86.3,81,639612,20,767,Double Kick,Close Combat,Trailblaze,4,4,3,50000
Torterra (Shadow),79.4,389,grass,ground,85.8,83.7,95,682239,19,766,Mud Slap,Frenzy Plant,Sand Tomb,5,5,3,10000
Wormadam (Plant),79.4,413,bug,grass,81.4,107.2,94,820252,34.5,820,Sucker Punch,Energy Ball,Bug Buzz,7,9,1,10000
Electrode,79.3,101,electric,none,87.9,90.4,84,667477,27,767,Volt Switch,Discharge,Foul Play,3,3,3,50000
Frosmoth,79.3,873,ice,bug,101.2,72.3,79,578024,20.5,767,Powder Snow,Icy Wind,Bug Buzz,6,8,5,75000
Heatran,79.3,485,fire,steel,95.1,80.3,81,618559,15,767,Fire Spin,Magma Storm,Earth Power,4,5,20,100000
Karrablast,79.3,588,bug,none,102.7,68.9,102,721755,50,864,Fury Cutter,Drill Run,X-Scissor,10,10,3,50000
Slowbro (Mega),79.3,80,water,psychic,84.1,99.3,83,693144,14.5,766,Confusion,Drain Punch,Ice Beam,3,4,3,50000
Drifloon,79.2,425,ghost,flying,89.2,64.2,150,858996,50,875,Hex,Shadow Ball,Icy Wind,4,4,5,75000
Liepard (Shadow),79.2,510,dark,none,100,63.3,92,582360,30,765,Snarl,Dark Pulse,Play Rough,4,5,1,10000
Seviper,79.2,336,poison,none,98.4,64.4,93,589337,26.5,765,Poison Jab,Poison Fang,Wrap,6,7,3,50000
Banette,79.1,354,ghost,none,103.9,66,82,562307,24,766,Shadow Claw,Shadow Ball,Dazzling Gleam,7,7,3,50000
Charmeleon,79.1,5,fire,none,96.1,83,97,773701,38.5,863,Ember,Fire Punch,Return,5,8,3,10000
Growlithe (Hisuian),79.1,58,fire,rock,106.1,72.3,114,874497,50,966,Ember,Rock Slide,Flamethrower,5,7,3,50000
Metagross (Mega),79.1,376,steel,psychic,97,96.4,64,598451,11,765,Shadow Claw,Meteor Mash,Earthquake,6,9,5,75000
Pignite,79.1,499,fire,fighting,91.1,62.3,113,641335,29,766,Ember,Rock Tomb,Flame Charge,6,6,3,10000
Registeel (Shadow),79.1,379,steel,none,68.3,135.2,91,840309,23,758,Lock On,Flash Cannon,Focus Blast,13,15,20,100000
Rotom (Heat),79.1,479,electric,fire,92.2,103.7,66,631035,21.5,767,Thunder Shock,Overheat,Thunderbolt,7,7,5,75000
Grovyle (Shadow),79,253,grass,none,102.2,77.4,87,688194,36.5,842,Bullet Seed,Leaf Blade,Aerial Ace,3,4,3,10000
Linoone (Galarian) (Shadow),79,264,dark,normal,86.6,84.8,116,851867,38.5,861,Snarl,Body Slam,Dig,4,4,1,10000
Mankey (Shadow),79,56,fighting,none,110.1,65.5,91,656251,50,851,Karate Chop,Cross Chop,Brick Break,4,5,3,50000
Pidgeotto (Shadow),79,17,normal,flying,89.2,81.1,118,853626,50,873,Wing Attack,Air Cutter,Twister,5,5,1,10000
Porygon-Z (Shadow),79,474,normal,none,105.6,63,83,552182,17,768,Lock On,Tri Attack,Zap Cannon,10,16,3,50000
Beartic,78.9,614,ice,none,96.9,67.3,93,606487,18,767,Powder Snow,Ice Punch,Liquidation,5,6,3,50000
Cherrim (Sunshine),78.9,421,grass,none,87.2,83.2,93,674719,27.5,767,Bullet Seed,Weather Ball (Fire),Solar Beam,3,7,1,10000
Maschiff,78.9,942,dark,none,100.1,81,110,891891,47.5,947,Bite,Crunch,Psychic Fangs,12,9,3,50000
Slowbro (Galarian),78.9,80,poison,psychic,85.2,77.5,104,686712,22.5,767,Confusion,Drain Punch,Sludge Bomb,3,4,3,50000
Tangrowth,78.9,465,grass,none,86.4,80.7,97,676331,18,765,Vine Whip,Power Whip,Rock Slide,7,6,3,50000
Prinplup,78.8,394,water,none,88.9,87.8,102,796153,36.5,841,Bubble,Icy Wind,Bubble Beam,5,5,3,10000
Sneasel (Hisuian) (Shadow),78.8,215,fighting,poison,95.8,79.9,79,604699,27,766,Poison Jab,Close Combat,X-Scissor,7,6,3,50000
Celesteela,78.7,797,steel,flying,85.5,86.4,93,687010,18,767,Air Slash,Body Slam,Iron Head,5,6,20,100000
Monferno,78.7,391,fire,fighting,100.3,74.3,107,797395,42,897,Ember,Flame Wheel,Low Sweep,5,5,3,10000
Trapinch (Shadow),78.7,328,ground,none,119.6,62.8,96,721044,50,932,Sand Attack,Sand Tomb,Crunch,12,12,5,75000
Garbodor (Shadow),78.6,569,poison,none,86.6,82.9,94,674839,23.5,766,Infestation,Body Slam,Seed Bomb,4,4,3,50000
Stoutland,78.6,508,normal,none,88.6,83.1,89,655277,19.5,766,Take Down,Wild Charge,Crunch,5,5,1,10000
Archen (Shadow),78.5,566,rock,flying,114.1,54.4,83,515184,30,768,Wing Attack,Ancient Power,Crunch,6,6,5,75000
Koffing (Shadow),78.5,109,poison,none,90.5,105.4,91,868022,50,887,Infestation,Sludge,Dark Pulse,4,4,3,50000
Alakazam (Mega),78.4,65,psychic,none,123.1,73.2,52,468568,12,766,Psycho Cut,Fire Punch,Shadow Ball,5,6,3,50000
Grotle,78.4,388,grass,none,84.3,82.2,101,699875,30,767,Bite,Body Slam,Energy Ball,10,12,3,10000
Thwackey,78.4,811,grass,none,88.5,76.9,97,660148,30,767,Scratch,Energy Ball,Grass Knot,12,13,3,10000
Weavile,78.4,461,dark,ice,101.5,75.2,76,580093,18.5,767,Snarl,Avalanche,Foul Play,4,4,3,50000
Lycanroc (Midday),78.3,745,rock,none,102.1,66.6,84,571188,20.5,767,Sucker Punch,Drill Run,Stone Edge,6,8,5,50000
Magby,78.3,240,fire,none,112.2,77,96,829382,50,967,Karate Chop,Fire Punch,Brick Break,5,5,5,10000
Porygon2,78.3,233,normal,none,87.4,84.4,91,671267,20.5,767,Lock On,Tri Attack,Zap Cannon,10,16,3,50000
Combusken,78.2,256,fire,fighting,98.3,76.1,98,733102,37.5,852,Ember,Rock Slide,Flame Charge,5,6,3,10000
Lycanroc (Dusk),78.1,745,rock,none,103.4,65.8,83,564709,20,767,Sucker Punch,Stone Edge,Trailblaze,8,7,5,50000
Misdreavus (Shadow),78.1,200,ghost,none,88,86.5,87,662244,29,765,Astonish,Dark Pulse,Shadow Sneak,5,5,3,50000
Ponyta,78.1,77,fire,none,99.8,80.8,87,701554,36,837,Ember,Flame Wheel,Stomp,5,5,3,50000
Alakazam,78,65,psychic,none,111.5,72.6,65,526169,18,767,Psycho Cut,Fire Punch,Shadow Ball,5,6,3,50000
Bouffalant,78,626,normal,none,85,82.9,98,690557,20,767,Mud Shot,Stomp,Megahorn,5,7,3,50000
Archeops (Shadow),77.8,567,rock,flying,114.9,58.6,76,511719,16.5,767,Wing Attack,Ancient Power,Crunch,6,6,5,75000
Geodude (Alolan) (Shadow),77.8,74,rock,electric,99.3,99.3,91,897305,50,945,Volt Switch,Rock Tomb,Rock Slide,4,3,1,10000
Heatmor,77.8,631,fire,none,96.4,66.2,95,606260,23.5,768,Fire Spin,Thunder Punch,Flamethrower,4,6,3,50000
Bibarel,77.7,400,normal,water,89,71.9,108,691103,31.5,785,Take Down,Surf,Hyper Fang,5,6,1,10000
Wobbuffet,77.7,202,psychic,none,50.7,81.8,268,1111466,50,750,Counter,Mirror Coat,Return,8,12,3,50000
Ribombee,77.6,743,bug,fairy,97.5,75.8,81,598631,25.5,766,Fairy Wind,Draining Kiss,Bug Buzz,7,7,1,10000
Banette (Shadow),77.5,354,ghost,none,104.4,65.5,82,560732,24,767,Shadow Claw,Shadow Ball,Dazzling Gleam,7,7,3,50000
Bisharp,77.5,625,dark,steel,100,78.5,75,588750,19.5,767,Snarl,Dark Pulse,Iron Head,4,4,5,75000
Celebi,77.5,251,psychic,grass,86.2,85.4,92,677256,16.5,767,Confusion,Aura Sphere,Leaf Storm,3,4,20,100000
Basculin,77.4,550,water,none,95.8,69.5,92,612545,27,767,Water Gun,Aqua Tail,Aqua Jet,12,14,1,10000
Probopass,77.4,476,rock,steel,68.7,145.3,85,848479,27.5,763,Rock Throw,Rock Slide,Magnet Bomb,9,8,3,50000
Oddish,77.3,43,grass,poison,98.7,85.8,96,812972,50,898,Acid,Seed Bomb,Moonblast,5,7,3,50000
Sneasel (Hisuian),77.3,215,fighting,poison,95.8,79.9,79,604699,27,766,Poison Jab,Close Combat,X-Scissor,7,6,3,50000
Kingler (Shadow),77.2,99,water,none,103.4,82.7,66,564378,19.5,767,Bubble,Crabhammer,Vise Grip,5,4,3,50000
Porygon,77.2,137,normal,none,89.4,86,100,768840,35.5,832,Quick Attack,Discharge,Hyper Beam,5,10,3,50000
Regice,77.2,378,ice,none,74.8,128.7,81,779768,17.5,767,Lock On,Blizzard,Thunder,15,12,20,100000
Tauros (Blaze),77.2,128,fighting,fire,91.5,86.3,81,639612,20,767,Double Kick,Flame Charge,Trailblaze,5,4,3,50000
Tirtouga (Shadow),77.2,564,water,rock,90.6,104.9,102,969402,46.5,941,Bite,Surf,Ancient Power,12,12,5,75000
Bibarel (Shadow),77.1,400,normal,water,89,71.9,108,691103,31.5,785,Take Down,Surf,Hyper Fang,5,6,1,10000
Cryogonal,77.1,615,ice,none,82.9,98.7,86,703672,20,767,Ice Shard,Triple Axel,Night Slash,5,4,5,75000
Dugtrio,77.1,51,ground,none,105.2,92.4,77,748477,41,888,Sucker Punch,Mud Bomb,Stone Edge,7,8,3,50000
Ferrothorn (Shadow),77,598,grass,steel,76.6,109.3,91,761887,24.5,767,Bullet Seed,Power Whip,Thunder,4,5,3,75000
Regice (Shadow),77,378,ice,none,75.7,127.7,79,763684,17,764,Lock On,Blizzard,Thunder,15,12,20,100000
Zygarde (10% Forme),77,718,dragon,ground,98.8,85.2,70,589243,22.5,764,Dragon Tail,Crunch,Earthquake,4,6,20,100000
Grovyle,76.9,253,grass,none,102.2,77.4,87,688194,36.5,842,Quick Attack,Leaf Blade,Aerial Ace,5,6,3,10000
Golduck,76.8,55,water,none,88.8,80.2,92,655202,22.5,767,Confusion,Cross Chop,Liquidation,3,4,3,50000
Hitmontop,76.8,237,fighting,none,86.7,107.2,73,678480,26,767,Counter,Close Combat,Triple Axel,8,8,5,75000
Koffing,76.7,109,poison,none,90.5,105.4,91,868022,50,887,Infestation,Sludge,Dark Pulse,4,4,3,50000
Mankey,76.7,56,fighting,none,110.1,65.5,91,656251,50,851,Karate Chop,Cross Chop,Brick Break,4,5,3,50000
Stufful,76.7,759,normal,fighting,100.2,74,125,926850,49.5,966,Take Down,Superpower,Stomp,5,5,1,10000
Tirtouga,76.7,564,water,rock,90.6,104.9,102,969402,46.5,941,Bite,Surf,Ancient Power,12,12,5,75000
Wyrdeer,76.7,899,normal,psychic,90.6,68.4,104,644492,20,766,Confusion,Stomp,Wild Charge,3,4,5,75000
Hitmontop (Shadow),76.6,237,fighting,none,86.7,107.2,73,678480,26,767,Counter,Close Combat,Triple Axel,8,8,5,75000
Mabosstiff,76.6,943,dark,none,96.2,75.2,84,607676,18.5,765,Bite,Crunch,Psychic Fangs,12,9,3,50000
Noivern,76.6,715,flying,dragon,89.7,81.2,90,655528,20,767,Bite,Heat Wave,Hurricane,12,15,5,75000
Stufful (Shadow),76.6,759,normal,fighting,100.2,74,125,926850,49.5,966,Take Down,Superpower,Stomp,5,5,1,10000
Loudred (Shadow),76.5,294,normal,none,100.7,64.9,143,934566,50,970,Bite,Stomp,Disarming Voice,10,12,1,10000
Sawsbuck,76.5,586,normal,grass,92.6,72.9,93,627800,23,766,Take Down,Wild Charge,Trailblaze,5,5,3,50000
Growlithe,76.4,58,fire,none,102,73,108,804168,50,909,Ember,Flame Wheel,Body Slam,5,5,3,50000
Noivern (Shadow),76.4,715,flying,dragon,89.7,81.2,90,655528,20,767,Bite,Heat Wave,Hurricane,12,15,5,75000
Slowpoke,76.4,79,water,psychic,83.8,76.4,150,960348,50,896,Confusion,Psyshock,Water Pulse,3,4,3,50000
Mudsdale,76.3,750,ground,none,88.4,76.6,97,656830,18,763,Mud Slap,Bulldoze,Body Slam,6,4,3,50000
Pidgeotto,76.3,17,normal,flying,89.2,81.1,118,853626,50,873,Wing Attack,Air Cutter,Twister,5,5,1,10000
Wormadam (Sandy),76.3,413,bug,ground,81.4,107.2,94,820252,34.5,820,Sucker Punch,Bulldoze,Bug Buzz,8,9,1,10000
Watchog,76.1,505,normal,none,90.6,82.6,91,681004,31.5,786,Low Kick,Crunch,Grass Knot,6,7,1,10000
Bergmite,76,712,ice,none,89.2,91.2,108,878584,50,888,Bite,Icy Wind,Crunch,12,12,3,50000
Sandaconda,76,844,ground,none,88,94.4,80,664576,20,766,Mud Slap,Earth Power,Wrap,5,5,3,50000
Omanyte (Shadow),75.9,138,rock,water,99.6,105.3,78,818055,43,908,Mud Shot,Rock Tomb,Rock Blast,6,5,5,75000
Prinplup (Shadow),75.8,394,water,none,88.9,87.8,102,796153,36.5,841,Bubble,Icy Wind,Bubble Beam,5,5,3,10000
Vanillish,75.8,583,ice,none,94.9,92.4,93,815495,40.5,882,Astonish,Icy Wind,Signal Beam,5,6,3,50000
Durant,75.7,632,bug,steel,96.8,87.6,71,602057,21,767,Bug Bite,X-Scissor,Iron Head,14,17,3,50000
Floette,75.7,670,fairy,none,89.4,105.2,100,940488,44,917,Vine Whip,Dazzling Gleam,Petal Blizzard,7,9,3,50000
Leafeon,75.7,470,grass,none,91.6,95.8,73,640595,19,768,Quick Attack,Leaf Blade,Energy Ball,5,6,5,75000
Obstagoon,75.7,862,dark,normal,81,91.5,98,726327,21,767,Counter,Night Slash,Cross Chop,6,6,3,10000
Omastar (Shadow),75.7,139,rock,water,90.6,91.9,78,649439,20,768,Mud Shot,Rock Slide,Hydro Pump,5,9,5,75000
Swellow (Shadow),75.7,277,normal,flying,97.3,71.5,86,598298,29,767,Wing Attack,Brave Bird,Sky Attack,7,7,1,10000
Espeon,75.6,196,psychic,none,105.9,75.6,69,552417,17.5,768,Confusion,Psychic Fangs,Shadow Ball,3,4,5,75000
Floragato,75.6,907,grass,none,93.6,83.1,98,762260,37,848,Leafage,Energy Ball,Play Rough,6,8,3,10000
Ferrothorn,75.5,598,grass,steel,76.6,109.3,91,761887,24.5,767,Bullet Seed,Power Whip,Thunder,4,5,3,75000
Poipole,75.5,803,poison,none,89.4,84.9,102,774186,36,834,Peck,Sludge Bomb,Fell Stinger,7,5,20,100000
Probopass (Shadow),75.5,476,rock,steel,69.7,142.3,85,843056,27.5,767,Rock Throw,Rock Slide,Magnet Bomb,9,8,3,50000
Garbodor,75.4,569,poison,none,86.6,82.9,94,674839,23.5,766,Infestation,Body Slam,Gunk Shot,4,7,3,50000
Jolteon,75.4,135,electric,none,98.3,82.1,74,597212,19,766,Thunder Shock,Discharge,Last Resort,5,7,5,75000
Bayleef (Shadow),75.2,153,grass,none,84.7,113.6,114,1096899,49.5,965,Magical Leaf,Ancient Power,Energy Ball,5,5,3,10000
Loudred,75.1,294,normal,none,100.7,64.9,143,934566,50,970,Bite,Stomp,Disarming Voice,10,12,1,10000
Totodile,75.1,158,water,none,89.2,83.8,102,762446,50,827,Scratch,Aqua Jet,Crunch,10,12,3,10000
Buneary,75,427,normal,none,98,81.1,108,858362,50,920,Quick Attack,Swift,Fire Punch,5,5,3,50000
Omanyte,75,138,rock,water,99.6,105.3,78,818055,43,908,Mud Shot,Rock Tomb,Rock Blast,6,5,5,75000
Palossand,74.9,770,ghost,ground,83.4,88,96,704563,23,767,Astonish,Shadow Ball,Earth Power,5,5,3,50000
Slowpoke (Shadow),74.8,79,water,psychic,83.8,76.4,150,960348,50,896,Confusion,Psyshock,Water Pulse,3,4,3,50000
Mudbray,74.7,749,ground,none,92.9,70.6,96,629639,29.5,766,Mud Slap,Bulldoze,Body Slam,6,4,3,50000
Quilava (Shadow),74.6,156,fire,none,96.1,83,97,773701,38.5,863,Ember,Flame Charge,Dig,6,6,3,10000
Cloyster,74.5,91,water,ice,85.2,121.5,66,683219,22,767,Ice Shard,Icy Wind,Liquidation,5,5,3,50000
Rotom,74.5,479,electric,ghost,94.7,86.2,76,620399,27.5,767,Astonish,Thunderbolt,Ominous Wind,6,5,5,75000
Torracat,74.5,726,fire,none,100.6,66.7,100,671002,35,824,Ember,Flame Charge,Crunch,6,5,3,10000
Bayleef,74.4,153,grass,none,84.7,113.6,114,1096899,49.5,965,Magical Leaf,Ancient Power,Energy Ball,5,5,3,10000
Elekid,74.4,239,electric,none,101.4,78.4,96,763177,50,882,Thunder Shock,Thunder Punch,Brick Break,5,5,5,10000
Sneasel,74.4,215,dark,ice,95.8,79.9,79,604699,27,766,Ice Shard,Avalanche,Foul Play,5,4,3,50000
Donphan,74.3,232,ground,none,89.6,81,90,653184,18.5,766,Mud Slap,Trailblaze,Earthquake,5,7,3,50000
Gloom,74.3,44,grass,poison,91.3,87.2,98,780213,37,847,Acid,Moonblast,Sludge Bomb,7,7,3,50000
Swadloon,74.3,541,bug,grass,85.8,117.6,108,1089729,50,970,Bug Bite,Energy Ball,Silver Wind,15,15,1,10000
Ambipom,74.2,424,normal,none,95.8,72,89,613886,23,768,Scratch,Aerial Ace,Return,12,18,3,50000
Archeops,74.1,567,rock,flying,114.9,58.6,76,511719,16.5,767,Wing Attack,Ancient Power,Crunch,6,6,5,75000
Aron,74.1,304,steel,rock,91.9,105.4,102,987999,50,956,Metal Sound,Rock Tomb,Iron Head,7,7,1,10000
Corphish (Shadow),74.1,341,water,none,105.4,77,94,762885,50,899,Bubble,Aqua Jet,Vise Grip,4,4,3,50000
Ponyta (Galarian),74.1,77,psychic,none,99.8,80.8,87,701554,36,837,Psycho Cut,Swift,Play Rough,4,7,3,50000
Porygon-Z,74.1,474,normal,none,105.6,63,83,552182,17,768,Lock On,Tri Attack,Zap Cannon,10,16,3,50000
Archen,74,566,rock,flying,114.1,54.4,83,515184,30,768,Wing Attack,Ancient Power,Crunch,6,6,5,75000
Donphan (Shadow),74,232,ground,none,89.6,81,90,653184,18.5,766,Mud Slap,Trailblaze,Earthquake,5,7,3,50000
Espathra,74,956,psychic,none,94.3,64.4,102,619438,22.5,767,Confusion,Psyshock,Dazzling Gleam,3,4,3,50000
Kingler,74,99,water,none,103.4,82.7,66,564378,19.5,767,Mud Shot,Crabhammer,Vise Grip,6,5,3,50000
Luxio,74,404,electric,none,106,72.4,110,844184,47.5,949,Bite,Wild Charge,Crunch,12,12,5,75000
Nuzleaf (Shadow),74,274,grass,dark,100.7,62.8,126,796819,50,897,Feint Attack,Leaf Blade,Foul Play,6,7,3,50000
Simipour,74,516,water,none,97.3,68.6,90,600730,23.5,765,Bite,Surf,Crunch,12,12,3,50000
Snover (Shadow),74,459,grass,ice,87.8,81.1,114,811746,50,847,Powder Snow,Energy Ball,Ice Beam,6,7,3,50000
Corsola,73.9,222,water,rock,87,113.7,107,1058433,49,962,Bubble,Power Gem,Rock Blast,5,4,3,50000
Mantyke,73.9,458,water,flying,81.1,131.1,96,1020692,50,912,Bubble,Water Pulse,Aerial Ace,5,5,5,10000
Trapinch,73.9,328,ground,none,119.6,62.8,96,721044,50,932,Sand Attack,Sand Tomb,Crunch,12,12,5,75000
Darumaka,73.8,554,fire,none,106.1,66.2,126,885001,50,970,Fire Fang,Fire Punch,Flame Charge,7,9,3,50000
Darumaka (Shadow),73.8,554,fire,none,106.1,66.2,126,885001,50,970,Fire Fang,Fire Punch,Flame Charge,7,9,3,50000
Hattrem,73.8,857,psychic,none,93.1,87.8,97,792895,38.5,860,Confusion,Psyshock,Dazzling Gleam,3,4,5,50000
Poliwhirl (Shadow),73.7,61,water,none,91.9,93.3,119,1020338,50,970,Bubble,Scald,Mud Bomb,5,5,3,50000
Wobbuffet (Shadow),73.7,202,psychic,none,50.7,81.8,268,1111466,50,750,Counter,Mirror Coat,Frustration,8,12,3,50000
Drakloak,73.6,886,dragon,ghost,98.3,70.2,107,738371,37.5,852,Dragon Tail,Shadow Ball,Outrage,5,5,5,75000
Krookodile,73.6,553,ground,dark,95.3,70.1,92,614609,18,767,Mud Slap,Sand Tomb,Crunch,5,5,5,75000
Nidorino,73.6,33,poison,none,98.1,83,112,911938,47.5,948,Poison Sting,Sludge Bomb,Dig,6,6,3,50000
Buzzwole,73.5,794,bug,fighting,91.7,79.9,87,637434,16,767,Counter,Superpower,Lunge,7,8,20,100000
Nidorino (Shadow),73.4,33,poison,none,98.1,83,112,911938,47.5,948,Poison Sting,Sludge Bomb,Dig,6,6,3,50000
Quilava,73.4,156,fire,none,96.1,83,97,773701,38.5,863,Ember,Flame Charge,Dig,6,6,3,10000
Snubbull (Shadow),73.4,209,fairy,none,102.7,67.6,114,791447,50,904,Bite,Brick Break,Crunch,10,12,3,50000
Cloyster (Shadow),73.3,91,water,ice,85.2,121.5,66,683219,22,767,Ice Shard,Icy Wind,Liquidation,5,5,3,50000
Linoone (Galarian),73.2,264,dark,normal,86.6,84.8,116,851867,38.5,861,Snarl,Body Slam,Dig,4,4,1,10000
Octillery,73.2,224,water,none,94.1,72.1,91,617400,24,765,Lock On,Octazooka,Gunk Shot,10,15,1,10000
Slowpoke (Galarian),73.2,79,psychic,none,83.8,76.4,150,960348,50,896,Confusion,Psyshock,Surf,3,4,3,50000
Yanma,72.8,193,bug,flying,103.6,71,115,845894,46.5,940,Wing Attack,Silver Wind,Aerial Ace,6,6,3,50000
Duraludon,72.7,884,steel,dragon,98.5,80.3,75,593216,18,766,Dragon Tail,Dragon Claw,Flash Cannon,5,6,5,75000
Gloom (Shadow),72.6,44,grass,poison,91.3,87.2,98,780213,37,847,Acid,Moonblast,Sludge Bomb,7,7,3,50000
Ivysaur,72.6,2,grass,poison,89.5,91.3,99,808964,37.5,853,Vine Whip,Power Whip,Sludge Bomb,7,7,3,10000
Poliwhirl,72.6,61,water,none,91.9,93.3,119,1020338,50,970,Bubble,Scald,Mud Bomb,5,5,3,50000
Graveler (Shadow),72.5,75,rock,ground,87.7,92.9,82,668081,29.5,768,Mud Slap,Rock Slide,Dig,5,5,1,10000
Skrelp,72.5,690,poison,water,83.8,83.8,102,716289,50,777,Acid,Aqua Tail,Twister,5,5,3,50000
Appletun,72.4,842,grass,dragon,83.4,73.3,115,703020,23,767,Astonish,Energy Ball,Outrage,5,6,5,75000
Exploud (Shadow),72.4,295,normal,none,85.7,71.2,112,683406,24,767,Astonish,Crunch,Disarming Voice,5,5,1,10000
Minun,72.4,312,electric,none,87.2,95.3,97,806086,36.5,840,Quick Attack,Thunderbolt,Grass Knot,7,7,3,50000
Exeggutor (Shadow),72.3,103,grass,psychic,97.4,66.2,93,599653,18.5,767,Confusion,Seed Bomb,Psychic,3,4,3,50000
Hitmonchan,72.3,107,fighting,none,92.2,98.3,70,634428,24,766,Counter,Ice Punch,Thunder Punch,7,7,5,75000
Sandygast,72.3,769,ghost,ground,91.2,89.9,108,885479,50,902,Mud Shot,Shadow Ball,Earth Power,6,6,3,50000
Snover,72.3,459,grass,ice,87.8,81.1,114,811746,50,847,Powder Snow,Energy Ball,Ice Beam,6,7,3,50000
Aron (Shadow),72,304,steel,rock,91.9,105.4,102,987999,50,956,Metal Sound,Rock Tomb,Iron Head,7,7,1,10000
Geodude (Alolan),72,74,rock,electric,99.3,99.3,91,897305,50,945,Volt Switch,Rock Tomb,Rock Slide,4,3,1,10000
Vileplume (Shadow),72,45,grass,poison,92.2,80.6,85,631662,21.5,767,Acid,Moonblast,Sludge Bomb,7,7,3,50000
Bastiodon,71.9,411,rock,steel,63.9,196.1,110,1378387,46.5,938,Smack Down,Stone Edge,Flamethrower,7,7,5,75000
Klinklang,71.9,601,steel,none,88.9,99.8,74,656544,21,766,Metal Sound,Mirror Shot,Flash Cannon,5,9,5,75000
Liepard,71.9,510,dark,none,100,63.3,92,582360,30,765,Snarl,Dark Pulse,Play Rough,4,5,1,10000
Ivysaur (Shadow),71.8,2,grass,poison,90.1,91.3,97,797935,37,848,Vine Whip,Power Whip,Sludge Bomb,7,7,3,10000
Simisage,71.8,512,grass,none,97.3,68.6,90,600730,23.5,765,Vine Whip,Grass Knot,Crunch,7,6,3,50000
Spritzee,71.8,682,fairy,none,84.5,86.5,135,986749,50,915,Charm,Draining Kiss,Thunderbolt,7,7,3,50000
Eldegoss,71.7,830,grass,none,77.5,114.8,85,756245,28.5,766,Bullet Seed,Energy Ball,Grass Knot,4,4,3,50000
Omastar,71.7,139,rock,water,90.6,91.9,78,649439,20,768,Mud Shot,Rock Slide,Hydro Pump,5,9,5,75000
Scraggy,71.7,559,dark,fighting,96.3,98.3,101,956095,49,960,Feint Attack,Upper Hand,Foul Play,7,7,3,50000
Espurr,71.5,677,psychic,none,91.2,87.2,116,922506,50,920,Confusion,Psyshock,Energy Ball,3,4,3,50000
Gumshoos,71.4,735,normal,none,96,60.8,105,612864,25.5,768,Take Down,Rock Tomb,Crunch,6,5,1,10000
Krabby,71.4,98,water,none,114.6,86.1,71,700561,42,897,Bubble,Vise Grip,Razor Shell,4,4,3,50000
Kubfu,71.4,891,fighting,none,101,70.7,92,656944,34.5,817,Counter,Close Combat,Brick Break,8,7,20,100000
Dugtrio (Alolan) (Shadow),71.1,51,ground,steel,106,80.8,64,548147,29,767,Mud Slap,Mud Bomb,Iron Head,5,5,3,50000
Pupitar (Shadow),71.1,247,rock,ground,88.6,82.5,102,745569,34,814,Bite,Ancient Power,Dig,12,13,5,75000
Hitmonchan (Shadow),70.9,107,fighting,none,92.2,98.3,70,634428,24,766,Counter,Ice Punch,Thunder Punch,7,7,5,75000
Skorupi (Shadow),70.8,451,poison,bug,73,112.2,91,745345,50,738,Infestation,Aqua Tail,Cross Poison,3,3,5,75000
Tauros,70.8,128,normal,none,89.5,85.5,85,650441,21.5,767,Tackle,Trailblaze,Horn Attack,15,12,3,50000
Banette (Mega),70.7,354,ghost,none,118.4,64.4,65,495622,15,767,Shadow Claw,Shadow Ball,Dazzling Gleam,7,7,3,50000
Cursola,70.7,864,ghost,none,104.2,79.5,68,563305,18,766,Astonish,Night Shade,Power Gem,5,5,3,50000
Dolliv,70.7,929,grass,normal,95.3,98.7,104,978235,50,968,Magical Leaf,Earth Power,Trailblaze,5,5,3,50000
Klawf,70.7,950,rock,none,86.6,91.7,85,675004,23,767,Mud Slap,Bulldoze,Rock Tomb,6,5,3,75000
Revavroom,70.5,966,steel,poison,97.1,73.3,85,604982,19,767,Metal Sound,Overheat,Gyro Ball,7,7,3,50000
Shellos,70.5,422,water,none,79.7,81.1,133,859668,50,830,Mud Slap,Water Pulse,Body Slam,5,4,3,50000
Krokorok,70.4,552,ground,dark,107.6,70.6,114,866008,49.5,966,Mud Slap,Crunch,Bulldoze,5,6,5,75000
Carnivine,70.3,455,grass,none,93.1,72.9,93,631190,25.5,767,Vine Whip,Energy Ball,Crunch,6,6,5,75000
Slowking (Shadow),70.3,199,water,psychic,81.1,86.5,103,722560,22,767,Confusion,Surf,Blizzard,4,6,3,50000
Bastiodon (Shadow),70.2,411,rock,steel,63.9,196.1,110,1378387,46.5,938,Smack Down,Stone Edge,Flamethrower,7,7,5,75000
Crabominable,70.2,740,fighting,ice,97.9,63.3,97,601116,19,767,Bubble,Ice Punch,Brick Break,4,4,3,50000
Lilligant (Hisuian),70.2,549,grass,fighting,95.5,77.1,83,611133,22,767,Bullet Seed,Upper Hand,Petal Blizzard,4,5,1,10000
Raticate (Shadow),70.2,20,normal,none,93.2,85.9,90,720529,34.5,820,Quick Attack,Hyper Fang,Dig,7,7,1,10000
Slowking,70.2,199,water,psychic,81.1,86.5,103,722560,22,767,Confusion,Surf,Blizzard,4,6,3,50000
Exploud,70.1,295,normal,none,85.7,71.2,112,683406,24,767,Astonish,Crunch,Disarming Voice,5,5,1,10000
Rotom (Fan),70.1,479,electric,flying,92.2,103.7,66,631035,21.5,767,Astonish,Thunderbolt,Ominous Wind,6,5,5,75000
Vileplume,70.1,45,grass,poison,92.2,80.6,85,631662,21.5,767,Acid,Sludge Bomb,Petal Blizzard,7,9,3,50000
Jynx,70,124,ice,psychic,101,73.1,78,575882,21.5,767,Confusion,Avalanche,Psyshock,4,3,5,75000
Carkol,69.9,838,rock,fire,76.9,112.1,133,1146525,46.5,940,Smack Down,Rock Slide,Flame Charge,6,7,3,10000
Mr. Mime (Galarian),69.8,122,ice,psychic,93.4,90.9,74,628264,27,768,Confusion,Ice Punch,Triple Axel,3,4,5,75000
Nuzleaf,69.8,274,grass,dark,100.7,62.8,126,796819,50,897,Feint Attack,Leaf Blade,Foul Play,6,7,3,50000
Cubone (Shadow),69.7,104,ground,none,71,107.4,102,777791,50,745,Mud Slap,Bone Club,Bulldoze,4,6,3,50000
Rhyhorn (Shadow),69.7,111,ground,rock,85.4,84.2,120,862882,38.5,861,Mud Slap,Bulldoze,Stomp,6,4,3,50000
Exeggutor,69.6,103,grass,psychic,97.4,66.2,93,599653,18.5,767,Confusion,Seed Bomb,Psychic,3,4,3,50000
Flaaffy,69.5,180,electric,none,95.1,78.6,118,882033,44,917,Charge Beam,Discharge,Trailblaze,4,5,5,75000
Snubbull,69.4,209,fairy,none,102.7,67.6,114,791447,50,904,Bite,Brick Break,Crunch,10,12,3,50000
Goldeen,69.2,118,water,none,93.3,84.5,96,756850,50,842,Peck,Aqua Tail,Horn Attack,5,5,3,50000
Graveler,69.2,75,rock,ground,86.9,93.7,83,675830,30,767,Mud Slap,Rock Slide,Dig,5,5,1,10000
Tentacool (Shadow),69.2,72,water,poison,75.7,110.8,91,763268,50,760,Poison Sting,Wrap,Water Pulse,5,6,3,50000
Kyogre (Shadow),69.1,382,water,none,95.8,83.4,74,591239,13,756,Waterfall,Avalanche,Surf,5,5,20,100000
Rotom (Wash),69.1,479,electric,water,92.2,103.7,66,631035,21.5,767,Thunder Shock,Thunderbolt,Hydro Pump,7,9,5,75000
Mesprit,69,481,psychic,none,88.4,91.6,81,655893,18,765,Confusion,Swift,Future Sight,3,5,20,100000
Dugtrio (Alolan),68.8,51,ground,steel,106,80.8,64,548147,29,767,Mud Slap,Mud Bomb,Iron Head,5,5,3,50000
Honedge,68.8,679,steel,ghost,97,100.9,93,910219,47,942,Psycho Cut,Iron Head,Gyro Ball,6,6,5,75000
Accelgor,68.7,617,bug,none,102.4,60.7,92,571843,22.5,767,Infestation,Bug Buzz,Acid Spray,5,4,3,50000
Tentacool,68.7,72,water,poison,75.7,110.8,91,763268,50,760,Poison Sting,Wrap,Water Pulse,5,6,3,50000
Urshifu (Rapid Strike),68.7,892,fighting,water,97.7,70,86,588154,15,762,Counter,Aqua Jet,Dynamic Punch,7,8,20,100000
Musharna,68.6,518,psychic,none,80.9,77.9,115,724743,20.5,767,Charge Beam,Psyshock,Dazzling Gleam,4,5,3,50000
Raboot,68.6,814,fire,none,93.3,75.1,94,658642,31.5,785,Fire Spin,Flame Charge,Flamethrower,5,6,3,10000
Brionne,68.5,729,water,none,90,83.7,86,647838,30,767,Charm,Aqua Jet,Disarming Voice,5,6,3,10000
Silicobra,68.5,843,ground,none,79.7,93.3,105,780781,50,790,Mud Slap,Earth Power,Wrap,5,5,3,50000
Flaaffy (Shadow),68.4,180,electric,none,95.1,78.6,118,882033,44,917,Charge Beam,Discharge,Trailblaze,4,5,5,75000
Gothitelle,68.4,576,psychic,none,82.5,100.8,85,706860,23,766,Confusion,Rock Slide,Future Sight,4,5,3,50000
Deoxys (Speed),68.3,386,psychic,none,100.7,94.1,61,578028,18.5,767,Charge Beam,Psycho Boost,Swift,4,4,20,100000
Arboliva,68.1,930,grass,normal,92.5,83.4,82,632589,18.5,767,Magical Leaf,Earth Power,Trailblaze,5,5,3,50000
Darumaka (Galarian),68.1,554,ice,none,106.1,66.2,126,885001,50,970,Ice Fang,Ice Punch,Ice Beam,7,10,3,50000
Breloom,68,286,grass,fighting,107.3,69.2,74,549462,21,767,Force Palm,Dynamic Punch,Grass Knot,5,5,3,50000
Corphish,67.9,341,water,none,105.4,77,94,762885,50,899,Bubble,Aqua Jet,Vise Grip,4,4,3,50000
Meowstic (Female),67.9,678,psychic,none,83.8,88.7,94,698708,26,767,Confusion,Energy Ball,Shadow Ball,4,4,3,50000
Pupitar,67.9,247,rock,ground,88.6,82.5,102,745569,34,814,Bite,Ancient Power,Dig,12,13,5,75000
Arcanine (Hisuian),67.6,59,fire,rock,94.7,71.2,92,620323,17.5,768,Snarl,Wild Charge,Rock Slide,4,4,3,50000
Boldore (Shadow),67.6,525,rock,none,89.7,78.2,93,652352,27.5,767,Mud Slap,Rock Slide,Bulldoze,5,6,3,50000
Tsareena,67.5,763,grass,none,93.3,86.3,78,628040,18.5,766,Magical Leaf,Triple Axel,High Jump Kick,5,6,3,10000
Gardevoir (Shadow),67.4,282,psychic,fairy,97.7,82.7,74,597904,18,767,Confusion,Triple Axel,Shadow Ball,4,4,5,75000
Yanmega,67.4,469,bug,flying,97.9,68.7,89,598590,19,768,Wing Attack,Aerial Ace,Ancient Power,6,6,3,50000
Rhyhorn,67.2,111,ground,rock,85.4,84.2,120,862882,38.5,861,Mud Slap,Bulldoze,Stomp,6,4,3,50000
Dragapult,67,887,dragon,ghost,102,68.9,82,576280,15.5,767,Dragon Tail,Shadow Ball,Outrage,5,5,5,75000
Heliolisk,67,695,electric,normal,98.8,80.2,75,594282,21.5,768,Volt Switch,Breaking Swipe,Parabolic Charge,4,4,3,50000
Sudowoodo,67,185,rock,none,83.8,93.1,90,702160,26,767,Counter,Meteor Beam,Trailblaze,10,8,5,75000
Gardevoir,66.9,282,psychic,fairy,97.7,82.7,74,597904,18,767,Confusion,Triple Axel,Shadow Ball,4,4,5,75000
Plusle,66.9,311,electric,none,93.9,78.5,93,685517,33,803,Quick Attack,Thunderbolt,Grass Knot,7,7,3,50000
Skorupi,66.8,451,poison,bug,73,112.2,91,745345,50,738,Infestation,Aqua Tail,Cross Poison,3,3,5,75000
Boldore,66.4,525,rock,none,89,78.4,94,655894,28,766,Mud Slap,Rock Slide,Bulldoze,5,6,3,50000
Toedscool,66.4,948,ground,grass,75.7,110.8,91,763268,50,760,Mud Slap,Earth Power,Wrap,5,5,3,50000
Boltund,66.3,836,electric,none,97.9,68.2,90,600910,26,768,Bite,Crunch,Thunder,12,15,1,50000
Meowstic (Male),66.3,678,psychic,none,83.8,88.7,94,698708,26,767,Confusion,Energy Ball,Thunderbolt,4,4,3,50000
Rotom (Frost),66.3,479,electric,ice,92.2,103.7,66,631035,21.5,767,Thunder Shock,Thunderbolt,Blizzard,7,9,5,75000
Seel,66.3,86,water,none,67.6,91.9,120,745493,50,710,Water Gun,Aqua Tail,Icy Wind,12,15,3,50000
Dustox,66.2,269,bug,poison,76.4,119.6,114,1041668,50,895,Confusion,Silver Wind,Sludge Bomb,4,4,1,10000
Vanilluxe,66.1,584,ice,none,94.1,84,79,624448,19.5,768,Astonish,Avalanche,Flash Cannon,5,7,3,50000
Seel (Shadow),66,86,water,none,67.6,91.9,120,745493,50,710,Water Gun,Aqua Tail,Icy Wind,12,15,3,50000
Bulbasaur (Shadow),65.9,1,grass,poison,89.9,85.1,96,734447,50,815,Vine Whip,Power Whip,Seed Bomb,7,5,3,10000
Pineco,65.7,204,bug,none,83.1,92.6,102,784896,50,810,Bug Bite,Rock Tomb,Sand Tomb,17,15,5,75000
Piplup (Shadow),65.7,393,water,none,85.8,79.1,106,719399,50,785,Bubble,Drill Peck,Icy Wind,4,5,3,10000
Simisear,65.6,514,fire,none,97.3,68.6,90,600730,23.5,765,Fire Spin,Crunch,Flamethrower,5,6,3,50000
Raticate,65.5,20,normal,none,93.2,85.9,90,720529,34.5,820,Quick Attack,Hyper Fang,Dig,7,7,1,10000
Fuecoco,65.4,909,fire,none,85.8,75,122,785070,50,824,Incinerate,Crunch,Disarming Voice,3,3,3,10000
Popplio,65.4,728,water,none,91.2,79.7,102,741401,50,825,Water Gun,Aqua Tail,Aqua Jet,12,14,3,10000
Infernape,65.3,392,fire,fighting,97.8,71.8,85,596873,20.5,765,Fire Spin,Close Combat,Blast Burn,5,5,3,10000
Delcatty,65.2,301,normal,none,88.6,92.5,121,991656,46.5,938,Charm,Wild Charge,Disarming Voice,6,6,3,50000
Cubone,65.1,104,ground,none,71,107.4,102,777791,50,745,Mud Slap,Bone Club,Bulldoze,4,6,3,50000
Sunflora,65.1,192,grass,none,92.1,73.1,95,639588,26,767,Bullet Seed,Leaf Storm,Sludge Bomb,5,4,3,50000
Infernape (Shadow),65,392,fire,fighting,97.8,71.8,85,596873,20.5,765,Fire Spin,Close Combat,Blast Burn,5,5,3,10000
Oricorio (Pom-Pom),65,741,electric,flying,93.6,73,91,621785,24,766,Air Slash,Air Cutter,Hurricane,5,7,3,75000
Gothitelle (Shadow),64.9,576,psychic,none,82.5,100.8,85,706860,23,766,Confusion,Rock Slide,Future Sight,4,5,3,50000
Herdier,64.8,507,normal,none,91.7,86.2,109,861595,41.5,891,Take Down,Dig,Thunderbolt,6,7,1,10000
Cinccino,64.7,573,normal,none,96.5,68.8,91,604167,25,766,Charm,Aqua Tail,Thunderbolt,5,7,3,50000
Azelf,64.6,482,psychic,none,109.1,64.6,76,535637,17,765,Confusion,Swift,Future Sight,3,5,20,100000
Darmanitan (Galarian),64.6,555,ice,none,107.1,51.6,99,547110,17.5,766,Ice Fang,Avalanche,Superpower,8,7,3,50000
Falinks,64.5,870,fighting,none,91.3,85.2,82,637858,23.5,765,Counter,Superpower,Megahorn,7,10,5,75000
Ho-Oh,64.5,250,fire,flying,88,91.9,81,655063,14,763,Incinerate,Brave Bird,Sacred Fire,3,4,20,100000
Crabrawler,64.1,739,fighting,none,108.9,79.3,98,846305,49.5,964,Bubble,Crabhammer,Power-Up Punch,5,4,3,50000
Granbull (Shadow),63.9,210,fairy,none,96.8,63.2,99,605658,22,767,Charm,Close Combat,Crunch,6,6,3,50000
Mr. Rime,63.7,866,ice,psychic,91.2,81.9,86,642358,19.5,765,Confusion,Icy Wind,Psychic,4,4,5,75000
Pineco (Shadow),63.7,204,bug,none,83.1,92.6,102,784896,50,810,Bug Bite,Rock Tomb,Sand Tomb,17,15,5,75000
Piplup,63.7,393,water,none,85.8,79.1,106,719399,50,785,Bubble,Drill Peck,Icy Wind,4,5,3,10000
Whirlipede,63.7,544,bug,poison,77.7,127,91,897979,50,836,Poison Sting,Sludge Bomb,Gyro Ball,6,6,1,10000
Tornadus (Incarnate) (Shadow),63.6,641,flying,none,106,68.3,76,550225,16.5,767,Bite,Dark Pulse,Hurricane,12,15,20,100000
Chansey,63.4,113,normal,none,50.7,96.6,339,1660293,50,917,Zen Headbutt,Dazzling Gleam,Hyper Beam,10,14,5,75000
Braviary,63.3,628,normal,flying,95.7,66.5,96,610949,18,768,Air Slash,Fly,Close Combat,5,5,5,75000
Entei,63.2,244,fire,none,92.5,68.8,100,636400,16,767,Fire Fang,Flame Charge,Scorching Sands,9,9,20,100000
Heliolisk (Shadow),63.2,695,electric,normal,98.8,80.2,75,594282,21.5,768,Volt Switch,Breaking Swipe,Parabolic Charge,4,4,3,50000
Maractus,63.2,556,grass,none,97,68.1,91,601119,24.5,766,Bullet Seed,Aerial Ace,Petal Blizzard,4,5,1,10000
Entei (Shadow),63.1,244,fire,none,92.2,68.1,99,621603,15.5,759,Fire Fang,Flame Charge,Scorching Sands,9,9,20,100000
Bonsly,63,438,rock,none,93.9,100,102,957780,50,951,Counter,Rock Tomb,Rock Slide,9,8,5,10000
Shaymin (Land),63,492,grass,none,84.3,87.5,94,693368,17,766,Magical Leaf,Grass Knot,Seed Flare,5,8,20,100000
Whirlipede (Shadow),63,544,bug,poison,77.7,127,91,897979,50,836,Poison Sting,Sludge Bomb,Gyro Ball,6,6,1,10000
Tranquill,62.9,520,normal,flying,99.5,82,114,930126,49.5,966,Air Slash,Heat Wave,Aerial Ace,5,5,1,10000
Exeggcute (Shadow),62.8,102,grass,psychic,82.4,94.6,114,888635,50,859,Confusion,Seed Bomb,Ancient Power,3,4,3,50000
Rowlet,62.8,722,grass,flying,79.1,77,124,755247,50,773,Leafage,Energy Ball,Seed Bomb,6,5,3,10000
Vivillon,62.8,666,bug,flying,94.2,61.8,107,622907,30,767,Gust,Energy Ball,Hurricane,4,5,1,10000
Tangela,62.7,114,grass,none,89.8,87.9,83,655154,25,768,Infestation,Grass Knot,Sludge Bomb,5,5,3,50000
Eevee,62.6,133,normal,none,80.4,87.2,108,757175,50,783,Quick Attack,Swift,Dig,5,7,5,75000
Ho-Oh (Shadow),62.6,250,fire,flying,88.3,90.5,81,647283,14,758,Incinerate,Brave Bird,Sacred Fire,3,4,20,100000
Oricorio (Baile),62.6,741,fire,flying,93.6,73,91,621785,24,766,Air Slash,Air Cutter,Hurricane,5,7,3,75000
Reuniclus (Shadow),62.6,579,psychic,none,90.8,67.9,105,647359,19,768,Charm,Psyshock,Shadow Ball,5,7,3,50000
Clamperl,62.2,366,water,none,100,101.4,85,861900,50,929,Water Gun,Water Pulse,Body Slam,17,14,3,50000
Drowzee,62.2,96,psychic,none,70.3,102,114,817448,50,760,Confusion,Psyshock,Return,3,5,3,50000
Bulbasaur,62,1,grass,poison,89.9,85.1,96,734447,50,815,Vine Whip,Power Whip,Seed Bomb,7,5,3,10000
Exeggcute,61.9,102,grass,psychic,82.4,94.6,114,888635,50,859,Confusion,Seed Bomb,Ancient Power,3,4,3,50000
Deerling,61.8,585,normal,grass,87.8,77.7,114,777715,50,829,Take Down,Wild Charge,Energy Ball,5,5,3,50000
Komala,61.7,775,normal,none,97.9,78.9,77,594772,21.5,768,Rollout,Bulldoze,Payback,5,5,3,50000
Drowzee (Shadow),61.6,96,psychic,none,70.3,102,114,817448,50,760,Confusion,Psyshock,Psychic,3,4,3,50000
Carracosta,61.5,565,water,rock,86.8,90.8,85,669922,21.5,767,Water Gun,Liquidation,Ancient Power,15,15,5,75000
Onix,61.5,95,rock,ground,67.6,166.9,85,959007,50,805,Rock Throw,Rock Slide,Sand Tomb,9,9,5,75000
Clauncher,61.4,692,water,none,83.1,89.2,102,756077,50,795,Water Gun,Aqua Jet,Crabhammer,14,17,3,50000
Chespin (Shadow),61.3,650,grass,none,84.5,81.8,110,760331,50,801,Vine Whip,Seed Bomb,Body Slam,5,5,3,10000
Indeedee (Female),61.2,876,psychic,normal,87.1,91.7,84,670914,23.5,768,Extrasensory,Energy Ball,Psychic,5,6,3,50000
Lombre,61.2,271,water,grass,85.8,90.5,114,885199,50,875,Bubble,Scald,Grass Knot,5,5,3,50000
Diancie,61.1,719,rock,fairy,85.2,125.3,63,672560,19.5,761,Rock Throw,Moonblast,Rock Slide,10,9,20,100000
Phanpy,61.1,231,ground,none,82.4,76.4,150,944304,50,882,Tackle,Bulldoze,Rock Slide,19,15,3,50000
Sudowoodo (Shadow),61.1,185,rock,none,83.8,93.1,90,702160,26,767,Counter,Meteor Beam,Trailblaze,10,8,5,75000
Swirlix,61.1,684,fairy,none,83.8,90.5,116,879732,50,862,Tackle,Draining Kiss,Energy Ball,19,15,3,50000
Tornadus (Incarnate),61,641,flying,none,106,68.3,76,550225,16.5,767,Bite,Dark Pulse,Hurricane,12,15,20,100000
Mothim,60.8,414,bug,flying,101.4,60.1,100,609414,31.5,786,Bug Bite,Aerial Ace,Bug Buzz,15,20,1,10000
Tangela (Shadow),60.7,114,grass,none,89.8,87.9,83,655154,25,768,Infestation,Grass Knot,Sludge Bomb,5,5,3,50000
Eelektross,60.6,604,electric,none,95.7,71.4,90,614968,20,768,Volt Switch,Dragon Claw,Thunderbolt,4,4,1,10000
Dwebble,60.4,557,bug,rock,89.9,96.6,102,885803,50,895,Smack Down,Rock Tomb,X-Scissor,7,5,1,10000
Tatsugiri (Curly),60.3,978,dragon,water,98.3,77.4,78,593457,20,766,Take Down,Surf,Outrage,5,7,5,75000
Tatsugiri (Droopy),60.3,978,dragon,water,98.3,77.4,78,593457,20,766,Take Down,Surf,Outrage,5,7,5,75000
Tatsugiri (Stretchy),60.3,978,dragon,water,98.3,77.4,78,593457,20,766,Take Down,Surf,Outrage,5,7,5,75000
Alomomola,60.2,594,water,none,69.7,71.1,170,842464,26,767,Waterfall,Hydro Pump,Blizzard,8,8,5,75000
Oricorio (Sensu),60.2,741,ghost,flying,93.6,73,91,621785,24,766,Air Slash,Air Cutter,Hurricane,5,7,3,75000
Onix (Shadow),60.1,95,rock,ground,67.6,166.9,85,959007,50,805,Rock Throw,Rock Slide,Sand Tomb,9,9,5,75000
Carracosta (Shadow),60,565,water,rock,86.8,90.8,85,669922,21.5,767,Water Gun,Liquidation,Ancient Power,15,15,5,75000
Dwebble (Shadow),60,557,bug,rock,89.9,96.6,102,885803,50,895,Smack Down,Rock Tomb,X-Scissor,7,5,1,10000
Elgyem,59.9,605,psychic,none,106.6,76.1,105,851787,48,954,Confusion,Dark Pulse,Psychic,4,4,3,50000
Gothorita,59.9,575,psychic,none,85.8,101.5,102,888287,40,876,Confusion,Future Sight,Psychic,5,4,3,50000
Porygon (Shadow),59.8,137,normal,none,89.4,86,100,768840,35.5,832,Tackle,Discharge,Signal Beam,14,19,3,50000
Diancie (Mega),59.7,719,rock,fairy,117.2,82.1,50,481106,12,753,Rock Throw,Moonblast,Rock Slide,10,9,20,100000
Geodude (Shadow),59.6,74,rock,ground,99.3,99.3,91,897305,50,945,Rock Throw,Rock Tomb,Rock Slide,10,9,1,10000
Tranquill (Shadow),59.6,520,normal,flying,99.5,82,114,930126,49.5,966,Air Slash,Heat Wave,Aerial Ace,5,5,1,10000
Glaceon,59.3,471,ice,none,97.1,87.5,71,603234,17.5,766,Ice Shard,Avalanche,Water Pulse,5,5,5,75000
Seadra,59.2,117,water,none,94,84.1,78,616621,26.5,764,Dragon Breath,Hydro Pump,Dragon Pulse,19,14,3,50000
Stonjourner,59.2,874,rock,none,89.8,77.2,94,651661,17,767,Rock Throw,Rock Slide,Stomp,9,8,5,75000
Granbull,58.8,210,fairy,none,96.8,63.2,99,605658,22,767,Charm,Close Combat,Crunch,6,6,3,50000
Stantler,58.6,234,normal,none,94.5,71.1,92,618143,26,767,Tackle,Wild Charge,Stomp,15,14,3,50000
Gardevoir (Mega),58.2,282,psychic,fairy,109.6,80.4,60,528710,12,767,Confusion,Triple Axel,Dazzling Gleam,4,4,5,75000
Stantler (Shadow),58.2,234,normal,none,95.5,70.5,91,612680,25.5,767,Tackle,Wild Charge,Stomp,15,14,3,50000
Beheeyem,58,606,psychic,none,96.2,75.6,83,603636,20,765,Confusion,Dark Pulse,Rock Slide,4,4,3,50000
Wugtrio,58,961,water,none,108.1,77.7,64,537560,29,767,Mud Slap,Liquidation,Surf,5,5,3,50000
Chinchou,57.8,170,water,electric,81.8,75.7,132,817378,50,818,Bubble,Water Pulse,Thunderbolt,5,5,3,50000
Cherrim (Overcast),57.7,421,grass,none,87.2,83.2,93,674719,27.5,767,Bullet Seed,Dazzling Gleam,Solar Beam,5,7,1,10000
Rampardos (Shadow),57.7,409,rock,none,116.1,48.1,90,502597,16.5,765,Smack Down,Rock Slide,Flamethrower,6,7,5,75000
Chespin,57.5,650,grass,none,84.5,81.8,110,760331,50,801,Vine Whip,Seed Bomb,Body Slam,5,5,3,10000
Frogadier (Shadow),57.5,657,water,none,102,76.5,93,725679,38.5,863,Bubble,Surf,Aerial Ace,5,5,3,10000
Frogadier,57.3,657,water,none,102,76.5,93,725679,38.5,863,Bubble,Surf,Aerial Ace,5,5,3,10000
Glimmora,56.8,970,rock,poison,98.5,73.7,82,595275,17,767,Rock Throw,Meteor Beam,Power Gem,12,10,3,50000
Unfezant (Shadow),56.7,521,normal,flying,99.2,68.4,87,590319,20,767,Air Slash,Heat Wave,Sky Attack,5,6,1,10000
Oricorio (Pa'u),56.6,741,psychic,flying,93.6,73,91,621785,24,766,Air Slash,Air Cutter,Hurricane,5,7,3,75000
Glimmet,56.5,969,rock,poison,110.3,68.1,85,638472,36.5,841,Rock Throw,Power Gem,Dazzling Gleam,10,11,3,50000
Shaymin (Sky),56.4,492,grass,flying,99.7,67.3,88,590463,15.5,767,Magical Leaf,Energy Ball,Grass Knot,5,5,20,100000
Sigilyph,56.4,561,psychic,flying,93.1,80.2,84,627196,21.5,766,Air Slash,Air Cutter,Ancient Power,5,5,5,75000
Drizzile,56.2,817,water,none,98.6,65.9,91,591294,29.5,767,Water Gun,Surf,Water Pulse,15,17,3,10000
Gothorita (Shadow),56.1,575,psychic,none,85.8,101.5,102,888287,40,876,Confusion,Future Sight,Psychic,5,4,3,50000
Lycanroc (Midnight),55.6,745,rock,none,94.9,71.4,91,616603,20,764,Counter,Stone Edge,Trailblaze,10,8,5,50000
Varoom,55.4,965,steel,poison,93.3,82.4,96,738040,50,832,Metal Sound,Gyro Ball,Gunk Shot,7,10,3,50000
Braviary (Hisuian),55,628,psychic,flying,92,64.1,108,636898,19.5,765,Air Slash,Brave Bird,Fly,7,5,5,75000
Flabebe,54.9,669,fairy,none,83.1,91.2,95,719978,50,777,Vine Whip,Dazzling Gleam,Petal Blizzard,7,9,3,50000
Rhydon (Shadow),54.7,112,ground,rock,90.3,74,97,648173,17.5,767,Mud Slap,Stone Edge,Earthquake,6,7,3,50000
Golem (Shadow),54.6,76,rock,ground,89.6,87.5,83,650720,19,766,Mud Slap,Stone Edge,Earthquake,6,7,1,10000
Geodude,54.5,74,rock,ground,99.3,99.3,91,897305,50,945,Rock Throw,Rock Tomb,Rock Slide,10,9,1,10000
Roggenrola (Shadow),54.4,524,rock,none,91.9,84.5,108,838679,50,880,Smack Down,Stone Edge,Rock Blast,7,5,3,50000
Golem,53.7,76,rock,ground,89.6,87.5,83,650720,19,766,Mud Slap,Stone Edge,Earthquake,6,7,1,10000
Turtwig,53.7,387,grass,none,90.5,84.5,108,825903,50,868,Tackle,Energy Ball,Body Slam,15,14,3,10000
Seadra (Shadow),53.6,117,water,none,94,84.1,78,616621,26.5,764,Dragon Breath,Hydro Pump,Dragon Pulse,19,14,3,50000
Blissey,53.5,242,normal,none,58,79.6,220,1015696,20.5,767,Zen Headbutt,Wild Charge,Dazzling Gleam,8,10,5,75000
Munna,53.5,517,psychic,none,85.1,72.3,133,818313,50,837,Charge Beam,Psyshock,Dazzling Gleam,4,5,3,50000
Phanpy (Shadow),53,231,ground,none,82.4,76.4,150,944304,50,882,Tackle,Bulldoze,Rock Slide,19,15,3,50000
Unfezant,53,521,normal,flying,99.2,68.4,87,590319,20,767,Air Slash,Heat Wave,Sky Attack,5,6,1,10000
Kadabra (Shadow),52.8,64,psychic,none,117.2,65,66,502788,27,768,Confusion,Shadow Ball,Dazzling Gleam,4,4,3,50000
Naganadel,52.5,804,poison,dragon,107.1,68.4,75,549423,17.5,767,Poison Jab,Dragon Claw,Sludge Bomb,8,8,20,100000
Nosepass,52.3,299,rock,none,65.5,155.4,79,804117,50,726,Rock Throw,Rock Slide,Rock Blast,9,8,3,50000
Rhydon,52.2,112,ground,rock,90.3,74,97,648173,17.5,767,Mud Slap,Stone Edge,Earthquake,6,7,3,50000
Turtwig (Shadow),52.1,387,grass,none,90.5,84.5,108,825903,50,868,Tackle,Energy Ball,Body Slam,15,14,3,10000
Gorebyss,51.4,368,water,none,97.5,86.6,71,599489,22.5,767,Confusion,Water Pulse,Draining Kiss,4,4,3,50000
Cranidos (Shadow),51.3,408,rock,none,117.2,45,95,501030,30,767,Take Down,Rock Tomb,Bulldoze,6,7,5,75000
Roggenrola,51.2,524,rock,none,91.9,84.5,108,838679,50,880,Smack Down,Stone Edge,Rock Blast,7,5,3,50000
Roselia,51.1,315,grass,poison,99.1,75.8,78,585919,29.5,766,Poison Jab,Sludge Bomb,Petal Blizzard,8,10,3,50000
Nosepass (Shadow),50.8,299,rock,none,65.5,155.4,79,804117,50,726,Rock Throw,Rock Slide,Rock Blast,9,8,3,50000
Rampardos,50.2,409,rock,none,116.1,48.1,90,502597,16.5,765,Smack Down,Rock Slide,Flamethrower,6,7,5,75000
Reuniclus,48.8,579,psychic,none,90.8,67.9,105,647359,19,768,Hidden Power (Fighting),Psyshock,Shadow Ball,5,7,3,50000
Stakataka,48.4,805,rock,steel,85.5,121,66,682803,17,767,Take Down,Stone Edge,Bulldoze,7,7,20,100000
Ferroseed,48.3,597,grass,steel,65.5,114.9,95,714965,50,688,Metal Claw,Iron Head,Return,8,10,3,75000
Hoopa,47.9,720,psychic,ghost,103.6,76.1,71,559761,16,761,Confusion,Shadow Ball,Psychic,4,4,20,100000
Kadabra,47.4,64,psychic,none,117.2,65,66,502788,27,768,Confusion,Shadow Ball,Dazzling Gleam,4,4,3,50000
Clawitzer,46.5,693,water,none,96.2,79.1,80,608754,20,766,Water Gun,Crabhammer,Ice Beam,17,19,3,50000
Indeedee (Male),46.5,876,psychic,normal,96.6,82,76,602011,22.5,765,Extrasensory,Shadow Ball,Psychic,5,6,3,50000
Meltan,46.4,808,steel,none,89.9,77,97,671463,50,780,Thunder Shock,Flash Cannon,Thunderbolt,8,7,20,100000
Duosion (Shadow),45.1,578,psychic,none,106.7,58.6,88,550231,27.5,767,Hidden Power (Psychic),Psyshock,Night Shade,5,6,3,50000
Cranidos,44.6,408,rock,none,117.2,45,95,501030,30,767,Take Down,Rock Tomb,Bulldoze,6,7,5,75000
Solosis (Shadow),44.1,577,psychic,none,121.7,65.6,94,750451,49,960,Hidden Power (Psychic),Psyshock,Night Shade,5,6,3,50000
Dottler,43.6,825,bug,psychic,68.9,116.2,102,816630,50,753,Confusion,Bug Buzz,Psychic,5,4,1,10000
Lilligant,43.1,549,grass,none,97.7,75.8,81,599858,22,768,Charm,Petal Blizzard,Hyper Beam,9,10,1,10000
Ferroseed (Shadow),43,597,grass,steel,65.5,114.9,95,714965,50,688,Metal Claw,Iron Head,Gyro Ball,8,8,3,75000
Duosion,42.7,578,psychic,none,106.7,58.6,88,550231,27.5,767,Hidden Power (Psychic),Psyshock,Night Shade,5,6,3,50000
Solosis,41.7,577,psychic,none,121.7,65.6,94,750451,49,960,Hidden Power (Psychic),Psyshock,Night Shade,5,6,3,50000
Butterfree (Shadow),41.2,12,bug,flying,91.7,81.5,90,672620,31.5,786,Confusion,Bug Buzz,Signal Beam,5,4,1,10000
Skiddo,40.7,672,grass,none,93.3,79.1,121,892984,50,914,Rock Smash,Seed Bomb,Brick Break,6,6,3,50000
Butterfree,40.2,12,bug,flying,91.7,81.5,90,672620,31.5,786,Confusion,Bug Buzz,Signal Beam,5,4,1,10000
Regigigas (Shadow),34.3,486,normal,none,100.3,73,79,578430,12.5,763,Hidden Power (Ice),Crush Grip,Thunder,7,8,20,100000
Clobbopus,30.1,852,fighting,none,91.9,79.7,102,747092,50,831,Rock Smash,Superpower,Ice Punch,6,6,3,50000
Regigigas,30.1,486,normal,none,100,74.7,78,582660,12.5,766,Hidden Power (Ground),Crush Grip,Thunder,7,8,20,100000
Spoink (Shadow),28.5,325,psychic,none,94.6,92.6,113,989875,50,969,Zen Headbutt,Mirror Coat,Shadow Ball,8,9,1,10000
Spoink,26.9,325,psychic,none,94.6,92.6,113,989875,50,969,Zen Headbutt,Mirror Coat,Shadow Ball,8,9,1,10000
Clefairy,19,35,fairy,none,82.4,83.1,126,862777,50,844,Zen Headbutt,Moonblast,Disarming Voice,9,8,1,10000
Slaking,0,289,normal,none,99.3,59.5,100,590835,12.5,767,Yawn,Body Slam,Earthquake,4,6,5,75000
Slaking (Shadow),0,289,normal,none,99.3,59.5,100,590835,12.5,767,Yawn,Body Slam,Earthquake,4,6,5,75000
Unown,0,201,psychic,none,102,71.6,100,730320,50,866,Hidden Power (Psychic),Struggle,,13,0,5,75000
