Pokemon,Score,Dex,Type 1,Type 2,Attack,Defense,Stamina,Stat Product,Level,CP,Fast Move,Charged Move 1,Charged Move 2,Charged Move 1 Count,Charged Move 2 Count,Buddy Distance,Charged Move Cost
Mimikyu,100,778,ghost,fairy,86.5,101.8,76,669233,25,765,Shadow Claw,Shadow Sneak,Play Rough,7,8,5,50000
Pangoro (Shadow),88.1,675,fighting,dark,95.8,67.1,95,610677,19,767,Karate Chop,Close Combat,Night Slash,5,4,3,50000
Morpeko (Full Belly),88,877,electric,dark,100.5,68.9,84,581654,28.5,767,Thunder Shock,Aura Wheel,Psychic Fangs,5,4,3,50000
Sableye (Shadow),88,302,dark,ghost,95,98.9,99,930155,47,942,Shadow Claw,Foul Play,Drain Punch,5,5,5,75000
Corsola (Galarian),87.8,222,ghost,none,79,129.7,111,1137339,47.5,949,Astonish,Night Shade,Power Gem,5,5,3,50000
Cramorant,87.8,845,flying,water,86.7,86.7,90,676520,26,766,Peck,Dive,Fly,5,6,3,50000
Hydreigon (Shadow),87.8,635,dark,dragon,97.3,74.8,83,604077,15,768,Dragon Breath,Brutal Swing,Fly,9,12,5,75000
Bellibolt,87.7,939,electric,none,82.3,78.8,110,713376,21,767,Thunder Shock,Zap Cannon,Parabolic Charge,9,6,1,50000
Sableye (Mega),87.7,302,dark,ghost,79.8,117.8,78,733234,29,765,Shadow Claw,Foul Play,Dazzling Gleam,5,7,5,75000
Spidops,87.5,918,bug,none,83.7,104.8,98,859632,37.5,851,Shadow Claw,Lunge,Rock Tomb,6,7,1,50000
Melmetal,87.4,809,steel,none,86.5,75.2,104,676499,15.5,767,Thunder Shock,Double Iron Bash,Dynamic Punch,4,5,20,100000
Clodsire,87,980,poison,ground,68,85.6,148,861478,29.5,768,Poison Sting,Earthquake,Stone Edge,8,7,3,50000
Kingdra (Shadow),87,230,water,dragon,87.1,91.5,84,669451,21,766,Dragon Breath,Surf,Swift,12,9,3,50000
Tinkaton,87,959,fairy,steel,76,100.8,101,773741,25,767,Fairy Wind,Gigaton Hammer,Bulldoze,7,7,3,75000
Greninja (Shadow),86.9,658,water,dark,99.8,71.8,82,587582,21,767,Water Shuriken,Hydro Cannon,Brutal Swing,3,3,3,10000
Corviknight,86.6,823,flying,steel,76.5,93.5,107,765344,23,768,Sand Attack,Air Cutter,Iron Head,10,13,1,10000
Corviknight (Shadow),86,823,flying,steel,76.5,93.5,107,765344,23,768,Sand Attack,Air Cutter,Iron Head,10,13,1,10000
Araquanid,85.8,752,water,bug,70.8,126.5,98,877708,32,792,Infestation,Water Pulse,Mirror Coat,5,4,3,50000
Blaziken (Shadow),85.8,257,fire,fighting,103,65,85,569075,19.5,766,Ember,Aura Sphere,Blaze Kick,5,4,3,10000
Regidrago,85.5,895,dragon,none,87.2,44.9,172,673428,20,767,Dragon Breath,Dragon Energy,Vise Grip,12,10,20,100000
Muk (Alolan),85.2,89,poison,dark,82.9,79.9,105,695490,20,763,Poison Jab,Brutal Swing,Ice Punch,5,6,3,50000
Pachirisu,85.2,417,electric,none,73.7,126.4,114,1061988,50,887,Volt Switch,Thunderbolt,Thunder Punch,4,3,5,75000
Raichu (Mega X),85,26,electric,none,106.1,81.6,63,545439,15.5,766,Volt Switch,Brick Break,Trailblaze,3,3,1,10000
Jumpluff,84.9,189,grass,flying,74.2,120.4,117,1045241,40.5,882,Fairy Wind,Energy Ball,Acrobatics,5,7,3,50000
Araquanid (Shadow),84.6,752,water,bug,70.8,126.5,98,877708,32,792,Infestation,Water Pulse,Mirror Coat,5,4,3,50000
Snorlax,84.4,143,normal,none,77.6,73.2,133,755483,17.5,767,Psywave,Body Slam,Earthquake,10,17,5,75000
Vigoroth,84.4,288,normal,none,83.2,81.6,104,706068,28.5,766,Scratch,Body Slam,Bulldoze,10,14,5,75000
Lapras,84.3,131,water,ice,74.9,82,128,786150,21.5,767,Psywave,Sparkling Aria,Ice Beam,12,14,5,75000
Pangoro,84.3,675,fighting,dark,95.8,67.1,95,610677,19,767,Karate Chop,Close Combat,Night Slash,5,4,3,50000
Shelgon (Shadow),84.3,372,dragon,none,88.2,85.2,88,661288,27.5,766,Dragon Breath,Twister,Flamethrower,10,14,5,75000
Altaria,84.1,334,dragon,flying,74,108.7,98,788292,28.5,767,Dragon Breath,Moonblast,Flamethrower,13,14,1,10000
Steelix (Shadow),84.1,208,steel,ground,70.4,131.1,90,830650,23.5,766,Thunder Fang,Psychic Fangs,Crunch,6,8,5,75000
Dunsparce,84,206,normal,none,79,83.7,139,919110,37.5,852,Bite,Drill Run,Rock Slide,10,12,3,50000
Aromatisse,83.8,683,fairy,none,82.9,76.8,111,706706,24,768,Fairy Wind,Moonblast,Psyshock,6,5,3,50000
Raikou (Shadow),83.8,243,electric,none,95.6,78.6,80,601133,15.5,762,Thunder Shock,Wild Charge,Aura Sphere,5,5,20,100000
Stunfisk,83.8,618,ground,electric,72.6,90.6,123,809040,26,767,Thunder Shock,Mud Bomb,Discharge,5,5,5,75000
Houndoom (Shadow),83.7,229,dark,fire,99.8,69.6,84,583471,21,767,Incinerate,Foul Play,Trailblaze,2,3,3,50000
Charjabug (Shadow),83.5,737,bug,electric,86,101,94,816484,36.5,841,Volt Switch,X-Scissor,Discharge,3,3,1,10000
Gligar (Shadow),83.5,207,ground,flying,78.2,104.8,94,770364,31,779,Wing Attack,Night Slash,Dig,5,7,5,75000
Murkrow (Shadow),83.5,198,dark,flying,110.1,62.4,104,714505,41,887,Peck,Drill Peck,Foul Play,5,5,3,50000
Sableye,83.5,302,dark,ghost,95,98.9,99,930155,47,942,Shadow Claw,Foul Play,Power Gem,5,7,5,75000
Steelix,83.5,208,steel,ground,70.4,131.1,90,830650,23.5,766,Thunder Fang,Psychic Fangs,Crunch,6,8,5,75000
Stunfisk (Galarian),83.5,618,ground,steel,72.6,90.6,123,809040,26,767,Mud Shot,Rock Slide,Earthquake,5,8,5,75000
Walrein,83.5,365,ice,water,80.5,82.2,110,727881,20.5,767,Powder Snow,Icicle Spear,Earthquake,5,9,3,50000
Dragonite (Shadow),83.4,149,dragon,flying,97.2,76.8,81,604662,14.5,766,Dragon Breath,Thunder Punch,Superpower,10,10,5,75000
Jumpluff (Shadow),83.4,189,grass,flying,74.2,120.4,117,1045241,40.5,882,Fairy Wind,Energy Ball,Acrobatics,5,7,3,50000
Mandibuzz,83.4,630,dark,flying,65.9,108.2,125,891298,26.5,768,Snarl,Dark Pulse,Shadow Ball,4,4,5,75000
Snorlax (Shadow),83.4,143,normal,none,77.6,73.2,133,755483,17.5,767,Psywave,Body Slam,Superpower,10,10,5,75000
Drapion,83.2,452,poison,dark,84.3,97.9,84,693249,22.5,768,Poison Sting,Crunch,Aqua Tail,5,4,5,75000
Oranguru,83.2,765,normal,psychic,78.8,93,101,740168,23,766,Confusion,Brutal Swing,Trailblaze,3,4,3,75000
Toucannon (Shadow),83.2,733,normal,flying,98.2,69.2,88,597999,20.5,767,Peck,Beak Blast,Drill Peck,7,5,1,10000
Turtonator,83.2,776,fire,dragon,81.2,109.9,81,722834,25,767,Incinerate,Brutal Swing,Dragon Claw,2,3,5,75000
Charjabug,82.9,737,bug,electric,86,101,94,816484,36.5,841,Volt Switch,X-Scissor,Discharge,3,3,1,10000
Dragonair (Shadow),82.9,148,dragon,none,91.7,82.3,93,701863,33,803,Dragon Breath,Wrap,Aqua Tail,12,9,5,75000
Dusknoir,82.9,477,ghost,none,85.7,124.6,64,683406,23.5,767,Astonish,Dynamic Punch,Shadow Punch,5,4,3,50000
Ninetales,82.9,38,fire,none,81.8,97,90,714114,24.5,765,Ember,Weather Ball (Fire),Energy Ball,4,5,3,50000
Quagsire,82.9,195,water,ground,79.6,80.6,115,737812,28.5,767,Mud Shot,Aqua Tail,Stone Edge,4,7,3,50000
Togedemaru,82.9,777,electric,steel,94.6,76.7,85,616745,25.5,767,Thunder Shock,Fell Stinger,Wild Charge,4,5,3,50000
Umbreon,82.9,197,dark,none,64.6,126.6,111,907798,27,767,Snarl,Dark Pulse,Last Resort,4,5,5,75000
Kingdra,82.7,230,water,dragon,87.1,91.5,84,669451,21,766,Dragon Breath,Surf,Swift,12,9,3,50000
Malamar,82.7,687,dark,psychic,83.9,83.4,99,692729,23.5,764,Psywave,Superpower,Foul Play,10,10,3,50000
Thievul,82.7,828,dark,none,85.8,87.2,91,680840,26,764,Sucker Punch,Night Slash,Icy Wind,5,7,1,10000
Wigglytuff,82.6,40,normal,fairy,82.3,54,159,706628,29,764,Charm,Icy Wind,Swift,6,5,1,10000
Dondozo,82.4,977,water,none,74.8,78.5,133,780949,18.5,767,Waterfall,Surf,Outrage,5,6,5,75000
Drapion (Shadow),82.4,452,poison,dark,84.3,97.9,84,693249,22.5,768,Poison Sting,Crunch,Aqua Tail,5,4,5,75000
Hydreigon,82.4,635,dark,dragon,97.3,74.8,83,604077,15,768,Dragon Breath,Brutal Swing,Fly,9,12,5,75000
Magnezone (Shadow),82.4,462,electric,steel,96.1,86.7,73,608227,17,766,Volt Switch,Wild Charge,Mirror Shot,3,3,3,50000
Oinkologne (Female),82.4,916,normal,none,78.4,79.8,120,750758,22.5,767,Take Down,Body Slam,Trailblaze,5,5,1,10000
Sealeo,82.3,364,ice,water,81.4,84.3,125,857753,36,837,Powder Snow,Surf,Body Slam,6,5,3,50000
Ursaring (Shadow),82.3,217,normal,none,99.9,65.4,90,588011,18.5,767,Shadow Claw,Close Combat,Swift,6,5,3,50000
Carbink,82.1,703,rock,fairy,67.6,202.7,101,1383955,50,968,Rock Throw,Rock Slide,Moonblast,9,10,5,75000
Charizard (Shadow),82.1,6,fire,flying,95,77.9,83,614242,19,766,Ember,Blast Burn,Air Cutter,6,5,3,10000
Greninja (Mega),82.1,658,water,dark,110.3,69.5,69,528944,14.5,766,Water Shuriken,Hydro Cannon,Brutal Swing,3,3,3,10000
Persian,82.1,53,normal,none,88.9,87.2,102,790712,36.5,841,Scratch,Night Slash,Power Gem,9,13,3,50000
Qwilfish (Hisuian),82.1,211,dark,poison,91.6,80.4,86,633359,26,765,Poison Sting,Aqua Tail,Dark Pulse,4,5,3,50000
Sliggoo,82.1,705,dragon,none,81.7,95.7,92,719319,27.5,767,Dragon Breath,Body Slam,Dragon Pulse,10,14,5,75000
Furret,82,162,normal,none,85.3,78,118,785101,34.5,820,Sucker Punch,Swift,Trailblaze,5,7,1,10000
Magnemite (Shadow),82,81,electric,steel,118.4,91,72,775757,49,959,Volt Switch,Magnet Bomb,Discharge,3,3,3,50000
Marowak,82,105,ground,none,79.4,107.8,90,770339,31.5,784,Mud Slap,Bone Club,Rock Slide,4,5,3,50000
Raichu,82,26,electric,none,95.5,79.1,81,611878,25.5,767,Volt Switch,Volt Tackle,Trailblaze,3,3,1,10000
Rillaboom,82,812,grass,none,94.7,71,92,618580,16.5,767,Scratch,Drum Beating,Earth Power,9,13,3,10000
Roserade,82,407,grass,poison,101.5,81.8,69,572886,18.5,767,Poison Sting,Weather Ball (Fire),Leaf Storm,4,7,3,50000
Azumarill,81.8,184,water,fairy,72.7,104.7,149,1134142,43,908,Bubble,Ice Beam,Play Rough,5,6,3,50000
Dusclops,81.8,356,ghost,none,79.3,153,83,1007031,42,896,Hex,Ice Punch,Shadow Punch,4,3,3,50000
Dusclops (Shadow),81.8,356,ghost,none,79.3,153,83,1007031,42,896,Hex,Ice Punch,Shadow Punch,4,3,3,50000
Mantine,81.8,226,water,flying,75.5,119.2,86,773966,27,768,Wing Attack,Twister,Water Pulse,5,7,5,75000
Milotic,81.8,350,water,none,81,95.8,93,721661,18.5,767,Waterfall,Aqua Tail,Wrap,4,5,5,75000
Muk (Alolan) (Shadow),81.8,89,poison,dark,82.9,79.9,105,695490,20,763,Poison Jab,Brutal Swing,Ice Punch,5,6,3,50000
Ninetales (Shadow),81.8,38,fire,none,81.8,97,90,714114,24.5,765,Ember,Weather Ball (Fire),Energy Ball,4,5,3,50000
Orthworm,81.8,968,steel,none,78,110.2,87,747817,24.5,766,Mud Slap,Rock Tomb,Iron Head,5,5,5,75000
Ampharos (Shadow),81.7,181,electric,none,90.7,77.2,92,644188,19.5,766,Volt Switch,Brutal Swing,Trailblaze,3,3,5,75000
Goodra,81.7,706,dragon,none,85.6,95.9,83,681350,16,767,Dragon Breath,Aqua Tail,Thunder Punch,9,10,5,75000
Miltank,81.7,241,normal,none,75.4,96.4,107,777736,24,768,Rollout,Body Slam,High Horsepower,4,5,5,75000
Annihilape (Shadow),81.5,979,fighting,ghost,88.3,75.3,100,664899,17,767,Low Kick,Rage Fist,Ice Punch,5,5,3,50000
Diggersby,81.5,660,normal,ground,76,111.4,138,1168363,47,945,Mud Shot,Fire Punch,Scorching Sands,5,6,1,10000
Electivire (Shadow),81.5,466,electric,none,102.6,72.2,77,570394,18,766,Thunder Shock,Ice Punch,Wild Charge,5,5,5,75000
Florges,81.5,671,fairy,none,85.9,101.3,78,678730,17,767,Fairy Wind,Chilling Water,Moonblast,5,6,3,50000
Forretress,81.5,205,bug,steel,78.5,104.1,91,743638,24.5,767,Volt Switch,Sand Tomb,Rock Tomb,3,4,5,75000
Malamar (Mega),81.5,687,dark,psychic,84.8,94.7,85,682598,17.5,764,Psywave,Foul Play,Superpower,10,10,3,50000
Morgrem,81.5,860,dark,fairy,100.2,78.7,118,930517,49.5,966,Sucker Punch,Foul Play,Play Rough,6,9,5,50000
Raichu (Alolan),81.5,26,electric,psychic,96.9,78.7,79,602456,24,766,Volt Switch,Volt Tackle,Psyshock,3,3,1,10000
Swalot,81.5,317,poison,none,74,87.7,122,791756,28.5,766,Infestation,Sludge,Ice Beam,4,5,1,10000
Torkoal,81.5,324,fire,none,77,108.3,91,758858,27,767,Ember,Flame Wheel,Overheat,5,7,3,50000
Toxtricity,81.5,849,electric,poison,101,68.2,84,578609,21.5,767,Acid,Wild Charge,Swift,6,5,5,75000
Vikavolt (Shadow),81.5,738,bug,electric,103.1,69.2,79,563627,17.5,765,Volt Switch,X-Scissor,Discharge,3,3,1,10000
Zapdos (Shadow),81.5,145,electric,flying,98.8,74,80,584896,15,761,Thunder Shock,Drill Peck,Heat Wave,5,5,20,100000
Blaziken,81.4,257,fire,fighting,103,65,85,569075,19.5,766,Ember,Aura Sphere,Blast Burn,5,6,3,10000
Cradily,81.4,346,rock,grass,75.3,100.4,103,778692,25.5,766,Acid,Rock Tomb,Grass Knot,7,7,3,50000
Doublade,81.4,680,steel,ghost,87.9,100.2,76,669376,22.5,768,Shadow Claw,Sacred Sword,Iron Head,5,7,5,75000
Dusknoir (Shadow),81.4,477,ghost,none,85.7,124.6,64,683406,23.5,767,Astonish,Dynamic Punch,Shadow Punch,5,4,3,50000
Articuno,81.2,144,ice,flying,80.6,99.9,90,724675,18.5,765,Powder Snow,Icy Wind,Hurricane,6,8,20,100000
Gligar,81.2,207,ground,flying,78.2,104.8,94,770364,31,779,Wing Attack,Night Slash,Dig,5,7,5,75000
Politoed,81.2,186,water,none,81.6,88.9,99,718170,23,767,Mud Shot,Weather Ball (Water),Ice Beam,4,7,3,50000
Runerigus,81.2,867,ground,ghost,79.9,118.3,78,737269,24.5,767,Shadow Claw,Shadow Ball,Rock Tomb,7,7,3,50000
Zweilous,81.2,634,dark,dragon,86.6,79.2,100,685872,30.5,773,Dragon Breath,Body Slam,Dark Pulse,10,12,5,75000
Abomasnow (Shadow),81.1,460,grass,ice,84.3,80.1,102,688748,23.5,765,Powder Snow,Weather Ball (Ice),Energy Ball,5,6,3,50000
Castform (Sunny),81.1,351,fire,none,85.9,92.5,111,881978,39.5,873,Ember,Weather Ball (Fire),Solar Beam,4,9,5,75000
Clefable,81.1,36,fairy,none,83.4,80.2,105,702311,23,766,Fairy Wind,Moonblast,Meteor Mash,6,5,1,10000
Machamp (Shadow),81.1,68,fighting,none,96.9,70.5,88,601168,18,766,Karate Chop,Cross Chop,Rock Slide,4,5,3,50000
Machoke (Shadow),81.1,67,fighting,none,90.7,69.7,102,644823,27.5,767,Karate Chop,Cross Chop,Dynamic Punch,4,5,3,50000
Mawile (Shadow),81.1,303,steel,fairy,94.9,91.9,90,784918,39,866,Fairy Wind,Vise Grip,Iron Head,5,6,5,75000
Dubwool,80.9,832,normal,none,79.1,102.3,91,736366,25.5,766,Take Down,Body Slam,Wild Charge,5,5,3,10000
Guzzlord,80.9,799,dark,dragon,81,47.3,189,724116,19.5,767,Dragon Tail,Brutal Swing,Sludge Bomb,3,5,20,100000
Magnezone,80.9,462,electric,steel,96.1,86.7,73,608227,17,766,Volt Switch,Wild Charge,Mirror Shot,3,3,3,50000
Togetic,80.9,176,fairy,flying,82.6,112.6,92,855670,36.5,841,Fairy Wind,Heat Wave,Draining Kiss,5,7,3,50000
Trumbeak (Shadow),80.9,732,normal,flying,105.6,74.5,104,818189,46,931,Peck,Drill Peck,Rock Blast,5,5,1,10000
Victreebel (Shadow),80.9,71,grass,poison,96.7,66.9,93,601638,23,766,Sucker Punch,Leaf Blade,Acid Spray,5,7,3,50000
Greninja,80.7,658,water,dark,99.8,71.8,82,587582,21,767,Water Shuriken,Hydro Cannon,Brutal Swing,3,3,3,10000
Jellicent,80.7,593,water,ghost,76.3,90.4,111,765625,24,767,Hex,Surf,Shadow Ball,4,4,3,50000
Klefki,80.7,707,steel,fairy,84.4,98.3,83,688611,29,766,Astonish,Foul Play,Draining Kiss,4,6,3,50000
Pidgeot,80.7,18,normal,flying,83.6,82.6,101,697441,26.5,767,Gust,Twister,Brave Bird,3,4,1,10000
Seaking,80.7,119,water,none,87.2,78,99,673358,26,767,Peck,Drill Run,Icy Wind,5,6,3,50000
Vigoroth (Shadow),80.7,288,normal,none,83.2,81.6,104,706068,28.5,766,Scratch,Brick Break,Rock Slide,10,12,5,75000
Emolga,80.6,587,electric,flying,97.3,84.1,95,777378,39.5,871,Thunder Shock,Acrobatics,Discharge,7,5,1,10000
Golisopod (Shadow),80.6,768,bug,water,88.7,96.3,77,657719,17.5,767,Fury Cutter,Aqua Jet,X-Scissor,10,10,1,10000
Lickilicky,80.6,463,normal,none,75.6,89.8,114,773932,23,767,Rollout,Body Slam,Shadow Ball,4,4,3,50000
Murkrow,80.6,198,dark,flying,110.1,62.4,104,714505,41,887,Peck,Drill Peck,Foul Play,5,5,3,50000
Overqwil,80.6,904,dark,poison,93.7,76.5,87,623620,18.5,766,Poison Sting,Aqua Tail,Dark Pulse,4,5,5,75000
Qwilfish (Shadow),80.6,211,water,poison,93.9,75.5,88,623872,27,766,Poison Sting,Aqua Tail,Shadow Ball,4,6,3,50000
Shelgon,80.6,372,dragon,none,88.2,85.2,88,661288,27.5,766,Dragon Breath,Twister,Flamethrower,10,14,5,75000
Wartortle,80.6,8,water,none,85.6,110.6,110,1041410,47.5,947,Bite,Aqua Jet,Ice Beam,10,14,3,10000
Abomasnow,80.4,460,grass,ice,84.3,80.1,102,688748,23.5,765,Powder Snow,Weather Ball (Ice),Energy Ball,5,6,3,50000
Aurorus,80.4,699,rock,ice,81.2,76.1,117,722980,20,767,Powder Snow,Weather Ball (Ice),Meteor Beam,5,8,5,75000
Cofagrigus,80.4,563,ghost,none,79.9,118.3,78,737269,24.5,767,Shadow Claw,Shadow Ball,Energy Ball,7,6,3,50000
Forretress (Shadow),80.4,205,bug,steel,78.5,104.1,91,743638,24.5,767,Volt Switch,Sand Tomb,Rock Tomb,3,4,5,75000
Mawile,80.4,303,steel,fairy,94.9,91.9,90,784918,39,866,Fairy Wind,Vise Grip,Iron Head,5,6,5,75000
Quagsire (Shadow),80.4,195,water,ground,79.6,80.6,115,737812,28.5,767,Mud Shot,Aqua Tail,Stone Edge,4,7,3,50000
Dewgong,80.3,87,water,ice,73,98,112,801248,28.5,766,Ice Shard,Icy Wind,Drill Run,5,4,3,50000
Dragonair,80.3,148,dragon,none,91.7,82.3,93,701863,33,803,Dragon Breath,Aqua Tail,Dragon Pulse,9,14,5,75000
Fearow,80.3,22,normal,flying,94.1,74.8,88,619404,28,767,Peck,Drill Peck,Drill Run,5,5,1,10000
Ludicolo,80.3,272,water,grass,83.3,88.5,95,700345,24,767,Astonish,Weather Ball (Water),Energy Ball,4,5,3,50000
Weezing (Galarian) (Shadow),80.3,110,poison,fairy,84.2,99.8,83,697462,24.5,767,Fairy Wind,Sludge,Brutal Swing,5,4,3,50000
Blastoise,80.1,9,water,none,80.2,98.5,93,734672,23,767,Bite,Hydro Cannon,Skull Bash,10,19,3,10000
Diggersby (Shadow),80.1,660,normal,ground,76,111.4,138,1168363,47,945,Mud Shot,Scorching Sands,Fire Punch,6,5,1,10000
Lumineon,80.1,457,water,none,79.5,100.2,100,796590,32.5,797,Gust,Aqua Tail,Silver Wind,3,4,3,50000
Maushold,80.1,925,normal,none,83.2,87.2,97,703739,28.5,766,Take Down,Swift,Crunch,4,5,1,10000
Ninetales (Alolan),80.1,38,ice,fairy,81.9,97.4,89,709958,24,766,Powder Snow,Weather Ball (Ice),Chilling Water,5,6,3,50000
Noctowl,80.1,164,normal,flying,75.3,86,120,777096,28,767,Wing Attack,Shadow Ball,Return,7,9,1,10000
Persian (Shadow),80.1,53,normal,none,88.9,87.2,102,790712,36.5,841,Scratch,Night Slash,Power Gem,9,13,3,50000
Teddiursa (Shadow),80.1,216,normal,none,105.6,72.6,114,873988,49.5,961,Scratch,Swift,Cross Chop,9,9,3,50000
Dragalge,80,691,poison,dragon,84.3,102.4,81,699218,23.5,768,Acid,Aqua Tail,Outrage,5,8,3,50000
Hippowdon,80,450,ground,none,83.1,83.5,102,707763,18,767,Sand Attack,Weather Ball (Rock),Earth Power,9,13,3,50000
Pelipper,80,279,water,flying,88.2,92.1,82,666104,26,768,Wing Attack,Weather Ball (Water),Hurricane,5,8,3,50000
Primeape (Shadow),80,57,fighting,none,99.3,71.6,83,590120,24,766,Karate Chop,Rage Fist,Ice Punch,5,5,3,50000
Rapidash (Shadow),80,78,fire,none,95.6,79.8,80,610310,22.5,767,Incinerate,Drill Run,Wild Charge,2,3,3,50000
Annihilape,79.8,979,fighting,ghost,88.3,75.3,100,664899,17,767,Low Kick,Rage Fist,Ice Punch,5,5,3,50000
Dodrio,79.8,85,normal,flying,102.8,70.4,78,564495,23.5,765,Peck,Drill Peck,Brave Bird,5,7,3,50000
Empoleon,79.8,395,water,steel,89.6,83.7,87,652458,19,766,Metal Sound,Hydro Cannon,Drill Peck,5,5,3,10000
Gallade (Shadow),79.8,475,psychic,fighting,97.7,82.7,74,597904,18,767,Psycho Cut,Leaf Blade,Sacred Sword,4,4,5,75000
Gastrodon,79.8,423,water,ground,81,74,120,719280,24,765,Mud Slap,Body Slam,Earth Power,4,5,3,50000
Milotic (Shadow),79.8,350,water,none,81,95.8,93,721661,18.5,767,Waterfall,Aqua Tail,Wrap,4,5,5,75000
Pawmot,79.8,923,electric,fighting,103.8,68.3,80,567163,21,767,Thunder Shock,Brick Break,Wild Charge,5,5,3,75000
Empoleon (Shadow),79.7,395,water,steel,89.6,83.7,87,652458,19,766,Metal Sound,Hydro Cannon,Drill Peck,5,5,3,10000
Flamigo,79.7,973,flying,fighting,98.7,68.4,88,594095,20,767,Peck,Upper Hand,Brave Bird,5,7,3,75000
Medicham,79.7,308,fighting,psychic,85.6,111.7,113,1080452,49,962,Psycho Cut,Ice Punch,Dynamic Punch,5,5,3,50000
Palkia (Shadow),79.7,484,water,dragon,100.4,78.7,71,561005,13.5,753,Dragon Breath,Aqua Tail,Draco Meteor,9,17,20,100000
Marowak (Alolan),79.5,105,fire,ghost,79.4,107.8,90,770339,31.5,784,Fire Spin,Bone Club,Shadow Bone,4,5,3,50000
Nidoqueen,79.5,31,poison,ground,83.4,84.8,99,700160,22.5,766,Mud Slap,Earth Power,Poison Fang,5,4,3,50000
Grafaiai,79.4,945,poison,normal,96,77.1,82,606931,24.5,767,Scratch,Poison Fang,Foul Play,10,10,3,50000
Lickitung,79.4,108,normal,none,77.7,102.7,150,1196969,50,964,Lick,Body Slam,Power Whip,14,17,3,50000
Mawile (Mega),79.4,303,steel,fairy,88.9,105.6,70,657149,23.5,767,Fairy Wind,Vise Grip,Iron Head,5,6,5,75000
Cresselia,79.2,488,psychic,none,66.7,115,114,874437,20,766,Psycho Cut,Grass Knot,Moonblast,6,6,20,100000
Crustle,79.2,558,bug,rock,86.1,96.4,82,680603,22,767,Fury Cutter,X-Scissor,Rock Wrecker,10,13,1,10000
Malamar (Shadow),79.2,687,dark,psychic,83.9,83.4,99,692729,23.5,764,Psywave,Foul Play,Superpower,10,10,3,50000
Charizard,79.1,6,fire,flying,95,77.9,83,614242,19,766,Ember,Blast Burn,Air Cutter,6,5,3,10000
Raikou,79.1,243,electric,none,94.4,79.1,83,619764,16,766,Thunder Shock,Wild Charge,Aura Sphere,5,5,20,100000
Registeel,79.1,379,steel,none,68.4,136,92,855821,22.5,767,Lock On,Flash Cannon,Focus Blast,13,15,20,100000
Dartrix,78.9,723,grass,flying,84.3,86.6,115,839544,36.5,842,Peck,Brave Bird,Energy Ball,7,6,3,10000
Grumpig,78.9,326,psychic,none,81.1,94,94,716600,23.5,766,Psywave,Dynamic Punch,Shadow Ball,12,13,1,10000
Magcargo,78.9,219,fire,rock,83.1,117.2,87,847321,36.5,843,Ember,Rock Tomb,Overheat,6,7,1,10000
Moltres (Galarian),78.9,146,dark,flying,82.4,96.3,88,698291,17.5,761,Sucker Punch,Fly,Brave Bird,7,8,20,100000
Charizard (Mega Y),78.8,6,fire,flying,108.3,75.1,66,536800,12,765,Ember,Blast Burn,Air Cutter,6,5,3,10000
Gyarados (Shadow),78.8,130,water,flying,93.6,77.6,86,624649,16.5,766,Dragon Breath,Aqua Tail,Twister,9,10,1,10000
Linoone,78.8,264,normal,none,86.6,84.8,116,851867,38.5,861,Shadow Claw,Swift,Grass Knot,5,7,1,10000
Slurpuff,78.8,685,fairy,none,83,85.4,99,701732,25.5,766,Fairy Wind,Draining Kiss,Energy Ball,7,5,3,50000
Zeraora,78.8,807,electric,none,98.9,72.2,81,578387,15.5,759,Volt Switch,Plasma Fists,Dynamic Punch,3,3,20,100000
Bronzong,78.6,437,steel,psychic,79.3,108.9,86,742676,25,767,Confusion,Psyshock,Bulldoze,3,4,3,50000
Hippowdon (Shadow),78.6,450,ground,none,83.1,83.5,102,707763,18,767,Sand Attack,Weather Ball (Rock),Earth Power,9,13,3,50000
Amoonguss,78.4,591,grass,poison,78.2,75.8,126,746873,26.5,767,Astonish,Foul Play,Grass Knot,4,5,3,50000
Gliscor,78.4,472,ground,flying,82.8,103.4,83,710606,21,767,Wing Attack,Night Slash,Acrobatics,5,7,5,75000
Latias,78.4,380,dragon,psychic,89.1,99.4,74,655384,16,766,Dragon Breath,Aura Sphere,Mist Ball,10,15,20,100000
Ledian,78.4,166,bug,flying,81.4,130.4,107,1135758,49.5,963,Rollout,Dynamic Punch,Acrobatics,4,5,1,10000
Ninetales (Alolan) (Shadow),78.4,38,ice,fairy,81.9,97.4,89,709958,24,766,Powder Snow,Weather Ball (Ice),Chilling Water,5,6,3,50000
Toucannon,78.4,733,normal,flying,98.2,69.2,88,597999,20.5,767,Peck,Beak Blast,Drill Peck,7,5,1,10000
Typhlosion (Shadow),78.4,157,fire,none,95,77.9,83,614242,19,766,Incinerate,Blast Burn,Thunder Punch,3,2,3,10000
Zweilous (Shadow),78.4,634,dark,dragon,86.6,79.2,100,685872,30.5,773,Dragon Breath,Body Slam,Dark Pulse,10,12,5,75000
Spiritomb,78.3,442,ghost,dark,86.4,105.8,74,676443,27,766,Sucker Punch,Rock Tomb,Shadow Ball,8,8,5,75000
Weezing (Galarian),78.3,110,poison,fairy,84.2,99.8,83,697462,24.5,767,Fairy Wind,Sludge,Brutal Swing,5,4,3,50000
Castform,78.1,351,normal,none,85.9,92.5,111,881978,39.5,873,Hex,Weather Ball (Rock),Energy Ball,3,4,5,75000
Dewott,78.1,502,water,none,91,74.1,110,741741,35,824,Fury Cutter,Aqua Tail,X-Scissor,9,10,3,10000
Dragonite,78.1,149,dragon,flying,97.2,76.8,81,604662,14.5,766,Dragon Breath,Thunder Punch,Superpower,10,10,5,75000
Dragonite (Mega),78.1,149,dragon,flying,98.2,85.2,71,594031,11.5,767,Dragon Breath,Superpower,Thunder Punch,10,10,5,75000
Houndoom,78.1,229,dark,fire,99.8,69.6,84,583471,21,767,Incinerate,Foul Play,Trailblaze,2,3,3,50000
Lopunny,78.1,428,normal,none,80.2,102.7,89,733052,27.5,767,Low Kick,Thunder Punch,Triple Axel,5,6,3,50000
Pidgeot (Shadow),78.1,18,normal,flying,83.6,82.6,101,697441,26.5,767,Gust,Twister,Brave Bird,3,4,1,10000
Tinkatuff,78.1,958,fairy,steel,83.8,108.1,120,1087054,50,955,Fairy Wind,Play Rough,Flash Cannon,7,8,3,75000
Ampharos,78,181,electric,none,90.7,77.2,92,644188,19.5,766,Volt Switch,Brutal Swing,Trailblaze,3,3,5,75000
Blaziken (Mega),78,257,fire,fighting,115.1,63.1,70,508397,13,766,Ember,Aura Sphere,Blaze Kick,5,4,3,10000
Girafarig (Shadow),78,203,normal,psychic,93.2,72.7,93,630135,27.5,767,Confusion,Psychic Fangs,Trailblaze,3,4,3,50000
Golisopod,78,768,bug,water,88.7,96.3,77,657719,17.5,767,Fury Cutter,X-Scissor,Aqua Jet,10,10,1,10000
Aerodactyl (Shadow),77.8,142,rock,flying,96.2,73.9,85,604280,20,766,Dragon Breath,Rock Slide,Brutal Swing,12,9,5,75000
Scizor (Shadow),77.8,212,bug,steel,98.6,80.2,75,593079,18.5,768,Fury Cutter,Night Slash,Trailblaze,9,12,5,75000
Sylveon,77.8,700,fairy,none,83.9,89.2,93,696001,18,767,Fairy Wind,Psyshock,Draining Kiss,5,7,5,75000
Togekiss,77.8,468,fairy,flying,88.9,90.1,82,656811,16.5,767,Peck,Psyshock,Aura Sphere,5,5,3,50000
Volbeat,77.8,313,bug,none,81.9,100.1,97,795224,33.5,810,Infestation,Lunge,Thunderbolt,4,5,3,50000
Gliscor (Shadow),77.7,472,ground,flying,82.8,103.4,83,710606,21,767,Wing Attack,Night Slash,Acrobatics,5,7,5,75000
Hakamo-o,77.7,783,dragon,fighting,86.6,101.6,92,809468,36.5,841,Dragon Tail,Brick Break,Rock Tomb,4,5,5,75000
Kommo-o,77.7,784,dragon,fighting,88.5,98.6,76,663184,16.5,766,Dragon Tail,Clanging Scales,Upper Hand,4,4,5,75000
Metang,77.7,375,steel,psychic,81.4,108.9,96,850988,36,836,Fury Cutter,Psyshock,Gyro Ball,10,13,5,75000
Thundurus (Incarnate) (Shadow),77.7,642,electric,flying,106,68.3,76,550225,16.5,767,Thunder Shock,Thunder Punch,Brick Break,5,5,20,100000
Ursaluna,77.7,901,ground,normal,89.9,70.6,103,653735,14.5,767,Scratch,Thunder Punch,High Horsepower,10,14,3,50000
Ampharos (Mega),77.5,181,electric,dragon,102.7,75.1,74,570745,13,767,Volt Switch,Brutal Swing,Trailblaze,3,3,5,75000
Cradily (Shadow),77.5,346,rock,grass,75.3,100.4,103,778692,25.5,766,Acid,Rock Tomb,Grass Knot,7,7,3,50000
Houndoom (Mega),77.5,229,dark,fire,106.6,74.6,69,548713,14.5,767,Incinerate,Flamethrower,Trailblaze,3,3,3,50000
Piloswine,77.5,221,ice,ground,86.6,71.2,110,678251,24,767,Powder Snow,Icicle Spear,High Horsepower,5,7,3,50000
Wormadam (Trash),77.5,413,bug,steel,80.8,116.3,104,977292,41,888,Sucker Punch,Bug Buzz,Iron Head,9,8,1,10000
Abomasnow (Mega),77.4,460,grass,ice,93.7,78.7,84,619432,16,765,Powder Snow,Weather Ball (Ice),Energy Ball,5,6,3,50000
Lanturn,77.4,171,water,electric,75,75.5,139,787088,27,768,Spark,Surf,Thunderbolt,7,8,3,50000
Magneton,77.4,82,electric,steel,102.6,82,68,572098,22,767,Volt Switch,Magnet Bomb,Discharge,3,3,3,50000
Sealeo (Shadow),77.4,364,ice,water,81.4,84.3,125,857753,36,837,Powder Snow,Surf,Body Slam,6,5,3,50000
Swampert,77.4,260,water,ground,88,78.1,97,666662,18.5,767,Mud Shot,Hydro Cannon,Earthquake,5,8,3,10000
Feraligatr,77.2,160,water,none,88.6,84,89,662374,19.5,768,Shadow Claw,Hydro Cannon,Ice Beam,5,7,3,10000
Greedent,77.1,820,normal,none,76.4,79.2,126,762411,23.5,766,Bite,Body Slam,Trailblaze,10,12,1,10000
Lurantis (Shadow),77.1,754,grass,none,90.3,84.3,85,647045,23,765,Fury Cutter,Leaf Blade,Superpower,9,10,3,50000
Trumbeak,77.1,732,normal,flying,107.1,74.5,107,853748,48.5,957,Peck,Drill Peck,Rock Blast,5,5,1,10000
Politoed (Shadow),76.9,186,water,none,81.6,88.9,99,718170,23,767,Mud Shot,Weather Ball (Water),Ice Beam,4,7,3,50000
Electrode (Shadow),76.8,101,electric,none,87.9,90.4,84,667477,27,767,Volt Switch,Discharge,Foul Play,3,3,3,50000
Kecleon,76.8,352,normal,none,82.7,101.7,84,706490,27.5,767,Sucker Punch,Thunder Punch,Dynamic Punch,6,7,5,75000
Lunatone,76.8,337,rock,psychic,85.2,77.7,103,681864,24,765,Psywave,Weather Ball (Ice),Rock Slide,9,12,3,50000
Machamp,76.8,68,fighting,none,96.9,70.5,88,601168,18,766,Karate Chop,Cross Chop,Rock Slide,4,5,3,50000
Magnemite,76.8,81,electric,steel,118.4,91,72,775757,49,959,Volt Switch,Magnet Bomb,Discharge,3,3,3,50000
Sandslash (Alolan),76.8,28,ice,steel,83,95.3,89,703981,23,767,Powder Snow,Ice Punch,Drill Run,5,5,3,50000
Steelix (Mega),76.8,208,steel,ground,80.3,125.8,72,727325,15,767,Thunder Fang,Psychic Fangs,Crunch,6,8,5,75000
Mamoswine (Shadow),76.6,473,ice,ground,97.4,62.5,99,602663,16.5,767,Powder Snow,Icicle Spear,High Horsepower,5,7,3,50000
Audino (Mega),76.4,531,normal,fairy,68.4,114.7,109,855157,22.5,767,Charge Beam,Body Slam,Disarming Voice,4,5,3,50000
Giratina (Altered) (Shadow),76.4,487,ghost,dragon,75.3,89.4,114,767427,16,761,Dragon Breath,Dragon Claw,Shadow Sneak,13,13,20,100000
Gyarados (Mega),76.4,130,water,dark,96.2,84.9,74,604386,11.5,765,Dragon Breath,Aqua Tail,Crunch,9,12,1,10000
Zoroark (Hisuian),76.4,571,normal,ghost,116.9,62.6,68,497620,21,767,Shadow Claw,Swift,Shadow Ball,5,7,5,75000
Coalossal,76.3,839,rock,fire,70.2,99.7,119,832874,24,767,Fire Spin,Rock Slide,Flame Charge,5,5,3,10000
Hypno,76.3,97,psychic,none,74,102.3,105,794871,27,767,Confusion,Shadow Ball,Thunder Punch,4,3,3,50000
Regieleki,76.3,894,electric,none,107.2,59.1,85,538519,19.5,762,Volt Switch,Thunder Cage,Hyper Beam,3,5,20,100000
Talonflame,76.3,663,fire,flying,86.9,80.6,96,672397,25.5,767,Incinerate,Fly,Brave Bird,3,3,1,10000
Throh,76.3,538,fighting,none,78.9,77.1,122,742149,22,767,Low Kick,Brick Break,Body Slam,5,5,5,75000
Toxapex,76.3,748,poison,water,69.5,169.7,89,1049679,38,856,Bite,Brine,Sludge Wave,15,17,3,50000
Aegislash (Shield),76.1,681,steel,ghost,65.5,185.4,110,1335807,46,935,Psycho Cut,Shadow Ball,Gyro Ball,9,9,5,75000
Arcanine (Shadow),76.1,59,fire,none,94.5,73.4,89,617331,18,766,Bite,Wild Charge,Psychic Fangs,12,9,3,50000
Cetitan,76.1,975,ice,none,86,55.1,144,682358,18,767,Powder Snow,Icicle Spear,Superpower,5,5,3,50000
Throh (Shadow),76.1,538,fighting,none,78.9,77.1,122,742149,22,767,Low Kick,Brick Break,Body Slam,5,5,5,75000
Raichu (Mega Y),76,26,electric,none,124.8,61.1,61,465142,14.5,767,Thunder Shock,Brick Break,Trailblaze,5,5,1,10000
Salazzle,76,758,poison,fire,105.2,65.3,81,556434,22.5,767,Incinerate,Poison Fang,Dragon Pulse,2,3,3,50000
Vikavolt,76,738,bug,electric,103.1,69.2,79,563627,17.5,765,Volt Switch,X-Scissor,Fly,3,3,1,10000
Wartortle (Shadow),76,8,water,none,85.6,110.6,110,1041410,47.5,947,Bite,Aqua Jet,Ice Beam,10,14,3,10000
Dedenne,75.8,702,electric,fairy,89,78,95,659490,30,766,Thunder Shock,Discharge,Play Rough,5,7,3,50000
Deoxys (Defense),75.8,386,psychic,none,72.3,158.4,70,801662,23.5,763,Low Kick,Psycho Boost,Thunderbolt,5,7,20,100000
Dewgong (Shadow),75.8,87,water,ice,73,98,112,801248,28.5,766,Ice Shard,Icy Wind,Drill Run,5,4,3,50000
Hawlucha,75.8,701,fighting,flying,91.2,77,91,639038,23,766,Low Kick,Flying Press,Aerial Ace,5,6,5,75000
Mightyena (Shadow),75.8,262,dark,none,90.1,75.7,95,647954,29,766,Sucker Punch,Crunch,Poison Fang,7,6,1,10000
Poliwrath,75.8,62,water,fighting,82.9,87.3,98,709243,21.5,767,Mud Shot,Icy Wind,Dynamic Punch,5,5,3,50000
Scizor,75.8,212,bug,steel,98.6,80.2,75,593079,18.5,768,Fury Cutter,Night Slash,Trailblaze,9,12,5,75000
Seismitoad,75.8,537,water,ground,86.1,72.2,110,683806,22,767,Mud Shot,Earth Power,Icy Wind,6,5,3,50000
Skarmory,75.8,227,steel,flying,75.5,119.2,86,773966,27,768,Air Slash,Brave Bird,Drill Run,7,5,5,75000
Tentacruel,75.8,73,water,poison,77.9,102.7,93,744031,23,765,Acid,Scald,Payback,7,8,3,50000
Ursaring,75.8,217,normal,none,99.9,65.4,90,588011,18.5,767,Shadow Claw,Close Combat,Swift,6,5,3,50000
Zapdos,75.8,145,electric,flying,97.1,74.9,82,596369,15.5,764,Thunder Shock,Drill Peck,Heat Wave,5,5,20,100000
Arbok (Shadow),75.7,24,poison,none,88.5,85.9,87,661387,29,767,Acid,Brutal Swing,Wrap,5,6,3,50000
Castform (Snowy),75.7,351,ice,none,85.9,92.5,111,881978,39.5,873,Powder Snow,Weather Ball (Ice),Blizzard,5,10,5,75000
Cetoddle,75.7,974,ice,none,90.5,64.2,171,993527,50,950,Powder Snow,Avalanche,Body Slam,6,5,3,50000
Metang (Shadow),75.7,375,steel,psychic,81.4,108.9,96,850988,36,836,Fury Cutter,Psyshock,Gyro Ball,10,13,5,75000
Salamence (Shadow),75.7,373,dragon,flying,102.6,66.6,83,567152,14.5,766,Dragon Tail,Fly,Brutal Swing,4,3,5,75000
Toedscruel,75.7,949,ground,grass,77.9,102.7,93,744031,23,765,Mud Slap,Seed Bomb,Earth Power,4,5,3,50000
Whimsicott,75.7,547,grass,fairy,85,96.6,84,689724,28,767,Fairy Wind,Seed Bomb,Moonblast,5,6,1,10000
Altaria (Shadow),75.5,334,dragon,flying,74,108.7,98,788292,28.5,767,Dragon Breath,Moonblast,Flamethrower,13,14,1,10000
Castform (Rainy),75.5,351,water,none,85.9,92.5,111,881978,39.5,873,Water Gun,Weather Ball (Water),Thunder,12,20,5,75000
Cofagrigus (Shadow),75.5,563,ghost,none,79.9,118.3,78,737269,24.5,767,Shadow Claw,Shadow Ball,Energy Ball,7,6,3,50000
Gyarados,75.5,130,water,flying,93.6,77.6,86,624649,16.5,766,Dragon Breath,Aqua Tail,Twister,9,10,1,10000
Hypno (Shadow),75.5,97,psychic,none,74,102.3,105,794871,27,767,Confusion,Thunder Punch,Ice Punch,3,3,3,50000
Latias (Shadow),75.5,380,dragon,psychic,90.7,96.7,74,649031,15.5,767,Dragon Breath,Aura Sphere,Mist Ball,10,15,20,100000
Swampert (Shadow),75.5,260,water,ground,88,78.1,97,666662,18.5,767,Mud Shot,Hydro Cannon,Earthquake,5,8,3,10000
Swanna,75.5,581,water,flying,92,72.3,95,631902,26.5,766,Gust,Aqua Jet,Fly,3,4,3,50000
Drifblim (Shadow),75.4,426,ghost,flying,85.2,54.2,149,688058,23.5,767,Astonish,Icy Wind,Shadow Ball,5,5,5,75000
Lapras (Shadow),75.4,131,water,ice,74.9,82,128,786150,21.5,767,Psywave,Sparkling Aria,Ice Beam,12,14,5,75000
Lokix,75.4,920,bug,dark,95,74.4,87,614916,24,767,Sucker Punch,X-Scissor,Trailblaze,6,7,1,50000
Machop (Shadow),75.4,66,fighting,none,102.7,65.5,126,847583,50,934,Karate Chop,Cross Chop,Brick Break,4,5,3,50000
Magneton (Shadow),75.4,82,electric,steel,102.6,82,68,572098,22,767,Thunder Shock,Discharge,Magnet Bomb,5,5,3,50000
Mightyena,75.4,262,dark,none,90.1,75.7,95,647954,29,766,Sucker Punch,Crunch,Poison Fang,7,6,1,10000
Rapidash,75.4,78,fire,none,95.6,79.8,80,610310,22.5,767,Incinerate,Drill Run,Wild Charge,2,3,3,50000
Solrock,75.4,338,rock,psychic,85.2,77.7,103,681864,24,765,Psywave,Weather Ball (Fire),Rock Slide,9,12,3,50000
Absol (Shadow),75.2,359,dark,none,112.1,60.1,77,518765,22,766,Psycho Cut,Brutal Swing,Megahorn,4,7,5,75000
Aerodactyl (Mega),75.2,142,rock,flying,103.9,76.9,70,559294,13.5,767,Dragon Breath,Rock Slide,Brutal Swing,12,9,5,75000
Marowak (Shadow),75.2,105,ground,none,79.4,107.8,90,770339,31.5,784,Mud Slap,Bone Club,Rock Slide,4,5,3,50000
Slowbro,75.2,80,water,psychic,81.1,86.5,103,722560,22,767,Confusion,Drain Punch,Ice Beam,3,4,3,50000
Typhlosion,75.2,157,fire,none,95,77.9,83,614242,19,766,Incinerate,Blast Burn,Thunder Punch,3,2,3,10000
Victreebel (Mega),75.2,71,grass,poison,102.3,73.4,76,570670,15.5,767,Acid,Leaf Blade,Sludge Bomb,5,7,3,50000
Centiskorch,75.1,851,fire,bug,92.1,71.1,97,635186,18.5,767,Ember,Lunge,Heat Wave,5,5,5,75000
Dewott (Shadow),75.1,502,water,none,92.2,74.1,108,737858,35,826,Fury Cutter,Aqua Tail,X-Scissor,9,10,3,10000
Electivire,75.1,466,electric,none,102.6,72.2,77,570394,18,766,Thunder Shock,Ice Punch,Wild Charge,5,5,5,75000
Electrode (Hisuian),75.1,101,electric,grass,88.2,92.1,82,666104,26,768,Thunder Shock,Wild Charge,Energy Ball,5,5,3,50000
Nidorina,75.1,30,poison,none,89.2,91.2,126,1025015,50,957,Poison Sting,Poison Fang,Thunderbolt,5,7,3,50000
Probopass,75.1,476,rock,steel,68.7,145.3,85,848479,27.5,763,Rock Throw,Rock Slide,Magnet Bomb,9,8,3,50000
Wailmer,75.1,320,water,none,93.2,54.6,193,982123,48.5,957,Rollout,Scald,Body Slam,4,4,1,10000
Aerodactyl,74.9,142,rock,flying,96.2,73.9,85,604280,20,766,Dragon Breath,Rock Slide,Brutal Swing,12,9,5,75000
Aipom (Shadow),74.9,190,normal,none,100,85.8,108,926640,50,966,Scratch,Swift,Aerial Ace,9,12,3,50000
Aurorus (Shadow),74.9,699,rock,ice,81.2,76.1,117,722980,20,767,Powder Snow,Weather Ball (Ice),Meteor Beam,5,8,5,75000
Bruxish,74.9,779,water,psychic,97.6,73.3,83,593789,23,765,Confusion,Aqua Tail,Psychic Fangs,3,3,3,50000
Croconaw,74.9,159,water,none,87.7,89.4,100,784038,35.5,832,Scratch,Ice Punch,Water Pulse,10,13,3,10000
Farfetch'd (Galarian),74.9,83,fighting,none,103.5,75,89,690863,37,847,Fury Cutter,Leaf Blade,Brick Break,9,10,3,50000
Hippopotas,74.9,449,ground,none,92.6,89.9,122,1015618,50,970,Sand Attack,Rock Tomb,Dig,13,13,3,50000
Kartana,74.9,798,grass,steel,121,71.1,56,481774,15,767,Fury Cutter,Leaf Blade,Sacred Sword,9,9,20,100000
Scizor (Mega),74.9,212,bug,steel,99.4,91.3,65,589889,13.5,767,Fury Cutter,Night Slash,Trailblaze,9,12,5,75000
Spinda,74.9,327,normal,none,88.5,88.5,114,892877,50,892,Sucker Punch,Rock Tomb,Icy Wind,8,7,3,50000
Walrein (Shadow),74.9,365,ice,water,80.5,82.2,110,727881,20.5,767,Powder Snow,Icicle Spear,Earthquake,5,9,3,50000
Hitmonlee (Shadow),74.8,106,fighting,none,101.5,85.1,67,578723,21.5,768,Low Kick,Blaze Kick,Brick Break,5,5,5,75000
Marowak (Alolan) (Shadow),74.8,105,fire,ghost,79.4,107.8,90,770339,31.5,784,Fire Spin,Shadow Bone,Bone Club,5,4,3,50000
Uxie,74.8,480,psychic,none,73.1,126,87,801322,22,766,Confusion,Swift,Thunder,3,5,20,100000
Victreebel,74.8,71,grass,poison,96.7,66.9,93,601638,23,766,Sucker Punch,Leaf Blade,Sludge Bomb,5,8,3,50000
Dachsbun,74.6,927,fairy,none,81.2,111.7,80,725603,26.5,768,Charm,Psychic Fangs,Play Rough,5,8,3,50000
Drifblim,74.6,426,ghost,flying,85.2,54.2,149,688058,23.5,767,Hex,Icy Wind,Shadow Ball,4,4,5,75000
Electrode,74.6,101,electric,none,87.9,90.4,84,667477,27,767,Volt Switch,Discharge,Foul Play,3,3,3,50000
Meowscarada,74.6,908,grass,dark,100.4,70.9,82,583706,19.5,767,Leafage,Night Slash,Frenzy Plant,5,6,3,10000
Piloswine (Shadow),74.6,221,ice,ground,86.6,71.2,110,678251,24,767,Powder Snow,Icicle Spear,High Horsepower,5,7,3,50000
Arbok,74.5,24,poison,none,88.5,85.9,87,661387,29,767,Acid,Brutal Swing,Wrap,5,6,3,50000
Blastoise (Shadow),74.5,9,water,none,80.2,98.5,93,734672,23,767,Bite,Hydro Cannon,Skull Bash,10,19,3,10000
Fraxure (Shadow),74.5,611,dragon,none,103.2,65.5,84,567806,25,767,Dragon Tail,Aqua Tail,Night Slash,3,3,5,75000
Genesect,74.5,649,bug,steel,100.9,79.9,72,580458,16,766,Fury Cutter,X-Scissor,Magnet Bomb,10,10,20,100000
Starmie (Shadow),74.5,121,water,psychic,95.3,87.3,74,615657,21.5,767,Psywave,Aqua Jet,Power Gem,10,13,3,50000
Amaura,74.3,698,rock,ice,91.9,83.8,133,1024262,50,970,Powder Snow,Weather Ball (Ice),Thunderbolt,5,7,5,75000
Ledian (Shadow),74.3,166,bug,flying,81.4,130.4,107,1135758,49.5,963,Rollout,Dynamic Punch,Acrobatics,4,5,1,10000
Primeape,74.3,57,fighting,none,99.3,71.6,83,590120,24,766,Karate Chop,Rage Fist,Ice Punch,5,5,3,50000
Sandslash (Alolan) (Shadow),74.3,28,ice,steel,83,95.3,89,703981,23,767,Powder Snow,Ice Punch,Drill Run,5,5,3,50000
Audino,74.1,531,normal,none,70.1,104.3,143,1045534,38,858,Charge Beam,Body Slam,Disarming Voice,4,5,3,50000
Crobat,74.1,169,poison,flying,86.7,84.5,92,674006,21,768,Gust,Air Cutter,Poison Fang,3,3,1,10000
Galvantula,74.1,596,bug,electric,98.9,69,87,593697,25.5,768,Volt Switch,Discharge,Lunge,3,3,3,50000
Gengar (Shadow),74.1,94,ghost,poison,110.4,68.3,70,527822,19,765,Shadow Claw,Shadow Punch,Dark Pulse,5,6,3,50000
Hitmonlee,74.1,106,fighting,none,101.5,85.1,67,578723,21.5,768,Low Kick,Blaze Kick,Brick Break,5,5,5,75000
Munchlax,74.1,446,normal,none,73.8,69.1,156,795534,30,767,Tackle,Body Slam,Bulldoze,14,19,5,10000
Samurott,74.1,503,water,none,91.6,72.2,97,641511,19.5,768,Fury Cutter,Hydro Cannon,Megahorn,10,14,3,10000
Skarmory (Shadow),74.1,227,steel,flying,75.5,119.2,86,773966,27,768,Air Slash,Brave Bird,Drill Run,7,5,5,75000
Suicune,74.1,245,water,none,76,102.3,98,761930,18.5,762,Ice Fang,Bubble Beam,Scald,9,9,20,100000
Amaura (Shadow),74,698,rock,ice,91.9,83.8,133,1024262,50,970,Powder Snow,Weather Ball (Ice),Thunderbolt,5,7,5,75000
Armarouge,74,936,fire,psychic,94.6,78.4,83,615581,17,767,Incinerate,Psyshock,Heat Wave,2,3,5,50000
Charizard (Mega X),74,6,fire,dragon,100.8,82.6,70,582826,14.5,767,Dragon Breath,Blast Burn,Air Cutter,13,10,3,10000
Crustle (Shadow),74,558,bug,rock,86.1,96.4,82,680603,22,767,Fury Cutter,X-Scissor,Rock Wrecker,10,13,1,10000
Girafarig,74,203,normal,psychic,93.2,72.7,93,630135,27.5,767,Confusion,Psychic Fangs,Trailblaze,3,4,3,50000
Gurdurr (Shadow),74,533,fighting,none,89.7,71.6,102,655097,26,767,Low Kick,Brick Break,Stone Edge,5,7,5,75000
Jirachi,74,385,steel,psychic,86.2,85.4,92,677256,16.5,767,Confusion,Doom Desire,Aura Sphere,3,3,20,100000
Sirfetch'd,74,865,fighting,none,103.6,77.3,71,568588,18.5,767,Fury Cutter,Leaf Blade,Close Combat,9,12,3,50000
Arctibax,73.8,997,dragon,ice,87.9,70.5,108,669271,27,767,Dragon Breath,Avalanche,Dragon Claw,12,13,5,75000
Fletchinder,73.8,662,fire,flying,98.1,81.7,113,905669,47.5,946,Peck,Fly,Heat Wave,6,6,1,10000
Gogoat,73.8,673,grass,none,85.7,67.9,118,686646,19.5,767,Vine Whip,Leaf Blade,Rock Slide,5,6,3,50000
Samurott (Hisuian),73.8,503,water,dark,94.9,69.2,94,617306,20,767,Fury Cutter,Sacred Sword,Dark Pulse,9,12,3,10000
Ariados,73.7,168,bug,poison,91.3,76.3,102,710551,33.5,808,Poison Sting,Lunge,Foul Play,5,5,1,10000
Nidoqueen (Shadow),73.7,31,poison,ground,83.4,84.8,99,700160,22.5,766,Mud Slap,Earth Power,Poison Fang,5,4,3,50000
Sandshrew (Alolan) (Shadow),73.7,27,ice,steel,94.6,97.3,102,938867,50,945,Powder Snow,Night Slash,Gyro Ball,5,7,3,50000
Sceptile (Shadow),73.7,254,grass,none,97,78.2,79,599247,20,766,Fury Cutter,Leaf Blade,Breaking Swipe,9,13,3,10000
Slowbro (Shadow),73.7,80,water,psychic,81.1,86.5,103,722560,22,767,Confusion,Drain Punch,Ice Beam,3,4,3,50000
Trevenant (Shadow),73.7,709,ghost,grass,91.4,74.9,94,643511,22,767,Shadow Claw,Shadow Ball,Foul Play,7,5,5,75000
Tropius,73.7,357,grass,flying,72.6,91.6,121,804669,29,766,Air Slash,Leaf Blade,Brutal Swing,4,4,5,75000
Claydol,73.5,344,ground,psychic,74.1,123.5,86,787016,29,768,Mud Slap,Rock Tomb,Shadow Ball,5,5,3,50000
Golbat,73.5,42,poison,flying,84.2,83.2,99,693539,28.5,767,Wing Attack,Poison Fang,Shadow Ball,5,7,1,10000
Golem (Alolan) (Shadow),73.5,76,rock,electric,89.6,87.5,83,650720,19,766,Volt Switch,Wild Charge,Rock Blast,3,3,1,10000
Teddiursa,73.5,216,normal,none,105.6,72.6,114,873988,49.5,961,Scratch,Swift,Cross Chop,9,9,3,50000
Drilbur (Shadow),73.4,529,ground,none,112.2,65.5,114,837797,50,970,Scratch,Drill Run,Rock Tomb,10,13,3,50000
Lurantis,73.4,754,grass,none,90.3,84.3,85,647045,23,765,Fury Cutter,Leaf Blade,Superpower,9,10,3,50000
Oinkologne,73.4,916,normal,none,84.2,72.7,113,691711,21.5,765,Take Down,Body Slam,Trailblaze,5,5,1,10000
Conkeldurr (Shadow),73.2,534,fighting,none,95.9,67.2,95,612226,16.5,767,Force Palm,Dynamic Punch,Brutal Swing,5,4,5,75000
Drampa,73.2,780,normal,dragon,97.9,74.6,82,598874,19,767,Dragon Breath,Swift,Dragon Pulse,9,14,5,75000
Grimmsnarl,73.2,861,dark,fairy,97.5,65,95,602063,19.5,767,Sucker Punch,Foul Play,Draining Kiss,6,8,5,50000
Lileep,73.2,345,rock,grass,81.1,111.5,121,1094161,50,944,Acid,Grass Knot,Ancient Power,7,6,3,50000
Qwilfish,73.2,211,water,poison,93.9,75.5,88,623872,27,766,Poison Sting,Aqua Tail,Shadow Ball,4,6,3,50000
Servine,73.2,496,grass,none,85.1,112.8,114,1094318,50,966,Vine Whip,Grass Knot,Wrap,7,6,3,10000
Shiinotic,73.2,756,grass,fairy,84.1,96.8,88,716397,31,779,Astonish,Moonblast,Seed Bomb,5,4,3,50000
Thundurus (Incarnate),73.2,642,electric,flying,106,68.3,76,550225,16.5,767,Thunder Shock,Thunder Punch,Brick Break,5,5,20,100000
Vespiquen,73.2,416,bug,flying,77.9,102.7,94,752031,28,767,Fury Cutter,X-Scissor,Power Gem,10,13,3,50000
Amoonguss (Shadow),73.1,591,grass,poison,78.2,75.8,126,746873,26.5,767,Astonish,Grass Knot,Foul Play,5,4,3,50000
Bellossom (Shadow),73.1,182,grass,none,82.3,94.6,91,708488,24.5,766,Acid,Leaf Blade,Dazzling Gleam,5,7,3,50000
Kingambit,73.1,983,dark,steel,91,80.1,88,641441,15.5,768,Low Kick,Foul Play,Iron Head,5,7,5,75000
Klang,73.1,600,steel,none,82.6,99.8,90,741913,31.5,785,Metal Sound,Vise Grip,Thunderbolt,5,7,5,75000
Primarina,73.1,730,water,fairy,94.2,82.7,80,623227,17,767,Waterfall,Moonblast,Hydro Cannon,5,4,3,10000
Regirock,73.1,377,rock,none,74.8,128.7,81,779768,17.5,767,Lock On,Stone Edge,Focus Blast,11,15,20,100000
Skuntank,73.1,435,poison,dark,87.1,68.1,113,670261,23.5,764,Poison Jab,Crunch,Trailblaze,7,7,3,50000
Conkeldurr,72.9,534,fighting,none,95.9,67.2,95,612226,16.5,767,Force Palm,Dynamic Punch,Brutal Swing,5,4,5,75000
Graveler (Alolan) (Shadow),72.9,75,rock,electric,87.7,92.9,82,668081,29.5,768,Volt Switch,Stone Edge,Rock Blast,4,3,1,10000
Grumpig (Shadow),72.9,326,psychic,none,81.1,94,94,716600,23.5,766,Psywave,Dynamic Punch,Mirror Coat,12,12,1,10000
Latias (Mega),72.9,380,dragon,psychic,95.3,98.8,65,612017,11.5,766,Dragon Breath,Aura Sphere,Mist Ball,10,15,20,100000
Naclstack,72.9,933,rock,none,81.1,118.3,114,1093731,50,945,Mud Shot,Rock Tomb,Rock Blast,6,5,5,50000
Poliwrath (Shadow),72.9,62,water,fighting,82.9,87.3,98,709243,21.5,767,Mud Shot,Icy Wind,Dynamic Punch,5,5,3,50000
Rufflet,72.9,627,normal,flying,100.4,73,120,879504,46.5,941,Peck,Brave Bird,Fly,7,6,5,75000
Zangoose,72.9,335,normal,none,103.6,62.8,87,566029,23,767,Shadow Claw,Close Combat,Night Slash,6,5,3,50000
Bombirdier,72.8,962,flying,dark,91.4,83.8,83,635724,22,766,Sucker Punch,Fly,Drill Run,7,6,5,75000
Feraligatr (Shadow),72.8,160,water,none,88.6,84,89,662374,19.5,768,Shadow Claw,Hydro Cannon,Ice Beam,5,7,3,10000
Kangaskhan,72.8,115,normal,none,82,79.3,109,708783,21.5,765,Low Kick,Brick Break,Crunch,5,6,3,50000
Nidorina (Shadow),72.8,30,poison,none,89.2,91.2,126,1025015,50,957,Poison Sting,Poison Fang,Dig,5,6,3,50000
Salamence,72.8,373,dragon,flying,102.6,66.6,83,567152,14.5,766,Dragon Tail,Fly,Brutal Swing,4,3,5,75000
Aipom,72.6,190,normal,none,100,85.8,108,926640,50,966,Scratch,Swift,Aerial Ace,9,12,3,50000
Bellossom,72.6,182,grass,none,82.3,94.6,91,708488,24.5,766,Acid,Leaf Blade,Dazzling Gleam,5,7,3,50000
Gourgeist (Super),72.6,711,ghost,grass,82.3,94.2,92,713245,21,767,Incinerate,Shadow Ball,Seed Bomb,3,2,5,75000
Salamence (Mega),72.6,373,dragon,flying,99.5,82.1,72,588164,11,766,Dragon Tail,Fly,Brutal Swing,4,3,5,75000
Whiscash,72.6,340,water,ground,77,77.5,127,757873,27,765,Mud Shot,Mud Bomb,Scald,5,6,1,10000
Crobat (Shadow),72.5,169,poison,flying,86.7,84.5,92,674006,21,768,Gust,Air Cutter,Poison Fang,3,3,1,10000
Dhelmise,72.5,781,ghost,grass,100,78.2,75,586500,20,767,Shadow Claw,Power Whip,Brutal Swing,7,5,5,50000
Dudunsparce,72.5,982,normal,none,83.1,70.5,121,708885,20.5,767,Bite,Drill Run,Body Slam,10,10,3,50000
Gengar,72.5,94,ghost,poison,110.4,68.3,70,527822,19,765,Shadow Claw,Shadow Punch,Dark Pulse,5,6,3,50000
Gourgeist (Average),72.5,711,ghost,grass,82.9,103.8,82,705612,23.5,767,Incinerate,Shadow Ball,Seed Bomb,3,2,5,75000
Sandshrew (Alolan),72.5,27,ice,steel,94.6,97.3,102,938867,50,945,Powder Snow,Night Slash,Gyro Ball,5,7,3,50000
Excadrill (Shadow),72.3,530,ground,steel,102.1,56.3,100,574823,17,767,Mud Shot,Drill Run,Rock Slide,5,5,3,50000
Farfetch'd,72.3,83,normal,flying,93.9,87.8,105,865664,50,903,Fury Cutter,Leaf Blade,Aerial Ace,9,12,3,50000
Heracross,72.3,214,bug,fighting,96.3,77.6,81,605303,17.5,768,Fury Cutter,Upper Hand,Rock Tomb,10,13,3,50000
Quaquaval,72.3,914,water,fighting,98.5,70.5,85,590261,18,767,Low Kick,Close Combat,Hydro Cannon,6,5,3,10000
Wailord,72.3,321,water,none,84.7,48.2,169,689949,24.5,766,Rollout,Surf,Return,4,6,1,10000
Gourgeist (Large),72.1,711,ghost,grass,82.9,98.2,87,708248,22,768,Incinerate,Shadow Ball,Seed Bomb,3,2,5,75000
Latios,72.1,381,dragon,psychic,99.7,80.8,73,588070,14.5,766,Dragon Breath,Aura Sphere,Luster Purge,10,15,20,100000
Magmar (Shadow),72.1,126,fire,none,96.7,77,81,603118,23,766,Ember,Fire Punch,Scorching Sands,5,6,5,75000
Mew,72.1,151,psychic,none,86.2,85.4,92,677256,16.5,767,Shadow Claw,Wild Charge,Psyshock,6,5,20,100000
Trevenant,72.1,709,ghost,grass,91.4,74.9,94,643511,22,767,Shadow Claw,Seed Bomb,Shadow Ball,5,7,5,75000
Vullaby,72.1,629,dark,flying,81.1,104.1,126,1063756,50,929,Feint Attack,Brave Bird,Foul Play,10,7,5,75000
Cresselia (Shadow),72,488,psychic,none,65.8,113.7,114,852886,19,751,Psycho Cut,Grass Knot,Moonblast,6,6,20,100000
Escavalier,72,589,bug,steel,94.6,84.1,77,612601,19,765,Bug Bite,Drill Run,Razor Shell,14,12,3,50000
Gallade (Mega),72,475,psychic,fighting,109.2,80.8,60,529402,12,766,Low Kick,Sacred Sword,Leaf Blade,5,5,5,75000
Haunter,72,93,ghost,poison,115.3,61.2,72,508058,28,766,Shadow Claw,Shadow Punch,Ice Punch,5,5,3,50000
Latios (Shadow),72,381,dragon,psychic,100.5,80.8,71,576548,14,761,Dragon Breath,Aura Sphere,Luster Purge,10,15,20,100000
Starmie,72,121,water,psychic,95.3,87.3,74,615657,21.5,767,Psywave,Aqua Jet,Power Gem,10,13,3,50000
Xatu (Shadow),72,178,psychic,flying,94.6,77.2,85,620765,25.5,768,Peck,Psyshock,Aerial Ace,5,6,3,50000
Garganacl,71.8,934,rock,none,75.7,98.2,103,765675,20.5,764,Mud Shot,Rock Tomb,Rock Blast,6,5,5,50000
Servine (Shadow),71.8,496,grass,none,85.1,112.8,114,1094318,50,966,Vine Whip,Grass Knot,Wrap,7,6,3,10000
Swoobat,71.8,528,psychic,flying,93.7,75.2,102,718716,34.5,821,Confusion,Fly,Psychic Fangs,4,3,1,10000
Timburr (Shadow),71.8,532,fighting,none,100.7,68.9,132,915846,50,961,Low Kick,Brick Break,Rock Tomb,5,7,5,75000
Golem (Alolan),71.7,76,rock,electric,89.6,87.5,83,650720,19,766,Volt Switch,Wild Charge,Rock Blast,3,3,1,10000
Gourgeist (Small),71.7,711,ghost,grass,83.6,109.4,76,695084,25,767,Incinerate,Shadow Ball,Seed Bomb,3,2,5,75000
Graveler (Alolan),71.7,75,rock,electric,86.9,93.7,83,675830,30,767,Volt Switch,Stone Edge,Rock Blast,4,3,1,10000
Gurdurr,71.7,533,fighting,none,89.7,71.6,102,655097,26,767,Low Kick,Brick Break,Stone Edge,5,7,5,75000
Pawniard,71.7,624,dark,steel,105.7,86.3,95,866581,49,960,Scratch,Night Slash,Iron Head,9,13,5,75000
Probopass (Shadow),71.7,476,rock,steel,69.7,142.3,85,843056,27.5,767,Rock Throw,Rock Slide,Magnet Bomb,9,8,3,50000
Scolipede,71.7,545,bug,poison,94.3,86.1,76,617061,22.5,765,Poison Sting,Aqua Tail,Megahorn,4,7,1,10000
Slowbro (Mega),71.7,80,water,psychic,84.1,99.3,83,693144,14.5,766,Confusion,Drain Punch,Ice Beam,3,4,3,50000
Claydol (Shadow),71.5,344,ground,psychic,74.1,123.5,86,787016,29,768,Mud Slap,Rock Tomb,Shadow Ball,5,5,3,50000
Raticate (Alolan),71.5,20,dark,normal,80.3,97.6,112,877775,36.5,841,Bite,Crunch,Return,12,18,1,10000
Scolipede (Shadow),71.5,545,bug,poison,94.3,86.1,76,617061,22.5,765,Poison Sting,Aqua Tail,X-Scissor,4,5,1,10000
Incineroar,71.4,727,fire,dark,89.6,78.1,93,650792,18.5,766,Fire Fang,Brutal Swing,Blast Burn,6,9,3,10000
Registeel (Shadow),71.4,379,steel,none,68.3,135.2,91,840309,23,758,Lock On,Flash Cannon,Focus Blast,13,15,20,100000
Scyther (Shadow),71.4,123,bug,flying,96.5,78.3,80,604476,20.5,768,Fury Cutter,Night Slash,X-Scissor,9,10,5,75000
Medicham (Mega),71.2,308,fighting,psychic,94.1,87,76,622189,22,766,Psycho Cut,Dynamic Punch,Ice Punch,5,5,3,50000
Orbeetle,71.2,826,bug,psychic,77.2,120.6,81,754136,25.5,765,Psycho Cut,Psyshock,Bug Buzz,5,7,1,10000
Slowking (Galarian),71.2,199,poison,psychic,83.9,84.4,99,701035,20.5,767,Acid,Psyshock,Shadow Ball,5,7,3,50000
Talonflame (Shadow),71.2,663,fire,flying,86.9,80.6,96,672397,25.5,767,Incinerate,Flame Charge,Fly,3,3,1,10000
Ursaluna (Shadow),71.2,901,ground,normal,89.9,70.6,103,653735,14.5,767,Scratch,Thunder Punch,High Horsepower,10,14,3,50000
Braixen (Shadow),71.1,654,fire,none,94.2,77.2,88,639957,31,779,Ember,Psyshock,Flame Charge,5,6,3,10000
Nidoking,71.1,34,poison,ground,92.6,75.3,91,634523,21.5,767,Poison Sting,Avalanche,Earth Power,5,6,3,50000
Swanna (Shadow),71.1,581,water,flying,92,72.3,95,631902,26.5,766,Gust,Aqua Jet,Fly,3,4,3,50000
Chesnaught (Mega),70.9,652,grass,fighting,86.4,103.9,75,673272,13.5,766,Low Kick,Thunder Punch,Superpower,5,5,3,10000
Crawdaunt (Shadow),70.9,342,water,dark,103.5,70.4,77,561053,22,767,Waterfall,Night Slash,Scald,4,5,3,50000
Magmortar (Shadow),70.9,467,fire,none,100.7,74.8,77,579992,17.5,767,Karate Chop,Fire Punch,Thunderbolt,5,7,5,75000
Rapidash (Galarian),70.9,78,psychic,fairy,95.6,79.8,80,610310,22.5,767,Fairy Wind,Body Slam,Wild Charge,5,5,3,50000
Samurott (Shadow),70.9,503,water,none,91.6,72.2,97,641511,19.5,768,Fury Cutter,Hydro Cannon,Megahorn,10,14,3,10000
Wobbuffet,70.9,202,psychic,none,50.7,81.8,268,1111466,50,750,Counter,Mirror Coat,Return,8,12,3,50000
Flygon,70.8,330,ground,dragon,91.5,78.4,89,638450,21,767,Dragon Tail,Sand Tomb,Twister,4,4,5,75000
Gallade,70.8,475,psychic,fighting,97.7,82.7,74,597904,18,767,Psycho Cut,Leaf Blade,Sacred Sword,4,4,5,75000
Machop,70.8,66,fighting,none,102.7,65.5,126,847583,50,934,Karate Chop,Cross Chop,Brick Break,4,5,3,50000
Timburr,70.8,532,fighting,none,100.7,68.9,132,915846,50,961,Low Kick,Brick Break,Rock Tomb,5,7,5,75000
Arcanine,70.6,59,fire,none,94.5,73.4,89,617331,18,766,Bite,Wild Charge,Psychic Fangs,12,9,3,50000
Barbaracle,70.6,689,rock,water,86.5,95.2,82,675254,20.5,767,Fury Cutter,Cross Chop,Stone Edge,9,14,3,50000
Croconaw (Shadow),70.6,159,water,none,87.7,89.4,100,784038,35.5,832,Scratch,Ice Punch,Water Pulse,10,13,3,10000
Haxorus (Shadow),70.6,612,dragon,none,108.4,68.1,73,538889,15.5,767,Dragon Tail,Night Slash,Surf,3,4,5,75000
Serperior,70.6,497,grass,none,78.8,101.8,93,746031,25,767,Vine Whip,Frenzy Plant,Aerial Ace,6,6,3,10000
Avalugg,70.5,713,ice,none,80,101.1,91,736008,17.5,767,Ice Fang,Avalanche,Body Slam,8,7,3,50000
Camerupt,70.5,323,fire,ground,95.5,71.9,89,611114,25.5,767,Incinerate,Earth Power,Rock Tomb,3,3,3,50000
Mamoswine,70.5,473,ice,ground,97.4,62.5,99,602663,16.5,767,Powder Snow,Icicle Spear,High Horsepower,5,7,3,50000
Slowbro (Galarian),70.5,80,poison,psychic,85.2,77.5,104,686712,22.5,767,Confusion,Drain Punch,Sludge Bomb,3,4,3,50000
Suicune (Shadow),70.5,245,water,none,76.6,100.1,97,743763,18,756,Ice Fang,Bubble Beam,Scald,9,9,20,100000
Swampert (Mega),70.5,260,water,ground,97,77.7,80,602952,12.5,766,Mud Shot,Hydro Cannon,Earthquake,5,8,3,10000
Whiscash (Shadow),70.5,340,water,ground,77,77.5,127,757873,27,765,Mud Shot,Mud Bomb,Scald,5,6,1,10000
Avalugg (Hisuian),70.3,713,ice,rock,83.3,96.7,87,700795,16,766,Powder Snow,Rock Slide,Icy Wind,6,6,3,50000
Bewear (Shadow),70.3,760,normal,fighting,92.7,62.4,109,630508,17.5,766,Low Kick,Superpower,Stomp,5,5,1,10000
Camerupt (Shadow),70.3,323,fire,ground,95.5,71.9,89,611114,25.5,767,Incinerate,Earth Power,Rock Tomb,3,3,3,50000
Bastiodon,70.1,411,rock,steel,63.9,196.1,110,1378387,46.5,938,Smack Down,Stone Edge,Flamethrower,7,7,5,75000
Delphox (Mega),70.1,655,fire,psychic,108.9,80.7,61,536082,11.5,767,Scratch,Blast Burn,Psyshock,13,10,3,10000
Latios (Mega),70.1,381,dragon,psychic,107.4,79.2,64,544389,11,765,Dragon Breath,Aura Sphere,Luster Purge,10,15,20,100000
Noctowl (Shadow),70.1,164,normal,flying,75.3,86,120,777096,28,767,Wing Attack,Sky Attack,Shadow Ball,7,7,1,10000
Aggron,70,306,steel,rock,83.4,111.4,76,706098,18.5,767,Metal Sound,Meteor Beam,Brick Break,8,5,1,10000
Drilbur,70,529,ground,none,112.2,65.5,114,837797,50,970,Scratch,Drill Run,Rock Tomb,10,13,3,50000
Muk,70,89,poison,none,82.9,79.9,105,695490,20,763,Poison Jab,Thunder Punch,Dark Pulse,6,7,3,50000
Relicanth,70,369,water,rock,75.2,95.6,108,776425,22.5,767,Water Gun,Aqua Tail,Ancient Power,12,15,5,75000
Shiinotic (Shadow),70,756,grass,fairy,84.1,96.8,88,716397,31,779,Astonish,Moonblast,Seed Bomb,5,4,3,50000
Wobbuffet (Shadow),70,202,psychic,none,50.7,81.8,268,1111466,50,750,Counter,Mirror Coat,Frustration,8,12,3,50000
Monferno (Shadow),69.8,391,fire,fighting,100.3,74.3,107,797395,42,897,Ember,Flame Wheel,Low Sweep,5,5,3,10000
Persian (Alolan),69.8,53,dark,none,90.3,83,98,734500,34,814,Scratch,Foul Play,Play Rough,10,15,3,50000
Urshifu (Single Strike),69.8,892,fighting,dark,97.7,70,86,588154,15,762,Sucker Punch,Brick Break,Dynamic Punch,6,7,20,100000
Vaporeon,69.8,134,water,none,84.7,69.3,118,692626,18,767,Water Gun,Aqua Tail,Last Resort,12,19,5,75000
Wormadam (Plant),69.8,413,bug,grass,81.4,107.2,94,820252,34.5,820,Sucker Punch,Energy Ball,Bug Buzz,7,9,1,10000
Aggron (Mega),69.7,306,steel,none,87.9,118.5,64,666634,13,767,Metal Sound,Meteor Beam,Brick Break,8,5,1,10000
Flygon (Shadow),69.7,330,ground,dragon,91.5,78.4,89,638450,21,767,Dragon Tail,Sand Tomb,Twister,4,4,5,75000
Golbat (Shadow),69.7,42,poison,flying,84.2,83.2,99,693539,28.5,767,Wing Attack,Poison Fang,Shadow Ball,5,7,1,10000
Leavanny,69.7,542,bug,grass,92.6,78.9,86,628328,21.5,766,Shadow Claw,Leaf Blade,X-Scissor,5,5,1,10000
Litleo,69.7,667,fire,normal,97.2,84.5,115,944541,48.5,958,Incinerate,Flame Charge,Crunch,3,3,3,10000
Mismagius,69.7,429,ghost,none,94.2,88.5,74,616916,21,764,Psywave,Shadow Ball,Mystical Fire,13,12,3,50000
Beedrill (Shadow),69.5,15,bug,poison,91.3,76.5,93,649554,30.5,774,Poison Sting,X-Scissor,Drill Run,5,5,1,10000
Houndstone,69.5,972,ghost,none,86.1,93.2,85,682084,22,766,Bite,Shadow Ball,Psychic Fangs,13,9,3,50000
Marshtomp (Shadow),69.5,259,water,ground,88.5,81.9,102,739311,33.5,809,Mud Shot,Surf,Sludge,5,5,3,10000
Crocalor,69.4,910,fire,none,85.4,75.7,106,685267,29,765,Incinerate,Crunch,Flamethrower,3,3,3,10000
Fraxure,69.4,611,dragon,none,103.2,65.5,84,567806,25,767,Dragon Tail,Aqua Tail,Night Slash,3,3,5,75000
Golurk (Shadow),69.4,623,ground,ghost,95.4,70.5,91,612039,19.5,767,Mud Slap,Shadow Punch,Dynamic Punch,4,5,5,75000
Sceptile,69.4,254,grass,none,97,78.2,79,599247,20,766,Fury Cutter,Leaf Blade,Breaking Swipe,9,13,3,10000
Venomoth,69.4,49,bug,poison,90.9,77,92,643936,27,766,Infestation,Poison Fang,Silver Wind,4,4,3,50000
Victini,69.4,494,psychic,fire,86.2,85.4,92,677256,16.5,767,Confusion,V-Create,Psyshock,3,3,20,100000
Absol,69.2,359,dark,none,112.1,60.1,77,518765,22,766,Psycho Cut,Brutal Swing,Megahorn,4,7,5,75000
Altaria (Mega),69.2,334,dragon,fairy,90.3,91.9,78,647288,17.5,766,Dragon Breath,Moonblast,Flamethrower,13,14,1,10000
Comfey,69.2,764,fairy,none,83.1,112.7,75,702403,26.5,768,Vine Whip,Draining Kiss,Grass Knot,7,7,3,50000
Hippopotas (Shadow),69.2,449,ground,none,92.6,89.9,122,1015618,50,970,Sand Attack,Rock Tomb,Dig,13,13,3,50000
Marshtomp,69.2,259,water,ground,88.7,82.5,103,753728,34.5,820,Mud Shot,Surf,Sludge,5,5,3,10000
Tentacruel (Shadow),69.2,73,water,poison,77.9,102.7,93,744031,23,765,Acid,Scald,Payback,7,8,3,50000
Venusaur,69.2,3,grass,poison,87.4,87.4,88,672211,20.5,767,Vine Whip,Frenzy Plant,Sludge,6,5,3,10000
Absol (Mega),69.1,359,dark,none,123.8,55.9,68,470589,16.5,767,Psycho Cut,Brutal Swing,Megahorn,4,7,5,75000
Illumise,69.1,314,bug,none,81.9,100.1,97,795224,33.5,810,Infestation,Silver Wind,Shadow Ball,4,5,3,50000
Pumpkaboo (Super),69.1,710,ghost,grass,89.9,91.2,113,926473,50,914,Astonish,Grass Knot,Foul Play,5,4,5,75000
Sawk,69.1,539,fighting,none,100.4,69.7,83,580824,20,767,Low Kick,Brick Break,Body Slam,5,5,5,75000
Toxicroak,69.1,454,poison,fighting,97.5,67.1,92,601887,22.5,767,Poison Sting,Dynamic Punch,Shadow Ball,5,6,3,50000
Druddigon,68.9,621,dragon,none,93.9,79.6,83,620379,20.5,767,Dragon Tail,Night Slash,Rock Tomb,3,5,5,75000
Ferrothorn,68.9,598,grass,steel,76.6,109.3,91,761887,24.5,767,Bullet Seed,Power Whip,Thunder,4,5,3,75000
Galvantula (Shadow),68.9,596,bug,electric,98.9,69,87,593697,25.5,768,Volt Switch,Discharge,Lunge,3,3,3,50000
Skeledirge,68.9,911,fire,ghost,86.7,78.5,99,673789,18.5,767,Incinerate,Torch Song,Shadow Ball,3,3,3,10000
Skuntank (Shadow),68.9,435,poison,dark,87.1,68.1,113,670261,23.5,764,Poison Jab,Crunch,Trailblaze,7,7,3,50000
Tyranitar (Shadow),68.9,248,rock,dark,92.8,79.7,85,628674,14.5,767,Dragon Breath,Brutal Swing,Stone Edge,9,14,5,75000
Venusaur (Shadow),68.9,3,grass,poison,87.4,87.4,88,672211,20.5,767,Vine Whip,Frenzy Plant,Sludge,6,5,3,10000
Cacturne (Shadow),68.8,332,grass,dark,105.3,60.9,87,557911,24,766,Sucker Punch,Trailblaze,Dark Pulse,7,7,3,50000
Frillish,68.8,592,water,ghost,87.8,100.7,108,954878,50,919,Hex,Night Shade,Ice Beam,4,5,3,50000
Hariyama,68.8,297,fighting,none,89.9,54.4,133,650444,19.5,765,Force Palm,Upper Hand,Heavy Slam,4,5,3,50000
Hariyama (Shadow),68.8,297,fighting,none,89.9,54.4,133,650444,19.5,765,Force Palm,Upper Hand,Heavy Slam,4,5,3,50000
Lampent (Shadow),68.8,608,ghost,fire,98.4,73.5,96,694310,35,826,Ember,Heat Wave,Energy Ball,5,5,5,75000
Luxray (Shadow),68.8,405,electric,none,98.7,70.8,85,593977,19,767,Spark,Wild Charge,Psychic Fangs,7,5,5,75000
Ponyta (Shadow),68.8,77,fire,none,99.8,80.8,87,701554,36,837,Ember,Flame Wheel,Stomp,5,5,3,50000
Serperior (Shadow),68.8,497,grass,none,78.8,101.8,93,746031,25,767,Vine Whip,Frenzy Plant,Leaf Tornado,6,5,3,10000
Venusaur (Mega),68.8,3,grass,poison,90.7,94.4,75,642156,15,767,Vine Whip,Frenzy Plant,Sludge,6,5,3,10000
Zygarde (50% Forme),68.8,718,dragon,ground,81.6,91.8,95,711634,15.5,764,Dragon Tail,Crunch,Bulldoze,4,5,20,100000
Aron,68.6,304,steel,rock,91.9,105.4,102,987999,50,956,Metal Sound,Rock Tomb,Iron Head,7,7,1,10000
Furfrou,68.6,676,normal,none,82.6,89.5,95,702307,26.5,765,Take Down,Dark Pulse,Grass Knot,5,6,5,75000
Sandslash,68.6,28,ground,none,86.2,88,89,675118,23.5,766,Sand Attack,Rock Tomb,Night Slash,13,9,3,50000
Armaldo (Shadow),68.5,348,rock,bug,95.8,78.1,82,613522,19.5,767,Fury Cutter,Rock Blast,Liquidation,10,12,3,50000
Braixen,68.5,654,fire,none,94.2,77.2,88,639957,31,779,Ember,Psyshock,Flame Charge,5,6,3,10000
Decidueye (Hisuian),68.5,724,grass,fighting,90.8,78.3,91,646977,19,767,Psycho Cut,Energy Ball,Aura Sphere,5,5,3,10000
Escavalier (Shadow),68.5,589,bug,steel,94.6,84.1,77,612601,19,765,Bug Bite,Drill Run,Razor Shell,14,12,3,50000
Manectric,68.5,310,electric,none,101.9,65.3,86,572250,23.5,766,Thunder Fang,Psychic Fangs,Wild Charge,6,8,3,50000
Meganium,68.5,154,grass,none,79.3,99.5,93,733803,23,766,Vine Whip,Frenzy Plant,Earthquake,6,9,3,10000
Pancham (Shadow),68.5,674,fighting,none,98.1,79,118,914488,47.5,949,Low Kick,Crunch,Body Slam,6,5,3,50000
Starmie (Mega),68.5,121,water,psychic,103.6,88.8,61,561180,15,767,Psywave,Ice Beam,Power Gem,14,13,3,50000
Garchomp,68.3,445,dragon,ground,94.8,72.6,90,619423,14,767,Dragon Tail,Twister,Sand Tomb,4,4,5,75000
Giratina (Origin),68.3,487,ghost,dragon,85.9,72.5,110,685053,15,768,Dragon Tail,Ominous Wind,Shadow Ball,4,5,20,100000
Glalie,68.3,362,ice,none,82.4,86.4,100,711936,27,767,Rollout,Avalanche,Shadow Ball,4,4,3,50000
Golett (Shadow),68.3,622,ground,ghost,96,72.3,113,784310,50,869,Astonish,Shadow Punch,Brick Break,4,4,5,75000
Machoke,68.3,67,fighting,none,90.7,69.7,102,644823,27.5,767,Karate Chop,Cross Chop,Return,4,8,3,50000
Magby,68.3,240,fire,none,112.2,77,96,829382,50,967,Karate Chop,Fire Punch,Brick Break,5,5,5,10000
Celesteela,68.2,797,steel,flying,85.5,86.4,93,687010,18,767,Air Slash,Body Slam,Iron Head,5,6,20,100000
Chesnaught,68.2,652,grass,fighting,85.4,90.8,88,682380,19,766,Low Kick,Frenzy Plant,Superpower,6,5,3,10000
Decidueye,68.2,724,grass,ghost,91.5,82.5,85,641644,20,767,Leafage,Frenzy Plant,Spirit Shackle,6,5,3,10000
Gabite (Shadow),68.2,444,dragon,ground,92.1,73.3,94,634587,30,767,Mud Shot,Twister,Dig,5,6,5,75000
Gengar (Mega),68.2,94,ghost,poison,119.6,71.6,57,488112,12.5,767,Shadow Claw,Shadow Punch,Dark Pulse,5,6,3,50000
Grimer,68.2,88,poison,none,97.3,71,138,953345,50,964,Poison Jab,Sludge,Mud Bomb,6,7,3,50000
Grimer (Alolan),68.2,88,poison,dark,98.3,69.6,137,937310,49,960,Poison Jab,Crunch,Sludge Bomb,7,8,3,50000
Magmar,68.2,126,fire,none,96.7,77,81,603118,23,766,Karate Chop,Fire Punch,Scorching Sands,5,6,5,75000
Sawk (Shadow),68.2,539,fighting,none,100.4,69.7,83,580824,20,767,Low Kick,Brick Break,Body Slam,5,5,5,75000
Mienfoo,68,619,fighting,none,113.3,74,93,779731,47,943,Low Kick,Brick Break,High Jump Kick,5,7,3,50000
Staraptor (Mega),68,398,fighting,flying,100.4,77.9,74,578766,13.5,766,Wing Attack,Close Combat,Heat Wave,6,6,1,10000
Wailmer (Shadow),68,320,water,none,93.2,54.6,193,982123,48.5,957,Rollout,Scald,Body Slam,4,4,1,10000
Delphox (Shadow),67.8,655,fire,psychic,94.9,82.7,79,620010,18,767,Scratch,Psyshock,Blast Burn,10,13,3,10000
Excadrill,67.8,530,ground,steel,102.1,56.3,100,574823,17,767,Mud Shot,Drill Run,Rock Slide,5,5,3,50000
Pawmo,67.8,922,electric,fighting,109.5,65.5,114,817637,50,949,Thunder Shock,Wild Charge,Thunder Punch,5,5,3,75000
Slowpoke,67.8,79,water,psychic,83.8,76.4,150,960348,50,896,Confusion,Psyshock,Water Pulse,3,4,3,50000
Zebstrika (Shadow),67.8,523,electric,none,98.5,68.3,88,592024,23,767,Low Kick,Wild Charge,Discharge,6,5,3,50000
Bastiodon (Shadow),67.7,411,rock,steel,63.9,196.1,110,1378387,46.5,938,Smack Down,Stone Edge,Flamethrower,7,7,5,75000
Fletchinder (Shadow),67.7,662,fire,flying,98.1,81.7,113,905669,47.5,946,Peck,Fly,Heat Wave,6,6,1,10000
Pancham,67.7,674,fighting,none,98.1,79,118,914488,47.5,949,Low Kick,Crunch,Body Slam,6,5,3,50000
Pumpkaboo (Large),67.7,710,ghost,grass,91.2,92.6,107,903628,50,909,Astonish,Grass Knot,Foul Play,5,4,5,75000
Xatu,67.7,178,psychic,flying,94.6,77.2,85,620765,25.5,768,Peck,Psyshock,Aerial Ace,5,6,3,50000
Beedrill (Mega),67.5,15,bug,poison,118.1,61.9,68,497107,16,766,Infestation,Drill Run,Sludge Bomb,4,5,1,10000
Flareon,67.5,136,fire,none,101.8,78.7,72,576840,18,766,Ember,Heat Wave,Superpower,5,5,5,75000
Lileep (Shadow),67.5,345,rock,grass,81.1,111.5,121,1094161,50,944,Acid,Grass Knot,Ancient Power,7,6,3,50000
Golurk,67.4,623,ground,ghost,95.4,70.5,91,612039,19.5,767,Mud Slap,Shadow Punch,Dynamic Punch,4,5,5,75000
Monferno,67.4,391,fire,fighting,100.3,74.3,107,797395,42,897,Ember,Flame Wheel,Low Sweep,5,5,3,10000
Weezing,67.4,110,poison,none,84.1,100.3,83,700124,25,768,Rollout,Sludge Bomb,Dark Pulse,4,4,3,50000
Delphox,67.2,655,fire,psychic,94.9,82.7,79,620010,18,767,Scratch,Psyshock,Blast Burn,10,13,3,10000
Quilladin,67.2,651,grass,none,85.4,96.7,96,792785,35,825,Low Kick,Energy Ball,Body Slam,6,5,3,10000
Regice,67.2,378,ice,none,74.8,128.7,81,779768,17.5,767,Lock On,Blizzard,Thunder,15,12,20,100000
Spritzee,67.2,682,fairy,none,84.5,86.5,135,986749,50,915,Charm,Draining Kiss,Thunderbolt,7,7,3,50000
Swadloon,67.2,541,bug,grass,85.8,117.6,108,1089729,50,970,Bug Bite,Energy Ball,Silver Wind,15,15,1,10000
Barraskewda,67.1,847,water,none,114.2,61,73,508533,20.5,767,Peck,Aqua Jet,Close Combat,5,6,3,50000
Bewear,67.1,760,normal,fighting,92.7,62.4,109,630508,17.5,766,Low Kick,Superpower,Stomp,5,5,1,10000
Haxorus,67.1,612,dragon,none,108.4,68.1,73,538889,15.5,767,Dragon Tail,Night Slash,Surf,3,4,5,75000
Kleavor,67.1,900,bug,rock,102.7,74.8,74,568465,17.5,768,Fury Cutter,X-Scissor,Rock Slide,10,12,5,75000
Lampent,67.1,608,ghost,fire,98.4,73.5,96,694310,35,826,Ember,Heat Wave,Energy Ball,5,5,5,75000
Passimian,67.1,766,fighting,none,92,71,97,633604,18,764,Counter,Brutal Swing,Superpower,6,7,3,75000
Scrafty,67.1,560,dark,fighting,79,112.1,83,735040,24.5,765,Counter,Foul Play,Upper Hand,7,7,3,50000
Tapu Fini,67.1,788,water,fairy,82.9,113.3,75,704443,20,765,Water Gun,Surf,Nature's Madness,15,17,20,100000
Zekrom (Shadow),67.1,644,dragon,electric,99,77.9,76,586120,13.5,766,Dragon Breath,Fusion Bolt,Crunch,12,12,20,100000
Articuno (Shadow),66.9,144,ice,flying,82.4,97.9,88,709892,17.5,766,Powder Snow,Triple Axel,Hurricane,6,8,20,100000
Corvisquire,66.9,822,flying,none,94.8,84,123,979474,49.5,964,Peck,Sky Attack,Payback,7,8,1,10000
Quilladin (Shadow),66.9,651,grass,none,85.4,96.7,96,792785,35,825,Low Kick,Energy Ball,Body Slam,6,5,3,10000
Scyther,66.9,123,bug,flying,96.5,78.3,80,604476,20.5,768,Fury Cutter,Night Slash,X-Scissor,9,10,5,75000
Froslass,66.8,478,ice,ghost,87.7,82.2,93,670431,27.5,767,Powder Snow,Avalanche,Shadow Ball,6,7,3,50000
Tyranitar,66.8,248,rock,dark,92.8,79.7,85,628674,14.5,767,Dragon Breath,Brutal Swing,Stone Edge,9,14,5,75000
Baxcalibur,66.6,998,dragon,ice,97.1,68.5,91,605273,15.5,768,Dragon Breath,Glaive Rush,Avalanche,10,12,5,75000
Dipplin,66.6,1011,grass,dragon,82,92.2,94,710678,23.5,767,Dragon Tail,Seed Bomb,Outrage,4,5,5,75000
Espeon,66.6,196,psychic,none,105.9,75.6,69,552417,17.5,768,Confusion,Psychic Fangs,Shadow Ball,3,4,5,75000
Geodude (Alolan) (Shadow),66.6,74,rock,electric,99.3,99.3,91,897305,50,945,Volt Switch,Rock Tomb,Rock Slide,4,3,1,10000
Lopunny (Mega),66.6,428,normal,fighting,104.4,83.3,64,556577,14.5,767,Low Kick,Triple Axel,Thunder Punch,6,5,3,50000
Gabite,66.5,444,dragon,ground,92.1,73.3,94,634587,30,767,Mud Shot,Twister,Dig,5,6,5,75000
Nidoking (Shadow),66.5,34,poison,ground,92.6,75.3,91,634523,21.5,767,Poison Sting,Avalanche,Earth Power,5,6,3,50000
Parasect,66.5,47,bug,grass,89.2,85,88,667216,30.5,774,Fury Cutter,X-Scissor,Cross Poison,10,9,3,50000
Golduck,66.3,55,water,none,88.8,80.2,92,655202,22.5,767,Confusion,Cross Chop,Liquidation,3,4,3,50000
Grimer (Alolan) (Shadow),66.3,88,poison,dark,98.3,69.6,137,937310,49,960,Poison Jab,Crunch,Sludge Bomb,7,8,3,50000
Growlithe (Shadow),66.3,58,fire,none,102,73,108,804168,50,909,Ember,Flame Wheel,Body Slam,5,5,3,50000
Kricketune,66.3,402,bug,none,96.6,67.7,116,758619,38,856,Fury Cutter,X-Scissor,Aerial Ace,10,12,1,10000
Lairon,66.3,305,steel,rock,81.4,105.3,84,719999,27,767,Metal Sound,Rock Tomb,Body Slam,7,5,1,10000
Sandslash (Shadow),66.3,28,ground,none,86.2,88,89,675118,23.5,766,Sand Attack,Rock Tomb,Night Slash,13,9,3,50000
Darmanitan (Standard) (Shadow),66.2,555,fire,none,107.1,51.6,99,547110,17.5,766,Incinerate,Rock Slide,Overheat,3,3,3,50000
Torterra,66.2,389,grass,ground,85.8,83.7,95,682239,19,766,Mud Slap,Frenzy Plant,Sand Tomb,5,5,3,10000
Blacephalon,66,806,fire,ghost,124.2,63.3,60,471712,16.5,766,Incinerate,Mind Blown,Shadow Ball,2,3,20,100000
Chesnaught (Shadow),66,652,grass,fighting,85.4,90.8,88,682380,19,766,Low Kick,Frenzy Plant,Superpower,6,5,3,10000
Crawdaunt,66,342,water,dark,103.5,70.4,77,561053,22,767,Waterfall,Night Slash,Scald,4,5,3,50000
Kabutops (Shadow),66,141,rock,water,96.9,85.7,73,606216,20.5,767,Fury Cutter,Aqua Jet,Stone Edge,10,14,5,75000
Lucario,66,448,fighting,steel,104.3,67.1,80,559882,20.5,768,Force Palm,Aura Sphere,Shadow Ball,4,5,5,75000
Mankey (Shadow),66,56,fighting,none,110.1,65.5,91,656251,50,851,Karate Chop,Cross Chop,Brick Break,4,5,3,50000
Obstagoon,66,862,dark,normal,81,91.5,98,726327,21,767,Counter,Night Slash,Cross Chop,6,6,3,10000
Pinsir (Shadow),66,127,bug,none,99.9,80.6,73,587792,18.5,766,Fury Cutter,Close Combat,X-Scissor,12,10,5,75000
Raticate (Alolan) (Shadow),66,20,dark,normal,80.3,97.6,112,877775,36.5,841,Bite,Crunch,Hyper Fang,12,13,1,10000
Aggron (Shadow),65.8,306,steel,rock,83.4,111.4,76,706098,18.5,767,Metal Sound,Meteor Beam,Brick Break,8,5,1,10000
Celebi,65.8,251,psychic,grass,86.2,85.4,92,677256,16.5,767,Confusion,Aura Sphere,Leaf Storm,3,4,20,100000
Garchomp (Shadow),65.8,445,dragon,ground,94.8,72.6,90,619423,14,767,Dragon Tail,Twister,Sand Tomb,4,4,5,75000
Houndour (Shadow),65.8,228,dark,fire,112.8,66.2,96,716867,50,902,Ember,Dark Pulse,Flamethrower,5,7,3,50000
Quaxwell,65.8,913,water,none,92.5,76.3,101,712833,34,816,Wing Attack,Aqua Jet,Aerial Ace,5,6,3,10000
Electabuzz (Shadow),65.7,125,electric,none,94.6,80.5,81,616839,24,768,Thunder Shock,Thunder Punch,Thunderbolt,5,7,5,75000
Golett,65.7,622,ground,ghost,96,72.3,113,784310,50,869,Astonish,Shadow Punch,Brick Break,4,4,5,75000
Poipole,65.7,803,poison,none,89.4,84.9,102,774186,36,834,Peck,Sludge Bomb,Fell Stinger,7,5,20,100000
Beedrill,65.5,15,bug,poison,91.3,76.5,93,649554,30.5,774,Infestation,X-Scissor,Drill Run,4,4,1,10000
Bibarel (Shadow),65.5,400,normal,water,89,71.9,108,691103,31.5,785,Take Down,Surf,Hyper Fang,5,6,1,10000
Obstagoon (Shadow),65.5,862,dark,normal,81,91.5,98,726327,21,767,Counter,Cross Chop,Night Slash,6,6,3,10000
Palossand,65.5,770,ghost,ground,83.4,88,96,704563,23,767,Astonish,Shadow Ball,Earth Power,5,5,3,50000
Pumpkaboo (Average),65.5,710,ghost,grass,91.9,93.3,101,866001,50,893,Astonish,Grass Knot,Foul Play,5,4,5,75000
Shiftry (Shadow),65.5,275,grass,dark,95.4,63,102,613040,23.5,766,Snarl,Leaf Blade,Foul Play,3,4,3,50000
Corsola,65.4,222,water,rock,87,113.7,107,1058433,49,962,Bubble,Power Gem,Rock Blast,5,4,3,50000
Eelektrik,65.4,603,electric,none,91.1,82,101,754490,35.5,830,Acid,Discharge,Crunch,5,6,1,10000
Geodude (Alolan),65.4,74,rock,electric,99.3,99.3,91,897305,50,945,Volt Switch,Rock Tomb,Rock Slide,4,3,1,10000
Hatterene,65.4,858,psychic,fairy,101.7,82.3,69,577524,19.5,767,Psycho Cut,Psyshock,Power Whip,5,6,5,50000
Kabutops,65.4,141,rock,water,96.9,85.7,73,606216,20.5,767,Fury Cutter,Aqua Jet,Stone Edge,10,14,5,75000
Kilowattrel,65.4,941,electric,flying,102.4,66.2,84,569426,22.5,767,Thunder Shock,Acrobatics,Aerial Ace,7,5,1,10000
Magmortar,65.4,467,fire,none,100.7,74.8,77,579992,17.5,767,Karate Chop,Fire Punch,Thunderbolt,5,7,5,75000
Slowpoke (Shadow),65.4,79,water,psychic,83.8,76.4,150,960348,50,896,Confusion,Psyshock,Water Pulse,3,4,3,50000
Charmeleon (Shadow),65.2,5,fire,none,96.1,83,97,773701,38.5,863,Ember,Fire Punch,Flamethrower,5,7,3,10000
Flapple,65.2,841,grass,dragon,98.8,71.6,84,594223,22.5,767,Dragon Breath,Seed Bomb,Dragon Pulse,10,14,5,75000
Smoochum,65.2,238,ice,psychic,113.5,71.6,96,780154,50,944,Powder Snow,Psyshock,Ice Punch,5,5,5,10000
Bibarel,65.1,400,normal,water,89,71.9,108,691103,31.5,785,Take Down,Surf,Hyper Fang,5,6,1,10000
Chimecho,65.1,358,psychic,none,85.5,86.5,93,687805,25,767,Astonish,Psyshock,Energy Ball,4,5,5,75000
Larvesta,65.1,636,bug,fire,103.1,78.6,103,834677,45.5,931,Ember,Flame Wheel,Bug Buzz,5,7,5,75000
Beartic,64.9,614,ice,none,96.9,67.3,93,606487,18,767,Powder Snow,Ice Punch,Liquidation,5,6,3,50000
Pidgeot (Mega),64.9,18,normal,flying,105.1,69.6,76,555937,15,767,Gust,Brave Bird,Twister,4,3,1,10000
Slowpoke (Galarian),64.9,79,psychic,none,83.8,76.4,150,960348,50,896,Confusion,Psyshock,Surf,3,4,3,50000
Armaldo,64.8,348,rock,bug,95.8,78.1,82,613522,19.5,767,Fury Cutter,Rock Blast,Liquidation,10,12,3,50000
Emboar,64.8,500,fire,fighting,98.6,57.5,105,595298,18.5,767,Ember,Blast Burn,Heat Wave,6,5,3,10000
Granbull (Shadow),64.8,210,fairy,none,96.8,63.2,99,605658,22,767,Charm,Close Combat,Crunch,6,6,3,50000
Kangaskhan (Mega),64.8,115,normal,none,91,81.5,87,645236,14.5,767,Low Kick,Brick Break,Crunch,5,6,3,50000
Ponyta,64.8,77,fire,none,99.8,80.8,87,701554,36,837,Ember,Flame Wheel,Stomp,5,5,3,50000
Wormadam (Sandy),64.8,413,bug,ground,81.4,107.2,94,820252,34.5,820,Sucker Punch,Bulldoze,Bug Buzz,8,9,1,10000
Falinks (Mega),64.6,870,fighting,none,100.3,88.8,65,578932,15,767,Counter,Superpower,Megahorn,7,10,5,75000
Growlithe,64.6,58,fire,none,102,73,108,804168,50,909,Ember,Flame Wheel,Body Slam,5,5,3,50000
Haunter (Shadow),64.6,93,ghost,poison,115.3,61.2,72,508058,28,766,Shadow Claw,Ice Punch,Shadow Ball,5,7,3,50000
Heracross (Mega),64.6,214,bug,fighting,109.5,75.2,65,535236,11.5,766,Fury Cutter,Rock Tomb,Upper Hand,13,10,3,50000
Hitmontop,64.6,237,fighting,none,86.7,107.2,73,678480,26,767,Counter,Close Combat,Triple Axel,8,8,5,75000
Kabuto (Shadow),64.6,140,rock,water,107.7,103.7,76,848805,49,961,Scratch,Aqua Jet,Rock Tomb,10,13,5,75000
Pinsir,64.6,127,bug,none,99.9,80.6,73,587792,18.5,766,Fury Cutter,Close Combat,X-Scissor,12,10,5,75000
Bayleef,64.5,153,grass,none,84.7,113.6,114,1096899,49.5,965,Magical Leaf,Ancient Power,Energy Ball,5,5,3,10000
Lugia,64.5,249,psychic,flying,73.3,119.5,91,797101,15,766,Dragon Tail,Earth Power,Aeroblast,5,7,20,100000
Lugia (Shadow),64.5,249,psychic,flying,74.6,117.5,89,780130,14.5,763,Dragon Tail,Fly,Earth Power,4,5,20,100000
Muk (Shadow),64.5,89,poison,none,82.9,79.9,105,695490,20,763,Poison Jab,Dark Pulse,Thunder Punch,7,6,3,50000
Shiftry,64.5,275,grass,dark,95.4,63,102,613040,23.5,766,Snarl,Leaf Blade,Foul Play,3,4,3,50000
Sandshrew,64.3,27,ground,none,95.3,91.2,102,886519,50,922,Scratch,Sand Tomb,Rock Tomb,12,13,3,50000
Tyranitar (Mega),64.3,248,rock,dark,95.8,87.9,72,606299,10,765,Dragon Breath,Brutal Swing,Stone Edge,9,14,5,75000
Darumaka (Shadow),64.2,554,fire,none,106.1,66.2,126,885001,50,970,Fire Fang,Fire Punch,Flame Charge,7,9,3,50000
Diancie (Mega),64.2,719,rock,fairy,117.2,82.1,50,481106,12,753,Rock Throw,Rock Slide,Moonblast,9,10,20,100000
Drifloon,64.2,425,ghost,flying,89.2,64.2,150,858996,50,875,Hex,Shadow Ball,Icy Wind,4,4,5,75000
Luxray,64.2,405,electric,none,98.7,70.8,85,593977,19,767,Spark,Wild Charge,Psychic Fangs,7,5,5,75000
Perrserker,64.2,863,steel,none,92.1,81.1,85,634891,23,768,Shadow Claw,Close Combat,Trailblaze,6,6,3,50000
Rhyperior (Shadow),64.2,464,ground,rock,90.7,74.8,95,644514,15,767,Mud Slap,Drill Run,Rock Wrecker,4,5,3,50000
Tyrunt,64.2,696,rock,dragon,96.1,81.8,98,770376,38.5,862,Dragon Tail,Rock Tomb,Stomp,5,4,5,75000
Axew (Shadow),64,610,dragon,none,111,76.9,96,819446,49,959,Scratch,Aqua Tail,Dragon Claw,9,13,5,75000
Golduck (Shadow),64,55,water,none,88.8,80.2,92,655202,22.5,767,Confusion,Cross Chop,Liquidation,3,4,3,50000
Karrablast (Shadow),64,588,bug,none,102.7,68.9,102,721755,50,864,Fury Cutter,Drill Run,X-Scissor,10,10,3,50000
Mienshao,64,620,fighting,none,113.7,60.7,75,517619,20,768,Force Palm,Brutal Swing,Blaze Kick,4,4,3,50000
Mismagius (Shadow),64,429,ghost,none,94.2,88.5,74,616916,21,764,Psywave,Shadow Ball,Mystical Fire,13,12,3,50000
Wyrdeer,64,899,normal,psychic,90.6,68.4,104,644492,20,766,Confusion,Stomp,Wild Charge,3,4,5,75000
Espurr,63.9,677,psychic,none,91.2,87.2,116,922506,50,920,Confusion,Psyshock,Energy Ball,3,4,3,50000
Misdreavus,63.9,200,ghost,none,88,86.5,87,662244,29,765,Psywave,Dark Pulse,Shadow Sneak,12,13,3,50000
Squawkabilly,63.9,931,normal,flying,95.6,60.7,105,609307,28,763,Peck,Brave Bird,Fly,7,6,3,75000
Vibrava,63.9,329,ground,dragon,100.7,77,102,790898,50,895,Dragon Breath,Sand Tomb,Bulldoze,12,14,5,75000
Drifloon (Shadow),63.7,425,ghost,flying,89.2,64.2,150,858996,50,875,Hex,Shadow Ball,Icy Wind,4,4,5,75000
Lucario (Mega),63.7,448,fighting,steel,114.3,67,67,513093,14.5,767,Force Palm,Aura Sphere,Shadow Ball,4,5,5,75000
Mankey,63.7,56,fighting,none,110.1,65.5,91,656251,50,851,Karate Chop,Cross Chop,Brick Break,4,5,3,50000
Maschiff,63.7,942,dark,none,100.1,81,110,891891,47.5,947,Bite,Crunch,Psychic Fangs,12,9,3,50000
Combusken,63.5,256,fire,fighting,98.3,76.1,98,733102,37.5,852,Ember,Rock Slide,Flame Charge,5,6,3,10000
Durant,63.4,632,bug,steel,96.8,87.6,71,602057,21,767,Bug Bite,X-Scissor,Iron Head,14,17,3,50000
Elekid,63.4,239,electric,none,101.4,78.4,96,763177,50,882,Thunder Shock,Thunder Punch,Brick Break,5,5,5,10000
Entei (Shadow),63.4,244,fire,none,92.2,68.1,99,621603,15.5,759,Fire Fang,Flame Charge,Scorching Sands,9,9,20,100000
Heatran (Shadow),63.4,485,fire,steel,93.5,82.6,79,610125,14.5,757,Fire Spin,Magma Storm,Earth Power,4,5,20,100000
Kabuto,63.4,140,rock,water,107.7,103.7,76,848805,49,961,Scratch,Aqua Jet,Rock Tomb,10,13,5,75000
Pumpkaboo (Small),63.4,710,ghost,grass,92.6,93.9,95,826038,50,878,Astonish,Grass Knot,Foul Play,5,4,5,75000
Pyroar,63.4,668,fire,normal,96.6,70.1,90,609449,20,767,Incinerate,Flame Charge,Dark Pulse,3,3,3,10000
Stufful,63.4,759,normal,fighting,100.2,74,125,926850,49.5,966,Take Down,Superpower,Stomp,5,5,1,10000
Vibrava (Shadow),63.4,329,ground,dragon,100.7,77,102,790898,50,895,Dragon Breath,Sand Tomb,Bulldoze,12,14,5,75000
Charmeleon,63.2,5,fire,none,96.1,83,97,773701,38.5,863,Ember,Fire Punch,Return,5,8,3,10000
Honchkrow,63.2,430,dark,flying,107.3,49.3,103,544859,20.5,767,Peck,Brave Bird,Dark Pulse,7,6,3,50000
Chandelure (Shadow),63.1,609,ghost,fire,108.4,75.3,66,538726,17,767,Incinerate,Shadow Ball,Energy Ball,3,3,5,75000
Grimer (Shadow),63.1,88,poison,none,98.3,69.6,137,937310,49,960,Poison Jab,Sludge,Mud Bomb,6,7,3,50000
Growlithe (Hisuian),63.1,58,fire,rock,106.1,72.3,114,874497,50,966,Ember,Rock Slide,Flamethrower,5,7,3,50000
Hydrapple,63.1,1019,grass,dragon,87.5,79.2,97,672210,17,767,Dragon Tail,Seed Bomb,Outrage,4,5,5,75000
Lairon (Shadow),63.1,305,steel,rock,81.4,105.3,84,719999,27,767,Metal Sound,Rock Tomb,Body Slam,7,5,1,10000
Mabosstiff,63.1,943,dark,none,96.2,75.2,84,607676,18.5,765,Bite,Crunch,Psychic Fangs,12,9,3,50000
Pidgeotto,63.1,17,normal,flying,89.2,81.1,118,853626,50,873,Wing Attack,Air Cutter,Twister,5,5,1,10000
Zoroark,63.1,571,dark,none,112.6,62.9,73,517025,21.5,767,Shadow Claw,Foul Play,Sludge Bomb,5,7,5,75000
Cacturne,62.9,332,grass,dark,105.3,60.9,87,557911,24,766,Sucker Punch,Trailblaze,Dark Pulse,7,7,3,50000
Carkol,62.9,838,rock,fire,76.9,112.1,133,1146525,46.5,940,Smack Down,Rock Slide,Flame Charge,6,7,3,10000
Cryogonal,62.9,615,ice,none,82.9,98.7,86,703672,20,767,Ice Shard,Triple Axel,Night Slash,5,4,5,75000
Ferrothorn (Shadow),62.9,598,grass,steel,76.6,109.3,91,761887,24.5,767,Bullet Seed,Power Whip,Thunder,4,5,3,75000
Hitmontop (Shadow),62.9,237,fighting,none,86.7,107.2,73,678480,26,767,Counter,Close Combat,Triple Axel,8,8,5,75000
Honchkrow (Shadow),62.9,430,dark,flying,107.3,49.3,103,544859,20.5,767,Peck,Brave Bird,Dark Pulse,7,6,3,50000
Sawsbuck,62.9,586,normal,grass,92.6,72.9,93,627800,23,766,Take Down,Wild Charge,Trailblaze,5,5,3,50000
Axew,62.8,610,dragon,none,111,76.9,96,819446,49,959,Scratch,Aqua Tail,Dragon Claw,9,13,5,75000
Electabuzz,62.8,125,electric,none,93.6,81,82,621691,24,767,Thunder Shock,Thunder Punch,Return,5,8,5,75000
Floatzel,62.8,419,water,none,102.9,58.5,95,571867,22.5,767,Waterfall,Aqua Jet,Swift,4,4,3,50000
Huntail,62.8,367,water,none,93.6,89.9,74,622683,23.5,766,Bite,Aqua Tail,Crunch,9,12,3,50000
Mudsdale,62.8,750,ground,none,88.4,76.6,97,656830,18,763,Mud Slap,Bulldoze,Body Slam,6,4,3,50000
Sneasler,62.8,903,fighting,poison,104,67.8,80,564096,17,767,Shadow Claw,Close Combat,X-Scissor,6,5,5,75000
Stufful (Shadow),62.8,759,normal,fighting,100.2,74,125,926850,49.5,966,Take Down,Superpower,Stomp,5,5,1,10000
Zapdos (Galarian),62.8,145,fighting,flying,97.1,76.8,81,604040,15.5,766,Low Kick,Fly,Close Combat,6,6,20,100000
Ceruledge,62.6,937,fire,ghost,97.5,81.6,75,596700,17.5,767,Incinerate,Shadow Ball,Heat Wave,3,3,5,50000
Emboar (Shadow),62.6,500,fire,fighting,98.6,57.5,105,595298,18.5,767,Ember,Blast Burn,Heat Wave,6,5,3,10000
Frigibax,62.6,996,dragon,ice,100.7,68.2,120,824129,50,912,Dragon Breath,Avalanche,Dragon Claw,12,13,5,75000
Misdreavus (Shadow),62.6,200,ghost,none,88,86.5,87,662244,29,765,Astonish,Dark Pulse,Shadow Sneak,5,5,3,50000
Prinplup,62.6,394,water,none,88.9,87.8,102,796153,36.5,841,Bubble,Icy Wind,Bubble Beam,5,5,3,10000
Combusken (Shadow),62.5,256,fire,fighting,98.3,76.1,98,733102,37.5,852,Ember,Rock Slide,Flame Charge,5,6,3,10000
Sandaconda,62.5,844,ground,none,88,94.4,80,664576,20,766,Mud Slap,Earth Power,Wrap,5,5,3,50000
Seviper,62.5,336,poison,none,98.4,64.4,93,589337,26.5,765,Poison Jab,Poison Fang,Wrap,6,7,3,50000
Skarmory (Mega),62.5,227,steel,flying,101.9,88.1,64,574553,14.5,767,Air Slash,Brave Bird,Drill Run,7,5,5,75000
Slowking,62.5,199,water,psychic,81.1,86.5,103,722560,22,767,Confusion,Surf,Blizzard,4,6,3,50000
Weepinbell,62.5,70,grass,poison,105.8,65.1,107,736971,40.5,883,Acid,Power Whip,Seed Bomb,7,5,3,50000
Froslass (Shadow),62.3,478,ice,ghost,87.7,82.2,93,670431,27.5,767,Powder Snow,Avalanche,Shadow Ball,6,7,3,50000
Palpitoad,62.3,536,water,ground,92.7,82.1,129,981776,48,954,Mud Shot,Earth Power,Water Pulse,6,6,3,50000
Grotle,62.2,388,grass,none,84.3,82.2,101,699875,30,767,Bite,Body Slam,Energy Ball,10,12,3,10000
Landorus (Incarnate),62.2,645,ground,flying,100.3,72.2,81,586574,15,767,Mud Shot,Earth Power,Rock Slide,6,5,20,100000
Sceptile (Mega),62.2,254,grass,dragon,113.8,70.2,64,511281,13.5,766,Fury Cutter,Leaf Blade,Breaking Swipe,9,13,3,10000
Buzzwole,62,794,bug,fighting,91.7,79.9,87,637434,16,767,Counter,Superpower,Lunge,7,8,20,100000
Garchomp (Mega),62,445,dragon,ground,104,71,76,561184,10,767,Dragon Tail,Twister,Sand Tomb,4,4,5,75000
Palossand (Shadow),62,770,ghost,ground,83.4,88,96,704563,23,767,Astonish,Shadow Ball,Earth Power,5,5,3,50000
Rotom,62,479,electric,ghost,94.7,86.2,76,620399,27.5,767,Astonish,Thunderbolt,Ominous Wind,6,5,5,75000
Tyrunt (Shadow),62,696,rock,dragon,96.1,81.8,98,770376,38.5,862,Dragon Tail,Rock Tomb,Stomp,5,4,5,75000
Anorith (Shadow),61.9,347,rock,bug,113.5,71.9,90,734459,43.5,912,Scratch,Aqua Jet,Ancient Power,10,12,3,50000
Chansey,61.9,113,normal,none,50.7,96.6,339,1660293,50,917,Zen Headbutt,Dazzling Gleam,Hyper Beam,10,14,5,75000
Geodude (Shadow),61.9,74,rock,ground,99.3,99.3,91,897305,50,945,Rock Throw,Rock Tomb,Rock Slide,10,9,1,10000
Hattrem,61.9,857,psychic,none,93.1,87.8,97,792895,38.5,860,Confusion,Psyshock,Dazzling Gleam,3,4,5,50000
Stoutland,61.9,508,normal,none,88.6,83.1,89,655277,19.5,766,Take Down,Wild Charge,Crunch,5,5,1,10000
Torterra (Shadow),61.9,389,grass,ground,85.8,83.7,95,682239,19,766,Mud Slap,Frenzy Plant,Sand Tomb,5,5,3,10000
Gigalith,61.7,526,rock,none,91,84.7,83,639739,17,767,Lock On,Superpower,Meteor Beam,8,12,3,50000
Pignite,61.7,499,fire,fighting,91.1,62.3,113,641335,29,766,Ember,Rock Tomb,Flame Charge,6,6,3,10000
Reshiram (Shadow),61.7,643,dragon,fire,99,77.9,76,586120,13.5,766,Dragon Breath,Fusion Flare,Draco Meteor,12,17,20,100000
Toxicroak (Shadow),61.7,454,poison,fighting,97.5,67.1,92,601887,22.5,767,Poison Sting,Dynamic Punch,Shadow Ball,5,6,3,50000
Alakazam (Shadow),61.5,65,psychic,none,111.5,72.6,65,526169,18,767,Psycho Cut,Fire Punch,Shadow Ball,5,6,3,50000
Grovyle,61.5,253,grass,none,102.2,77.4,87,688194,36.5,842,Quick Attack,Leaf Blade,Aerial Ace,5,6,3,10000
Heatran,61.5,485,fire,steel,95.1,80.3,81,618559,15,767,Fire Spin,Magma Storm,Earth Power,4,5,20,100000
Karrablast,61.5,588,bug,none,102.7,68.9,102,721755,50,864,Fury Cutter,Drill Run,X-Scissor,10,10,3,50000
Mantyke,61.5,458,water,flying,81.1,131.1,96,1020692,50,912,Bubble,Water Pulse,Aerial Ace,5,5,5,10000
Rampardos (Shadow),61.5,409,rock,none,116.1,48.1,90,502597,16.5,765,Smack Down,Rock Slide,Flamethrower,6,7,5,75000
Tyrantrum,61.5,697,rock,dragon,92.3,82.4,83,631258,17.5,764,Dragon Tail,Rock Tomb,Crunch,5,4,5,75000
Darumaka,61.4,554,fire,none,106.1,66.2,126,885001,50,970,Fire Fang,Fire Punch,Flame Charge,7,9,3,50000
Masquerain,61.4,284,bug,flying,92.7,78,87,629062,24.5,766,Infestation,Air Cutter,Lunge,4,4,1,10000
Tauros (Aqua),61.4,128,fighting,water,91.5,86.3,81,639612,20,767,Double Kick,Aqua Jet,Trailblaze,4,4,3,50000
Glalie (Shadow),61.2,362,ice,none,82.4,86.4,100,711936,27,767,Rollout,Avalanche,Shadow Ball,4,4,3,50000
Glimmet,61.2,969,rock,poison,110.3,68.1,85,638472,36.5,841,Rock Throw,Power Gem,Dazzling Gleam,10,11,3,50000
Rhyperior,61.2,464,ground,rock,90.7,74.8,95,644514,15,767,Mud Slap,Drill Run,Rock Wrecker,4,5,3,50000
Torracat,61.2,726,fire,none,100.6,66.7,100,671002,35,824,Ember,Flame Charge,Crunch,6,5,3,10000
Venomoth (Shadow),61.2,49,bug,poison,90.9,77,92,643936,27,766,Infestation,Poison Fang,Silver Wind,4,4,3,50000
Donphan (Shadow),61.1,232,ground,none,89.6,81,90,653184,18.5,766,Mud Slap,Trailblaze,Earthquake,5,7,3,50000
Chandelure,60.9,609,ghost,fire,108.4,75.3,66,538726,17,767,Incinerate,Shadow Ball,Energy Ball,3,3,5,75000
Wailord (Shadow),60.9,321,water,none,84.7,48.2,169,689949,24.5,766,Rollout,Surf,Hyper Beam,4,7,1,10000
Alakazam,60.8,65,psychic,none,111.5,72.6,65,526169,18,767,Psycho Cut,Fire Punch,Shadow Ball,5,6,3,50000
Articuno (Galarian),60.8,144,psychic,flying,95.9,79.4,80,609157,15.5,765,Psycho Cut,Fly,Brave Bird,5,7,20,100000
Corvisquire (Shadow),60.8,822,flying,none,94.8,84,123,979474,49.5,964,Peck,Sky Attack,Payback,7,8,1,10000
Heatmor,60.6,631,fire,none,96.4,66.2,95,606260,23.5,768,Fire Spin,Thunder Punch,Flamethrower,4,6,3,50000
Slowking (Shadow),60.6,199,water,psychic,81.1,86.5,103,722560,22,767,Confusion,Surf,Blizzard,4,6,3,50000
Volcanion,60.6,721,fire,water,97,84,74,602952,15,764,Incinerate,Scald,Overheat,3,3,20,100000
Weezing (Shadow),60.6,110,poison,none,84.2,99.8,83,697462,24.5,767,Rollout,Sludge Bomb,Dark Pulse,4,4,3,50000
Bayleef (Shadow),60.5,153,grass,none,84.7,113.6,114,1096899,49.5,965,Magical Leaf,Ancient Power,Energy Ball,5,5,3,10000
Buneary,60.3,427,normal,none,98,81.1,108,858362,50,920,Quick Attack,Swift,Fire Punch,5,5,3,50000
Glimmora,60.3,970,rock,poison,98.5,73.7,82,595275,17,767,Rock Throw,Meteor Beam,Power Gem,12,10,3,50000
Gumshoos,60.3,735,normal,none,96,60.8,105,612864,25.5,768,Take Down,Rock Tomb,Crunch,6,5,1,10000
Ho-Oh,60.3,250,fire,flying,88,91.9,81,655063,14,763,Incinerate,Brave Bird,Sacred Fire,3,4,20,100000
Regirock (Shadow),60.3,377,rock,none,75.7,127.7,79,763684,17,764,Lock On,Stone Edge,Focus Blast,11,15,20,100000
Darmanitan (Standard),60.2,555,fire,none,107.1,51.6,99,547110,17.5,766,Incinerate,Rock Slide,Overheat,3,3,3,50000
Dialga (Shadow),60.2,483,steel,dragon,99.7,76.5,76,579656,13.5,761,Dragon Breath,Iron Head,Thunder,13,15,20,100000
Grotle (Shadow),60.2,388,grass,none,84.3,82.2,101,699875,30,767,Bite,Energy Ball,Body Slam,12,10,3,10000
Rayquaza,60.2,384,dragon,flying,105.5,64,82,553664,14.5,767,Dragon Tail,Breaking Swipe,Dragon Ascent,5,4,20,100000
Skrelp,60.2,690,poison,water,83.8,83.8,102,716289,50,777,Acid,Aqua Tail,Twister,5,5,3,50000
Tyrantrum (Shadow),60.2,697,rock,dragon,92.3,82.4,83,631258,17.5,764,Dragon Tail,Crunch,Rock Tomb,4,5,5,75000
Vanillish,60.2,583,ice,none,94.9,92.4,93,815495,40.5,882,Astonish,Icy Wind,Signal Beam,5,6,3,50000
Aron (Shadow),60,304,steel,rock,91.9,105.4,102,987999,50,956,Metal Sound,Rock Tomb,Iron Head,7,7,1,10000
Bouffalant,60,626,normal,none,85,82.9,98,690557,20,767,Mud Shot,Stomp,Megahorn,5,7,3,50000
Entei,60,244,fire,none,92.5,68.8,100,636400,16,767,Fire Fang,Flame Charge,Scorching Sands,9,9,20,100000
Mesprit,60,481,psychic,none,88.4,91.6,81,655893,18,765,Confusion,Swift,Future Sight,3,5,20,100000
Pinsir (Mega),60,127,bug,flying,106.5,84.8,61,550903,13,767,Fury Cutter,Close Combat,X-Scissor,12,10,5,75000
Chatot,59.9,441,normal,flying,101.9,57.2,107,623669,32.5,798,Peck,Heat Wave,Sky Attack,6,7,5,75000
Exploud,59.9,295,normal,none,85.7,71.2,112,683406,24,767,Astonish,Crunch,Disarming Voice,5,5,1,10000
Grapploct,59.9,853,fighting,none,93.3,76.6,88,628917,21,768,Waterfall,Superpower,Ice Punch,4,4,3,50000
Landorus (Incarnate) (Shadow),59.9,645,ground,flying,100.3,72.2,81,586574,15,767,Mud Shot,Earth Power,Rock Slide,6,5,20,100000
Poliwhirl,59.9,61,water,none,91.9,93.3,119,1020338,50,970,Bubble,Scald,Mud Bomb,5,5,3,50000
Ambipom (Shadow),59.7,424,normal,none,95.8,72,89,613886,23,768,Scratch,Aerial Ace,Low Sweep,12,10,3,50000
Jolteon,59.7,135,electric,none,98.3,82.1,74,597212,19,766,Thunder Shock,Discharge,Last Resort,5,7,5,75000
Purugly,59.7,432,normal,none,89.8,75.5,95,644091,28.5,764,Scratch,Aerial Ace,Thunder,12,15,3,50000
Quilava,59.7,156,fire,none,96.1,83,97,773701,38.5,863,Ember,Flame Charge,Dig,6,6,3,10000
Shellos,59.7,422,water,none,79.7,81.1,133,859668,50,830,Mud Slap,Water Pulse,Body Slam,5,4,3,50000
Tauros (Blaze),59.7,128,fighting,fire,91.5,86.3,81,639612,20,767,Double Kick,Flame Charge,Trailblaze,5,4,3,50000
Typhlosion (Hisuian),59.7,157,fire,ghost,99.9,76.5,77,588461,18.5,767,Ember,Shadow Ball,Wild Charge,6,5,3,10000
Gholdengo,59.6,1000,steel,ghost,96.3,77.1,81,601403,15.5,764,Hex,Shadow Ball,Power Gem,4,4,5,10000
Meganium (Shadow),59.6,154,grass,none,79.3,99.5,93,733803,23,766,Vine Whip,Frenzy Plant,Earthquake,6,9,3,10000
Oddish (Shadow),59.6,43,grass,poison,98.7,85.8,96,812972,50,898,Acid,Seed Bomb,Moonblast,5,7,3,50000
Rhyhorn (Shadow),59.6,111,ground,rock,85.4,84.2,120,862882,38.5,861,Mud Slap,Bulldoze,Stomp,6,4,3,50000
Tirtouga,59.6,564,water,rock,90.6,104.9,102,969402,46.5,941,Bite,Surf,Ancient Power,12,12,5,75000
Bergmite,59.4,712,ice,none,89.2,91.2,108,878584,50,888,Bite,Icy Wind,Crunch,12,12,3,50000
Eldegoss,59.4,830,grass,none,77.5,114.8,85,756245,28.5,766,Bullet Seed,Energy Ball,Grass Knot,4,4,3,50000
Floette,59.4,670,fairy,none,89.4,105.2,100,940488,44,917,Vine Whip,Dazzling Gleam,Psychic,7,7,3,50000
Houndour,59.4,228,dark,fire,112.8,66.2,96,716867,50,902,Ember,Dark Pulse,Flamethrower,5,7,3,50000
Oddish,59.4,43,grass,poison,98.7,85.8,96,812972,50,898,Acid,Seed Bomb,Moonblast,5,7,3,50000
Thwackey,59.4,811,grass,none,88.5,76.9,97,660148,30,767,Scratch,Energy Ball,Grass Knot,12,13,3,10000
Darmanitan (Galarian),59.2,555,ice,none,107.1,51.6,99,547110,17.5,766,Ice Fang,Avalanche,Ice Punch,8,7,3,50000
Heliolisk (Shadow),59.2,695,electric,normal,98.8,80.2,75,594282,21.5,768,Volt Switch,Breaking Swipe,Parabolic Charge,4,4,3,50000
Sharpedo (Mega),59.2,319,water,dark,114.9,61.3,72,507123,16.5,766,Waterfall,Crunch,Poison Fang,5,4,3,50000
Bonsly,59.1,438,rock,none,93.9,100,102,957780,50,951,Rock Throw,Rock Tomb,Rock Slide,10,9,5,10000
Grovyle (Shadow),59.1,253,grass,none,102.2,77.4,87,688194,36.5,842,Bullet Seed,Leaf Blade,Aerial Ace,3,4,3,10000
Omanyte (Shadow),59.1,138,rock,water,99.6,105.3,78,818055,43,908,Mud Shot,Rock Tomb,Rock Blast,6,5,5,75000
Anorith,58.9,347,rock,bug,113.5,71.9,90,734459,43.5,912,Scratch,Aqua Jet,Ancient Power,10,12,3,50000
Appletun,58.9,842,grass,dragon,83.4,73.3,115,703020,23,767,Astonish,Energy Ball,Outrage,5,6,5,75000
Heliolisk,58.9,695,electric,normal,98.8,80.2,75,594282,21.5,768,Volt Switch,Breaking Swipe,Parabolic Charge,4,4,3,50000
Kubfu,58.9,891,fighting,none,101,70.7,92,656944,34.5,817,Counter,Close Combat,Brick Break,8,7,20,100000
Dustox,58.8,269,bug,poison,76.4,119.6,114,1041668,50,895,Confusion,Silver Wind,Sludge Bomb,4,4,1,10000
Espathra,58.8,956,psychic,none,94.3,64.4,102,619438,22.5,767,Confusion,Psyshock,Dazzling Gleam,3,4,3,50000
Mudbray,58.8,749,ground,none,92.9,70.6,96,629639,29.5,766,Mud Slap,Bulldoze,Body Slam,6,4,3,50000
Pidgeotto (Shadow),58.8,17,normal,flying,89.2,81.1,118,853626,50,873,Wing Attack,Air Cutter,Twister,5,5,1,10000
Tangrowth,58.8,465,grass,none,86.4,80.7,97,676331,18,765,Vine Whip,Power Whip,Rock Slide,7,6,3,50000
Cloyster,58.6,91,water,ice,85.2,121.5,66,683219,22,767,Ice Shard,Icy Wind,Liquidation,5,5,3,50000
Koffing,58.6,109,poison,none,90.5,105.4,91,868022,50,887,Infestation,Sludge,Dark Pulse,4,4,3,50000
Tauros (Combat),58.6,128,fighting,none,91.5,86.3,81,639612,20,767,Double Kick,Close Combat,Trailblaze,4,4,3,50000
Diancie,58.5,719,rock,fairy,85.2,125.3,63,672560,19.5,761,Rock Throw,Rock Slide,Moonblast,9,10,20,100000
Rotom (Mow),58.5,479,electric,grass,92.2,103.7,66,631035,21.5,767,Thunder Shock,Ominous Wind,Leaf Storm,5,7,5,75000
Darumaka (Galarian),58.3,554,ice,none,106.1,66.2,126,885001,50,970,Ice Fang,Ice Punch,Ice Beam,7,10,3,50000
Donphan,58.3,232,ground,none,89.6,81,90,653184,18.5,766,Mud Slap,Trailblaze,Earthquake,5,7,3,50000
Meowstic (Female),58.3,678,psychic,none,83.8,88.7,94,698708,26,767,Confusion,Energy Ball,Shadow Ball,4,4,3,50000
Onix,58.3,95,rock,ground,67.6,166.9,85,959007,50,805,Rock Throw,Rock Slide,Sand Tomb,9,9,5,75000
Sneasler (Shadow),58.3,903,fighting,poison,104,67.8,80,564096,17,767,Shadow Claw,Close Combat,X-Scissor,6,5,5,75000
Dolliv,58.2,929,grass,normal,95.3,98.7,104,978235,50,968,Magical Leaf,Earth Power,Trailblaze,5,5,3,50000
Dugtrio (Alolan) (Shadow),58.2,51,ground,steel,106,80.8,64,548147,29,767,Mud Slap,Iron Head,Mud Bomb,5,5,3,50000
Gothitelle,58.2,576,psychic,none,82.5,100.8,85,706860,23,766,Confusion,Rock Slide,Future Sight,4,5,3,50000
Granbull,58.2,210,fairy,none,96.8,63.2,99,605658,22,767,Charm,Close Combat,Crunch,6,6,3,50000
Leafeon,58.2,470,grass,none,91.6,95.8,73,640595,19,768,Quick Attack,Leaf Blade,Last Resort,5,7,5,75000
Cinderace,58,815,fire,none,99.5,71.1,83,587179,18.5,768,Fire Spin,Blast Burn,Pyro Ball,5,4,3,10000
Krookodile,58,553,ground,dark,95.3,70.1,92,614609,18,767,Mud Slap,Sand Tomb,Crunch,5,5,5,75000
Exeggutor (Alolan),57.9,103,grass,dragon,96.2,67.8,93,606579,18.5,766,Dragon Tail,Seed Bomb,Draco Meteor,4,6,3,50000
Watchog,57.9,505,normal,none,90.6,82.6,91,681004,31.5,786,Low Kick,Crunch,Hyper Fang,6,7,1,10000
Hitmonchan (Shadow),57.7,107,fighting,none,92.2,98.3,70,634428,24,766,Counter,Ice Punch,Thunder Punch,7,7,5,75000
Linoone (Galarian),57.7,264,dark,normal,86.6,84.8,116,851867,38.5,861,Snarl,Body Slam,Dig,4,4,1,10000
Sandshrew (Shadow),57.7,27,ground,none,95.3,91.2,102,886519,50,922,Scratch,Sand Tomb,Rock Tomb,12,13,3,50000
Ho-Oh (Shadow),57.6,250,fire,flying,88.3,90.5,81,647283,14,758,Incinerate,Brave Bird,Sacred Fire,3,4,20,100000
Dugtrio (Shadow),57.4,51,ground,none,105.2,92.4,77,748477,41,888,Sucker Punch,Mud Bomb,Stone Edge,7,8,3,50000
Porygon,57.4,137,normal,none,89.4,86,100,768840,35.5,832,Quick Attack,Discharge,Hyper Beam,5,10,3,50000
Sharpedo (Shadow),57.4,319,water,dark,119.2,45.8,90,491342,25.5,766,Bite,Crunch,Poison Fang,12,10,3,50000
Exploud (Shadow),57.2,295,normal,none,85.7,71.2,112,683406,24,767,Astonish,Crunch,Disarming Voice,5,5,1,10000
Gloom,57.2,44,grass,poison,91.3,87.2,98,780213,37,847,Acid,Moonblast,Sludge Bomb,7,7,3,50000
Stunky,57.2,434,poison,dark,91.9,71,118,769938,50,841,Scratch,Crunch,Trailblaze,12,12,3,50000
Linoone (Galarian) (Shadow),57.1,264,dark,normal,86.6,84.8,116,851867,38.5,861,Snarl,Body Slam,Dig,4,4,1,10000
Loudred,57.1,294,normal,none,100.7,64.9,143,934566,50,970,Bite,Disarming Voice,Stomp,12,10,1,10000
Meowstic (Male),57.1,678,psychic,none,83.8,88.7,94,698708,26,767,Confusion,Energy Ball,Thunderbolt,4,4,3,50000
Moltres,57.1,146,fire,flying,97.9,74.2,82,595663,16,767,Wing Attack,Fly,Heat Wave,6,6,20,100000
Omanyte,57.1,138,rock,water,99.6,105.3,78,818055,43,908,Mud Shot,Rock Tomb,Rock Blast,6,5,5,75000
Prinplup (Shadow),57.1,394,water,none,88.9,87.8,102,796153,36.5,841,Bubble,Icy Wind,Bubble Beam,5,5,3,10000
Snubbull,57.1,209,fairy,none,102.7,67.6,114,791447,50,904,Bite,Brick Break,Crunch,10,12,3,50000
Exeggutor (Shadow),56.9,103,grass,psychic,97.4,66.2,93,599653,18.5,767,Confusion,Seed Bomb,Psychic,3,4,3,50000
Garbodor (Shadow),56.9,569,poison,none,86.6,82.9,94,674839,23.5,766,Infestation,Body Slam,Seed Bomb,4,4,3,50000
Gardevoir (Shadow),56.9,282,psychic,fairy,97.7,82.7,74,597904,18,767,Confusion,Triple Axel,Shadow Ball,4,4,5,75000
Rhyhorn,56.9,111,ground,rock,85.4,84.2,120,862882,38.5,861,Mud Slap,Bulldoze,Stomp,6,4,3,50000
Alomomola,56.8,594,water,none,69.7,71.1,170,842464,26,767,Waterfall,Hydro Pump,Blizzard,8,8,5,75000
Sneasel (Hisuian),56.8,215,fighting,poison,95.8,79.9,79,604699,27,766,Poison Jab,Close Combat,X-Scissor,7,6,3,50000
Sneasel (Hisuian) (Shadow),56.8,215,fighting,poison,95.8,79.9,79,604699,27,766,Poison Jab,Close Combat,X-Scissor,7,6,3,50000
Snubbull (Shadow),56.8,209,fairy,none,102.7,67.6,114,791447,50,904,Bite,Brick Break,Crunch,10,12,3,50000
Quilava (Shadow),56.6,156,fire,none,96.1,83,97,773701,38.5,863,Ember,Flame Charge,Dig,6,6,3,10000
Raboot,56.6,814,fire,none,93.3,75.1,94,658642,31.5,785,Fire Spin,Flame Charge,Flamethrower,5,6,3,10000
Exeggutor (Alolan) (Shadow),56.5,103,grass,dragon,96.2,67.8,93,606579,18.5,766,Dragon Tail,Seed Bomb,Draco Meteor,4,6,3,50000
Klinklang,56.5,601,steel,none,88.9,99.8,74,656544,21,766,Metal Sound,Mirror Shot,Flash Cannon,5,9,5,75000
Mewtwo (Shadow),56.5,150,psychic,none,105.4,67.5,76,540702,13,757,Psycho Cut,Psystrike,Thunderbolt,5,7,20,100000
Goldeen,56.3,118,water,none,93.3,84.5,96,756850,50,842,Peck,Aqua Tail,Horn Attack,5,5,3,50000
Herdier,56.3,507,normal,none,91.7,86.2,109,861595,41.5,891,Take Down,Thunderbolt,Dig,7,6,1,10000
Sandygast (Shadow),56.3,769,ghost,ground,91.2,89.9,108,885479,50,902,Astonish,Shadow Ball,Earth Power,5,5,3,50000
Seel,56.3,86,water,none,67.6,91.9,120,745493,50,710,Water Gun,Aqua Tail,Icy Wind,12,15,3,50000
Skorupi (Shadow),56.3,451,poison,bug,73,112.2,91,745345,50,738,Infestation,Cross Poison,Aqua Tail,3,3,5,75000
Frosmoth,56.2,873,ice,bug,101.2,72.3,79,578024,20.5,767,Powder Snow,Icy Wind,Bug Buzz,6,8,5,75000
Metagross,56.2,376,steel,psychic,95,87.3,74,613719,14.5,766,Shadow Claw,Meteor Mash,Earthquake,6,9,5,75000
Bisharp,56,625,dark,steel,100,78.5,75,588750,19.5,767,Snarl,Dark Pulse,Iron Head,4,4,5,75000
Cherrim (Sunshine),56,421,grass,none,87.2,83.2,93,674719,27.5,767,Bullet Seed,Weather Ball (Fire),Solar Beam,3,7,1,10000
Cubone (Shadow),56,104,ground,none,71,107.4,102,777791,50,745,Mud Slap,Bone Club,Bulldoze,4,6,3,50000
Pignite (Shadow),56,499,fire,fighting,91.1,62.3,113,641335,29,766,Ember,Rock Tomb,Flame Charge,6,6,3,10000
Totodile,56,158,water,none,89.2,83.8,102,762446,50,827,Scratch,Aqua Jet,Crunch,10,12,3,10000
Ivysaur,55.9,2,grass,poison,89.5,91.3,99,808964,37.5,853,Vine Whip,Power Whip,Sludge Bomb,7,7,3,10000
Sneasel (Shadow),55.9,215,dark,ice,95.8,79.9,79,604699,27,766,Ice Shard,Avalanche,Foul Play,5,4,3,50000
Staravia,55.9,397,normal,flying,106.1,73.7,108,844514,50,949,Wing Attack,Brave Bird,Fly,7,6,1,10000
Cursola,55.7,864,ghost,none,104.2,79.5,68,563305,18,766,Astonish,Night Shade,Power Gem,5,5,3,50000
Krokorok,55.7,552,ground,dark,107.6,70.6,114,866008,49.5,966,Mud Slap,Crunch,Bulldoze,5,6,5,75000
Tentacool,55.7,72,water,poison,75.7,110.8,91,763268,50,760,Poison Sting,Wrap,Water Pulse,5,6,3,50000
Azelf,55.6,482,psychic,none,109.1,64.6,76,535637,17,765,Confusion,Swift,Future Sight,3,5,20,100000
Floragato,55.6,907,grass,none,93.6,83.1,98,762260,37,848,Leafage,Energy Ball,Play Rough,6,8,3,10000
Minun,55.6,312,electric,none,87.2,95.3,97,806086,36.5,840,Quick Attack,Thunderbolt,Grass Knot,7,7,3,50000
Breloom,55.4,286,grass,fighting,107.3,69.2,74,549462,21,767,Force Palm,Dynamic Punch,Grass Knot,5,5,3,50000
Fuecoco,55.4,909,fire,none,85.8,75,122,785070,50,824,Incinerate,Crunch,Flamethrower,3,3,3,10000
Groudon (Shadow),55.4,383,ground,none,95.8,83.4,74,591239,13,756,Mud Shot,Precipice Blades,Fire Punch,7,5,20,100000
Klawf,55.4,950,rock,none,86.6,91.7,85,675004,23,767,Mud Slap,Bulldoze,Rock Tomb,6,5,3,75000
Stonjourner,55.4,874,rock,none,89.8,77.2,94,651661,17,767,Rock Throw,Rock Slide,Stomp,9,8,5,75000
Garbodor,55.2,569,poison,none,86.6,82.9,94,674839,23.5,766,Infestation,Body Slam,Gunk Shot,4,7,3,50000
Alakazam (Mega),55.1,65,psychic,none,123.1,73.2,52,468568,12,766,Psycho Cut,Fire Punch,Shadow Ball,5,6,3,50000
Exeggutor,55.1,103,grass,psychic,97.4,66.2,93,599653,18.5,767,Confusion,Seed Bomb,Psychic,3,4,3,50000
Gardevoir,55.1,282,psychic,fairy,97.7,82.7,74,597904,18,767,Confusion,Triple Axel,Shadow Ball,4,4,5,75000
Onix (Shadow),55.1,95,rock,ground,67.6,166.9,85,959007,50,805,Rock Throw,Rock Slide,Sand Tomb,9,9,5,75000
Tauros,55.1,128,normal,none,89.5,85.5,85,650441,21.5,767,Tackle,Trailblaze,Horn Attack,15,12,3,50000
Cloyster (Shadow),54.9,91,water,ice,85.2,121.5,66,683219,22,767,Ice Shard,Icy Wind,Liquidation,5,5,3,50000
Exeggcute (Shadow),54.9,102,grass,psychic,82.4,94.6,114,888635,50,859,Confusion,Seed Bomb,Ancient Power,3,4,3,50000
Graveler,54.9,75,rock,ground,86.9,93.7,83,675830,30,767,Mud Slap,Rock Slide,Dig,5,5,1,10000
Moltres (Shadow),54.9,146,fire,flying,100.1,73,80,584584,15.5,767,Wing Attack,Fly,Heat Wave,6,6,20,100000
Noivern,54.9,715,flying,dragon,89.7,81.2,90,655528,20,767,Bite,Heat Wave,Hurricane,12,15,5,75000
Sharpedo,54.9,319,water,dark,119.2,45.8,90,491342,25.5,766,Bite,Crunch,Poison Fang,12,10,3,50000
Tentacool (Shadow),54.9,72,water,poison,75.7,110.8,91,763268,50,760,Poison Sting,Wrap,Water Pulse,5,6,3,50000
Mr. Mime,54.8,122,psychic,fairy,94.1,103.2,64,621512,25,768,Psywave,Shadow Ball,Psychic,13,14,5,75000
Zebstrika,54.8,523,electric,none,98.5,68.3,88,592024,23,767,Low Kick,Wild Charge,Flame Charge,6,7,3,50000
Hitmonchan,54.6,107,fighting,none,92.2,98.3,70,634428,24,766,Counter,Ice Punch,Thunder Punch,7,7,5,75000
Skorupi,54.6,451,poison,bug,73,112.2,91,745345,50,738,Infestation,Aqua Tail,Cross Poison,3,3,5,75000
Tangrowth (Shadow),54.6,465,grass,none,86.4,80.7,97,676331,18,765,Vine Whip,Power Whip,Rock Slide,7,6,3,50000
Geodude,54.5,74,rock,ground,99.3,99.3,91,897305,50,945,Rock Throw,Rock Tomb,Rock Slide,10,9,1,10000
Infernape (Shadow),54.5,392,fire,fighting,97.8,71.8,85,596873,20.5,765,Fire Spin,Close Combat,Blast Burn,5,5,3,10000
Metagross (Shadow),54.5,376,steel,psychic,95,87.3,74,613719,14.5,766,Shadow Claw,Meteor Mash,Earthquake,6,9,5,75000
Polteageist,54.5,855,ghost,none,102.2,82.7,68,574732,18,766,Hex,Shadow Ball,Dark Pulse,4,4,3,50000
Purugly (Shadow),54.5,432,normal,none,89.8,75.5,95,644091,28.5,764,Scratch,Aerial Ace,Thunder,12,15,3,50000
Rampardos,54.5,409,rock,none,116.1,48.1,90,502597,16.5,765,Smack Down,Rock Slide,Flamethrower,6,7,5,75000
Ribombee,54.5,743,bug,fairy,97.5,75.8,81,598631,25.5,766,Fairy Wind,Draining Kiss,Bug Buzz,7,7,1,10000
Gothorita,54.3,575,psychic,none,85.8,101.5,102,888287,40,876,Confusion,Future Sight,Psychic,5,4,3,50000
Graveler (Shadow),54.3,75,rock,ground,87.7,92.9,82,668081,29.5,768,Mud Slap,Rock Slide,Dig,5,5,1,10000
Cubone,54.2,104,ground,none,71,107.4,102,777791,50,745,Mud Slap,Bone Club,Return,4,7,3,50000
Gigalith (Shadow),54.2,526,rock,none,91,84.7,83,639739,17,767,Lock On,Superpower,Meteor Beam,8,12,3,50000
Koffing (Shadow),54.2,109,poison,none,90.5,105.4,91,868022,50,887,Infestation,Sludge,Dark Pulse,4,4,3,50000
Delcatty,54,301,normal,none,88.6,92.5,121,991656,46.5,938,Charm,Wild Charge,Disarming Voice,6,6,3,50000
Drowzee,54,96,psychic,none,70.3,102,114,817448,50,760,Confusion,Psyshock,Return,3,5,3,50000
Staravia (Shadow),54,397,normal,flying,106.1,73.7,108,844514,50,949,Wing Attack,Brave Bird,Fly,7,6,1,10000
Basculin,53.9,550,water,none,95.8,69.5,92,612545,27,767,Water Gun,Aqua Tail,Aqua Jet,12,14,1,10000
Falinks,53.9,870,fighting,none,91.3,85.2,82,637858,23.5,765,Counter,Superpower,Megahorn,7,10,5,75000
Metagross (Mega),53.9,376,steel,psychic,97,96.4,64,598451,11,765,Shadow Claw,Meteor Mash,Earthquake,6,9,5,75000
Pineco,53.9,204,bug,none,83.1,92.6,102,784896,50,810,Bug Bite,Rock Tomb,Sand Tomb,17,15,5,75000
Snover,53.9,459,grass,ice,87.8,81.1,114,811746,50,847,Powder Snow,Energy Ball,Ice Beam,6,7,3,50000
Urshifu (Rapid Strike),53.9,892,fighting,water,97.7,70,86,588154,15,762,Counter,Aqua Jet,Dynamic Punch,7,8,20,100000
Flaaffy,53.7,180,electric,none,95.1,78.6,118,882033,44,917,Charge Beam,Discharge,Trailblaze,4,5,5,75000
Sudowoodo,53.7,185,rock,none,83.8,93.1,90,702160,26,767,Counter,Meteor Beam,Trailblaze,10,8,5,75000
Exeggcute,53.6,102,grass,psychic,82.4,94.6,114,888635,50,859,Confusion,Seed Bomb,Ancient Power,3,4,3,50000
Gardevoir (Mega),53.6,282,psychic,fairy,109.6,80.4,60,528710,12,767,Confusion,Triple Axel,Synchronoise,4,4,5,75000
Pineco (Shadow),53.4,204,bug,none,83.1,92.6,102,784896,50,810,Bug Bite,Rock Tomb,Sand Tomb,17,15,5,75000
Dugtrio (Alolan),53.3,51,ground,steel,106,80.8,64,548147,29,767,Mud Slap,Mud Bomb,Iron Head,5,5,3,50000
Honedge,53.3,679,steel,ghost,97,100.9,93,910219,47,942,Psycho Cut,Iron Head,Gyro Ball,6,6,5,75000
Nuzleaf (Shadow),53.3,274,grass,dark,100.7,62.8,126,796819,50,897,Feint Attack,Leaf Blade,Foul Play,6,7,3,50000
Tirtouga (Shadow),53.3,564,water,rock,90.6,104.9,102,969402,46.5,941,Bite,Surf,Ancient Power,12,12,5,75000
Glalie (Mega),53.1,362,ice,none,101.3,72.1,79,576995,17,767,Powder Snow,Avalanche,Shadow Ball,6,7,3,50000
Gothitelle (Shadow),53.1,576,psychic,none,82.5,100.8,85,706860,23,766,Confusion,Rock Slide,Future Sight,4,5,3,50000
Stunky (Shadow),53.1,434,poison,dark,91.9,71,118,769938,50,841,Scratch,Crunch,Trailblaze,12,12,3,50000
Kadabra (Shadow),52.9,64,psychic,none,117.2,65,66,502788,27,768,Confusion,Shadow Ball,Dazzling Gleam,4,4,3,50000
Kyogre (Shadow),52.9,382,water,none,95.8,83.4,74,591239,13,756,Waterfall,Avalanche,Surf,5,5,20,100000
Mr. Mime (Galarian),52.9,122,ice,psychic,93.4,90.9,74,628264,27,768,Confusion,Ice Punch,Triple Axel,3,4,5,75000
Seel (Shadow),52.9,86,water,none,67.6,91.9,120,745493,50,710,Water Gun,Aqua Tail,Icy Wind,12,15,3,50000
Nidorino,52.8,33,poison,none,98.1,83,112,911938,47.5,948,Poison Sting,Sludge Bomb,Ice Beam,6,7,3,50000
Toedscool,52.8,948,ground,grass,75.7,110.8,91,763268,50,760,Mud Slap,Earth Power,Wrap,5,5,3,50000
Inteleon,52.6,818,water,none,109.7,63.7,76,531080,18.5,767,Water Gun,Snipe Shot,Hydro Cannon,12,14,3,10000
Ninjask,52.6,291,bug,flying,103.6,63.3,86,563978,28.5,767,Fury Cutter,Shadow Ball,Aerial Ace,13,12,5,75000
Nuzleaf,52.6,274,grass,dark,100.7,62.8,126,796819,50,897,Feint Attack,Leaf Blade,Foul Play,6,7,3,50000
Poliwhirl (Shadow),52.6,61,water,none,91.9,93.3,119,1020338,50,970,Bubble,Scald,Mud Bomb,5,5,3,50000
Rhydon (Shadow),52.6,112,ground,rock,90.3,74,97,648173,17.5,767,Mud Slap,Stone Edge,Earthquake,6,7,3,50000
Rotom (Fan),52.6,479,electric,flying,92.2,103.7,66,631035,21.5,767,Astonish,Thunderbolt,Ominous Wind,6,5,5,75000
Vivillon,52.6,666,bug,flying,94.2,61.8,107,622907,30,767,Gust,Energy Ball,Hurricane,4,5,1,10000
Arboliva,52.5,930,grass,normal,92.5,83.4,82,632589,18.5,767,Magical Leaf,Earth Power,Trailblaze,5,5,3,50000
Beautifly,52.5,267,bug,flying,106,61.5,93,606267,33,802,Infestation,Air Cutter,Silver Wind,4,4,1,10000
Brionne,52.5,729,water,none,90,83.7,86,647838,30,767,Charm,Aqua Jet,Disarming Voice,5,6,3,10000
Golem (Shadow),52.5,76,rock,ground,89.6,87.5,83,650720,19,766,Mud Slap,Stone Edge,Earthquake,6,7,1,10000
Staraptor,52.5,398,normal,flying,100.4,65,89,580814,19.5,765,Wing Attack,Fly,Close Combat,6,6,1,10000
Staraptor (Shadow),52.5,398,normal,flying,100.4,65,89,580814,19.5,765,Wing Attack,Fly,Close Combat,6,6,1,10000
Trapinch,52.5,328,ground,none,119.6,62.8,96,721044,50,932,Sand Attack,Sand Tomb,Crunch,12,12,5,75000
Watchog (Shadow),52.5,505,normal,none,90.6,82.6,91,681004,31.5,786,Low Kick,Crunch,Hyper Fang,6,7,1,10000
Mothim,52.3,414,bug,flying,101.4,60.1,100,609414,31.5,786,Bug Bite,Aerial Ace,Bug Buzz,15,20,1,10000
Mr. Rime,52.3,866,ice,psychic,91.2,81.9,86,642358,19.5,765,Confusion,Icy Wind,Psychic,4,4,5,75000
Silicobra,52.3,843,ground,none,79.7,93.3,105,780781,50,790,Mud Slap,Earth Power,Wrap,5,5,3,50000
Sneasel,52.3,215,dark,ice,95.8,79.9,79,604699,27,766,Ice Shard,Avalanche,Foul Play,5,4,3,50000
Cinccino,52.2,573,normal,none,96.5,68.8,91,604167,25,766,Charm,Aqua Tail,Thunderbolt,5,7,3,50000
Loudred (Shadow),52.2,294,normal,none,100.7,64.9,143,934566,50,970,Bite,Stomp,Disarming Voice,10,12,1,10000
Swellow,52,277,normal,flying,97.3,71.5,86,598298,29,767,Wing Attack,Brave Bird,Aerial Ace,7,6,1,10000
Drowzee (Shadow),51.9,96,psychic,none,70.3,102,114,817448,50,760,Confusion,Psyshock,Psychic,3,4,3,50000
Lycanroc (Midday),51.7,745,rock,none,102.1,66.6,84,571188,20.5,767,Sucker Punch,Drill Run,Stone Edge,6,8,5,50000
Dugtrio,51.6,51,ground,none,105.2,92.4,77,748477,41,888,Sucker Punch,Mud Bomb,Stone Edge,7,8,3,50000
Blastoise (Mega),51.4,9,water,none,95.8,88.3,72,609058,14,767,Rollout,Hydro Cannon,Skull Bash,4,6,3,10000
Rotom (Heat),51.4,479,electric,fire,92.2,103.7,66,631035,21.5,767,Thunder Shock,Overheat,Thunderbolt,7,7,5,75000
Zygarde (10% Forme),51.4,718,dragon,ground,98.8,85.2,70,589243,22.5,764,Dragon Tail,Crunch,Earthquake,4,6,20,100000
Gothorita (Shadow),51.3,575,psychic,none,85.8,101.5,102,888287,40,876,Confusion,Future Sight,Psychic,5,4,3,50000
Jynx,51.3,124,ice,psychic,101,73.1,78,575882,21.5,767,Confusion,Avalanche,Psyshock,4,3,5,75000
Simisear,51.3,514,fire,none,97.3,68.6,90,600730,23.5,765,Fire Spin,Crunch,Flamethrower,5,6,3,50000
Totodile (Shadow),51.3,158,water,none,89.2,83.8,102,762446,50,827,Scratch,Aqua Jet,Crunch,10,12,3,10000
Porygon2,51.1,233,normal,none,87.4,84.4,91,671267,20.5,767,Lock On,Tri Attack,Zap Cannon,10,16,3,50000
Carnivine,50.9,455,grass,none,93.1,72.9,93,631190,25.5,767,Vine Whip,Energy Ball,Crunch,6,6,5,75000
Drakloak,50.8,886,dragon,ghost,98.3,70.2,107,738371,37.5,852,Dragon Tail,Shadow Ball,Outrage,5,5,5,75000
Regice (Shadow),50.8,378,ice,none,75.7,127.7,79,763684,17,764,Lock On,Blizzard,Thunder,15,12,20,100000
Scraggy,50.8,559,dark,fighting,96.3,98.3,101,956095,49,960,Feint Attack,Upper Hand,Foul Play,7,7,3,50000
Carracosta,50.6,565,water,rock,86.8,90.8,85,669922,21.5,767,Water Gun,Liquidation,Ancient Power,15,15,5,75000
Musharna,50.6,518,psychic,none,80.9,77.9,115,724743,20.5,767,Charge Beam,Psyshock,Dazzling Gleam,4,5,3,50000
Ponyta (Galarian),50.6,77,psychic,none,99.8,80.8,87,701554,36,837,Psycho Cut,Swift,Play Rough,4,7,3,50000
Cranidos (Shadow),50.5,408,rock,none,117.2,45,95,501030,30,767,Take Down,Rock Tomb,Ancient Power,6,5,5,75000
Deerling,50.5,585,normal,grass,87.8,77.7,114,777715,50,829,Take Down,Wild Charge,Energy Ball,5,5,3,50000
Luxio,50.2,404,electric,none,106,72.4,110,844184,47.5,949,Bite,Wild Charge,Crunch,12,12,5,75000
Snover (Shadow),50.2,459,grass,ice,87.8,81.1,114,811746,50,847,Powder Snow,Energy Ball,Ice Beam,6,7,3,50000
Eelektross,50,604,electric,none,95.7,71.4,90,614968,20,768,Volt Switch,Dragon Claw,Thunderbolt,4,4,1,10000
Infernape,50,392,fire,fighting,97.8,71.8,85,596873,20.5,765,Fire Spin,Close Combat,Blast Burn,5,5,3,10000
Sandygast,50,769,ghost,ground,91.2,89.9,108,885479,50,902,Mud Shot,Shadow Ball,Earth Power,6,6,3,50000
Dwebble,49.9,557,bug,rock,89.9,96.6,102,885803,50,895,Smack Down,Rock Tomb,X-Scissor,7,5,1,10000
Dwebble (Shadow),49.7,557,bug,rock,89.9,96.6,102,885803,50,895,Smack Down,Rock Tomb,X-Scissor,7,5,1,10000
Yanma,49.7,193,bug,flying,103.6,71,115,845894,46.5,940,Wing Attack,Silver Wind,Aerial Ace,6,6,3,50000
Banette (Shadow),49.6,354,ghost,none,104.4,65.5,82,560732,24,767,Shadow Claw,Shadow Ball,Dazzling Gleam,7,7,3,50000
Gloom (Shadow),49.6,44,grass,poison,91.3,87.2,98,780213,37,847,Acid,Moonblast,Sludge Bomb,7,7,3,50000
Lycanroc (Dusk),49.4,745,rock,none,103.4,65.8,83,564709,20,767,Sucker Punch,Stone Edge,Trailblaze,8,7,5,50000
Noivern (Shadow),49.3,715,flying,dragon,89.7,81.2,90,655528,20,767,Bite,Heat Wave,Hurricane,12,15,5,75000
Pupitar,49.3,247,rock,ground,88.6,82.5,102,745569,34,814,Bite,Ancient Power,Dig,12,13,5,75000
Tsareena,49.3,763,grass,none,93.3,86.3,78,628040,18.5,766,Magical Leaf,Triple Axel,High Jump Kick,5,6,3,10000
Omastar (Shadow),49.1,139,rock,water,90.6,91.9,78,649439,20,768,Mud Shot,Rock Slide,Hydro Pump,5,9,5,75000
Duraludon,49,884,steel,dragon,98.5,80.3,75,593216,18,766,Dragon Tail,Dragon Claw,Flash Cannon,5,6,5,75000
Eevee,49,133,normal,none,80.4,87.2,108,757175,50,783,Quick Attack,Swift,Dig,5,7,5,75000
Accelgor (Shadow),48.8,617,bug,none,102.4,60.7,92,571843,22.5,767,Infestation,Energy Ball,Bug Buzz,4,5,3,50000
Golem,48.6,76,rock,ground,89.6,87.5,83,650720,19,766,Mud Slap,Stone Edge,Earthquake,6,7,1,10000
Reuniclus (Shadow),48.6,579,psychic,none,90.8,67.9,105,647359,19,768,Charm,Psyshock,Shadow Ball,5,7,3,50000
Rowlet,48.6,722,grass,flying,79.1,77,124,755247,50,773,Leafage,Energy Ball,Seed Bomb,6,5,3,10000
Weavile,48.6,461,dark,ice,101.5,75.2,76,580093,18.5,767,Snarl,Avalanche,Foul Play,4,4,3,50000
Krabby (Shadow),48.5,98,water,none,114.6,86.1,71,700561,42,897,Bubble,Vise Grip,Razor Shell,4,4,3,50000
Tranquill,48.5,520,normal,flying,99.5,82,114,930126,49.5,966,Air Slash,Heat Wave,Aerial Ace,5,5,1,10000
Boldore,48.3,525,rock,none,89,78.4,94,655894,28,766,Mud Slap,Rock Slide,Bulldoze,5,6,3,50000
Clamperl,48.3,366,water,none,100,101.4,85,861900,50,929,Water Gun,Water Pulse,Body Slam,17,14,3,50000
Flaaffy (Shadow),48.3,180,electric,none,95.1,78.6,118,882033,44,917,Charge Beam,Discharge,Trailblaze,4,5,5,75000
Oricorio (Pom-Pom),48.3,741,electric,flying,93.6,73,91,621785,24,766,Air Slash,Air Cutter,Hurricane,5,7,3,75000
Omastar,48.2,139,rock,water,90.6,91.9,78,649439,20,768,Mud Shot,Rock Slide,Hydro Pump,5,9,5,75000
Shaymin (Land),48.2,492,grass,none,84.3,87.5,94,693368,17,766,Magical Leaf,Grass Knot,Seed Flare,5,8,20,100000
Weavile (Shadow),48.2,461,dark,ice,101.5,75.2,76,580093,18.5,767,Snarl,Avalanche,Foul Play,4,4,3,50000
Sudowoodo (Shadow),48,185,rock,none,83.8,93.1,90,702160,26,767,Counter,Meteor Beam,Trailblaze,10,8,5,75000
Elgyem,47.9,605,psychic,none,106.6,76.1,105,851787,48,954,Confusion,Dark Pulse,Psychic,4,4,3,50000
Roggenrola (Shadow),47.9,524,rock,none,91.9,84.5,108,838679,50,880,Smack Down,Stone Edge,Rock Blast,7,5,3,50000
Vileplume (Shadow),47.9,45,grass,poison,92.2,80.6,85,631662,21.5,767,Acid,Moonblast,Sludge Bomb,7,7,3,50000
Ivysaur (Shadow),47.7,2,grass,poison,90.1,91.3,97,797935,37,848,Vine Whip,Power Whip,Sludge Bomb,7,7,3,10000
Rhydon,47.6,112,ground,rock,90.3,74,97,648173,17.5,767,Mud Slap,Stone Edge,Earthquake,6,7,3,50000
Carracosta (Shadow),47.3,565,water,rock,86.8,90.8,85,669922,21.5,767,Water Gun,Ancient Power,Liquidation,15,15,5,75000
Oricorio (Baile),47.1,741,fire,flying,93.6,73,91,621785,24,766,Air Slash,Air Cutter,Hurricane,5,7,3,75000
Tranquill (Shadow),47.1,520,normal,flying,99.5,82,114,930126,49.5,966,Air Slash,Heat Wave,Aerial Ace,5,5,1,10000
Ambipom,47,424,normal,none,95.8,72,89,613886,23,768,Scratch,Aerial Ace,Return,12,18,3,50000
Kadabra,47,64,psychic,none,117.2,65,66,502788,27,768,Confusion,Shadow Ball,Dazzling Gleam,4,4,3,50000
Archen (Shadow),46.8,566,rock,flying,114.1,54.4,83,515184,30,768,Wing Attack,Ancient Power,Crunch,6,6,5,75000
Swellow (Shadow),46.8,277,normal,flying,97.3,71.5,86,598298,29,767,Wing Attack,Brave Bird,Sky Attack,7,7,1,10000
Vileplume,46.8,45,grass,poison,92.2,80.6,85,631662,21.5,767,Acid,Sludge Bomb,Petal Blizzard,7,9,3,50000
Whirlipede,46.8,544,bug,poison,77.7,127,91,897979,50,836,Poison Sting,Sludge Bomb,Gyro Ball,6,6,1,10000
Blissey,46.6,242,normal,none,58,79.6,220,1015696,20.5,767,Zen Headbutt,Wild Charge,Dazzling Gleam,8,10,5,75000
Beheeyem,46.5,606,psychic,none,96.2,75.6,83,603636,20,765,Confusion,Rock Slide,Dark Pulse,4,4,3,50000
Lilligant (Hisuian),46.5,549,grass,fighting,95.5,77.1,83,611133,22,767,Bullet Seed,Upper Hand,Petal Blizzard,4,5,1,10000
Manectric (Shadow),46.5,310,electric,none,101.9,65.3,86,572250,23.5,766,Snarl,Wild Charge,Psychic Fangs,4,3,3,50000
Porygon2 (Shadow),46.5,233,normal,none,87.4,84.4,91,671267,20.5,767,Lock On,Tri Attack,Zap Cannon,10,16,3,50000
Revavroom,46.5,966,steel,poison,97.1,73.3,85,604982,19,767,Metal Sound,Overheat,Gyro Ball,7,7,3,50000
Simisage,46.5,512,grass,none,97.3,68.6,90,600730,23.5,765,Vine Whip,Grass Knot,Crunch,7,6,3,50000
Nosepass,46.3,299,rock,none,65.5,155.4,79,804117,50,726,Rock Throw,Rock Slide,Rock Blast,9,8,3,50000
Unfezant (Shadow),46.3,521,normal,flying,99.2,68.4,87,590319,20,767,Air Slash,Heat Wave,Sky Attack,5,6,1,10000
Archeops (Shadow),46.2,567,rock,flying,114.9,58.6,76,511719,16.5,767,Wing Attack,Ancient Power,Crunch,6,6,5,75000
Trapinch (Shadow),46.2,328,ground,none,119.6,62.8,96,721044,50,932,Sand Attack,Sand Tomb,Crunch,12,12,5,75000
Banette,46,354,ghost,none,103.9,66,82,562307,24,766,Shadow Claw,Shadow Ball,Dazzling Gleam,7,7,3,50000
Lilligant,46,549,grass,none,97.7,75.8,81,599858,22,768,Charm,Petal Blizzard,Hyper Beam,9,10,1,10000
Arcanine (Hisuian),45.9,59,fire,rock,94.7,71.2,92,620323,17.5,768,Snarl,Wild Charge,Rock Slide,4,4,3,50000
Nosepass (Shadow),45.9,299,rock,none,65.5,155.4,79,804117,50,726,Rock Throw,Rock Slide,Rock Blast,9,8,3,50000
Boldore (Shadow),45.7,525,rock,none,89.7,78.2,93,652352,27.5,767,Mud Slap,Rock Slide,Bulldoze,5,6,3,50000
Bulbasaur,45.7,1,grass,poison,89.9,85.1,96,734447,50,815,Vine Whip,Power Whip,Seed Bomb,7,5,3,10000
Pupitar (Shadow),45.7,247,rock,ground,88.6,82.5,102,745569,34,814,Bite,Ancient Power,Dig,12,13,5,75000
Krabby,45.6,98,water,none,114.6,86.1,71,700561,42,897,Bubble,Vise Grip,Razor Shell,4,4,3,50000
Nidorino (Shadow),45.6,33,poison,none,98.1,83,112,911938,47.5,948,Poison Sting,Sludge Bomb,Ice Beam,6,7,3,50000
Stakataka,45.6,805,rock,steel,85.5,121,66,682803,17,767,Take Down,Stone Edge,Bulldoze,7,7,20,100000
Tatsugiri (Curly),45.4,978,dragon,water,98.3,77.4,78,593457,20,766,Take Down,Surf,Outrage,5,7,5,75000
Tatsugiri (Droopy),45.4,978,dragon,water,98.3,77.4,78,593457,20,766,Take Down,Surf,Outrage,5,7,5,75000
Tatsugiri (Stretchy),45.4,978,dragon,water,98.3,77.4,78,593457,20,766,Take Down,Surf,Outrage,5,7,5,75000
Liepard,45.3,510,dark,none,100,63.3,92,582360,30,765,Snarl,Dark Pulse,Play Rough,4,5,1,10000
Braviary,45.1,628,normal,flying,95.7,66.5,96,610949,18,768,Air Slash,Fly,Close Combat,5,5,5,75000
Porygon (Shadow),45.1,137,normal,none,89.4,86,100,768840,35.5,832,Tackle,Discharge,Signal Beam,14,19,3,50000
Weepinbell (Shadow),45.1,70,grass,poison,106.3,63.1,106,710998,39.5,872,Acid,Power Whip,Sludge Bomb,7,7,3,50000
Phanpy,45,231,ground,none,82.4,76.4,150,944304,50,882,Tackle,Bulldoze,Rock Slide,19,15,3,50000
Swirlix,45,684,fairy,none,83.8,90.5,116,879732,50,862,Tackle,Draining Kiss,Energy Ball,19,15,3,50000
Chinchou,44.8,170,water,electric,81.8,75.7,132,817378,50,818,Bubble,Water Pulse,Thunderbolt,5,5,3,50000
Clauncher,44.8,692,water,none,83.1,89.2,102,756077,50,795,Water Gun,Aqua Jet,Crabhammer,14,17,3,50000
Crabominable,44.8,740,fighting,ice,97.9,63.3,97,601116,19,767,Bubble,Ice Punch,Brick Break,4,4,3,50000
Raticate,44.8,20,normal,none,93.2,85.9,90,720529,34.5,820,Quick Attack,Hyper Fang,Dig,7,7,1,10000
Liepard (Shadow),44.7,510,dark,none,100,63.3,92,582360,30,765,Snarl,Dark Pulse,Play Rough,4,5,1,10000
Manectric (Mega),44.5,310,electric,none,109.1,72.6,68,538605,15.5,767,Snarl,Wild Charge,Psychic Fangs,4,3,3,50000
Archen,44.3,566,rock,flying,114.1,54.4,83,515184,30,768,Wing Attack,Ancient Power,Crunch,6,6,5,75000
Popplio,44.2,728,water,none,91.2,79.7,102,741401,50,825,Water Gun,Aqua Tail,Aqua Jet,12,14,3,10000
Accelgor,44,617,bug,none,102.4,60.7,92,571843,22.5,767,Infestation,Bug Buzz,Acid Spray,5,4,3,50000
Banette (Mega),44,354,ghost,none,118.4,64.4,65,495622,15,767,Shadow Claw,Shadow Ball,Dazzling Gleam,7,7,3,50000
Chespin,44,650,grass,none,84.5,81.8,110,760331,50,801,Vine Whip,Seed Bomb,Body Slam,5,5,3,10000
Hoopa,44,720,psychic,ghost,103.6,76.1,71,559761,16,761,Confusion,Shadow Ball,Psychic,4,4,20,100000
Oricorio (Sensu),44,741,ghost,flying,93.6,73,91,621785,24,766,Air Slash,Air Cutter,Hurricane,5,7,3,75000
Vanilluxe,44,584,ice,none,94.1,84,79,624448,19.5,768,Astonish,Avalanche,Flash Cannon,5,7,3,50000
Crabrawler,43.9,739,fighting,none,108.9,79.3,98,846305,49.5,964,Bubble,Crabhammer,Power-Up Punch,5,4,3,50000
Cranidos,43.9,408,rock,none,117.2,45,95,501030,30,767,Take Down,Rock Tomb,Ancient Power,6,5,5,75000
Simipour,43.9,516,water,none,97.3,68.6,90,600730,23.5,765,Bite,Surf,Crunch,12,12,3,50000
Archeops,43.7,567,rock,flying,114.9,58.6,76,511719,16.5,767,Wing Attack,Ancient Power,Crunch,6,6,5,75000
Drizzile,43.7,817,water,none,98.6,65.9,91,591294,29.5,767,Water Gun,Surf,Water Pulse,15,17,3,10000
Naganadel,43.7,804,poison,dragon,107.1,68.4,75,549423,17.5,767,Poison Jab,Dragon Claw,Sludge Bomb,8,8,20,100000
Roggenrola,43.6,524,rock,none,91.9,84.5,108,838679,50,880,Smack Down,Stone Edge,Rock Blast,7,5,3,50000
Yanmega,43.4,469,bug,flying,97.9,68.7,89,598590,19,768,Wing Attack,Aerial Ace,Ancient Power,6,6,3,50000
Dragapult,43.3,887,dragon,ghost,102,68.9,82,576280,15.5,767,Dragon Tail,Shadow Ball,Outrage,5,5,5,75000
Lycanroc (Midnight),43.3,745,rock,none,94.9,71.4,91,616603,20,764,Counter,Stone Edge,Trailblaze,10,8,5,50000
Stantler (Shadow),43.3,234,normal,none,95.5,70.5,91,612680,25.5,767,Tackle,Wild Charge,Stomp,15,14,3,50000
Tangela,43.3,114,grass,none,89.8,87.9,83,655154,25,768,Infestation,Grass Knot,Sludge Bomb,5,5,3,50000
Indeedee (Female),42.8,876,psychic,normal,87.1,91.7,84,670914,23.5,768,Extrasensory,Energy Ball,Psychic,5,6,3,50000
Lombre,42.8,271,water,grass,85.8,90.5,114,885199,50,875,Bubble,Scald,Grass Knot,5,5,3,50000
Kingler (Shadow),42.5,99,water,none,103.4,82.7,66,564378,19.5,767,Bubble,Crabhammer,Vise Grip,5,4,3,50000
Gorebyss,42.2,368,water,none,97.5,86.6,71,599489,22.5,767,Confusion,Water Pulse,Draining Kiss,4,4,3,50000
Roselia,42.2,315,grass,poison,99.1,75.8,78,585919,29.5,766,Poison Jab,Sludge Bomb,Dazzling Gleam,8,8,3,50000
Luxio (Shadow),42,404,electric,none,105.6,71.3,110,828221,46,936,Bite,Wild Charge,Crunch,12,12,5,75000
Sunflora,42,192,grass,none,92.1,73.1,95,639588,26,767,Bullet Seed,Leaf Storm,Sludge Bomb,5,4,3,50000
Clawitzer,41.9,693,water,none,96.2,79.1,80,608754,20,766,Water Gun,Crabhammer,Ice Beam,17,19,3,50000
Stantler,41.9,234,normal,none,94.5,71.1,92,618143,26,767,Tackle,Wild Charge,Stomp,15,14,3,50000
Corphish (Shadow),41.7,341,water,none,105.4,77,94,762885,50,899,Bubble,Aqua Jet,Vise Grip,4,4,3,50000
Rotom (Wash),41.7,479,electric,water,92.2,103.7,66,631035,21.5,767,Thunder Shock,Thunderbolt,Hydro Pump,7,9,5,75000
Chespin (Shadow),41.6,650,grass,none,84.5,81.8,110,760331,50,801,Vine Whip,Seed Bomb,Body Slam,5,5,3,10000
Piplup,41.6,393,water,none,85.8,79.1,106,719399,50,785,Bubble,Drill Peck,Icy Wind,4,5,3,10000
Unfezant,41.6,521,normal,flying,99.2,68.4,87,590319,20,767,Air Slash,Heat Wave,Sky Attack,5,6,1,10000
Whirlipede (Shadow),41.6,544,bug,poison,77.7,127,91,897979,50,836,Poison Sting,Sludge Bomb,Gyro Ball,6,6,1,10000
Wugtrio,41.4,961,water,none,108.1,77.7,64,537560,29,767,Mud Slap,Liquidation,Surf,5,5,3,50000
Oricorio (Pa'u),40.8,741,psychic,flying,93.6,73,91,621785,24,766,Air Slash,Air Cutter,Hurricane,5,7,3,75000
Shaymin (Sky),40.7,492,grass,flying,99.7,67.3,88,590463,15.5,767,Magical Leaf,Energy Ball,Grass Knot,5,5,20,100000
Kingler,40.5,99,water,none,103.4,82.7,66,564378,19.5,767,Bubble,Crabhammer,Vise Grip,5,4,3,50000
Varoom,40.5,965,steel,poison,93.3,82.4,96,738040,50,832,Metal Sound,Gyro Ball,Gunk Shot,7,10,3,50000
Octillery,40,224,water,none,94.1,72.1,91,617400,24,765,Lock On,Octazooka,Gunk Shot,10,15,1,10000
Tangela (Shadow),39.9,114,grass,none,89.8,87.9,83,655154,25,768,Infestation,Grass Knot,Sludge Bomb,5,5,3,50000
Sigilyph,39.6,561,psychic,flying,93.1,80.2,84,627196,21.5,766,Air Slash,Air Cutter,Ancient Power,5,5,5,75000
Braviary (Hisuian),39.4,628,psychic,flying,92,64.1,108,636898,19.5,765,Air Slash,Brave Bird,Fly,7,5,5,75000
Butterfree (Shadow),39.4,12,bug,flying,91.7,81.5,90,672620,31.5,786,Confusion,Bug Buzz,Signal Beam,5,4,1,10000
Corphish,39.4,341,water,none,105.4,77,94,762885,50,899,Bubble,Aqua Jet,Vise Grip,4,4,3,50000
Glaceon,39.4,471,ice,none,97.1,87.5,71,603234,17.5,766,Ice Shard,Avalanche,Water Pulse,5,5,5,75000
Boltund,39.1,836,electric,none,97.9,68.2,90,600910,26,768,Bite,Crunch,Thunder,12,15,1,50000
Komala,39,775,normal,none,97.9,78.9,77,594772,21.5,768,Rollout,Bulldoze,Payback,5,5,3,50000
Ferroseed,38.8,597,grass,steel,65.5,114.9,95,714965,50,688,Metal Claw,Iron Head,Return,8,10,3,75000
Phanpy (Shadow),38.2,231,ground,none,82.4,76.4,150,944304,50,882,Tackle,Bulldoze,Rock Slide,19,15,3,50000
Frogadier (Shadow),38,657,water,none,102,76.5,93,725679,38.5,863,Bubble,Surf,Aerial Ace,5,5,3,10000
Plusle,37.9,311,electric,none,93.9,78.5,93,685517,33,803,Quick Attack,Thunderbolt,Grass Knot,7,7,3,50000
Raticate (Shadow),37.9,20,normal,none,93.2,85.9,90,720529,34.5,820,Quick Attack,Hyper Fang,Dig,7,7,1,10000
Dottler,37.4,825,bug,psychic,68.9,116.2,102,816630,50,753,Confusion,Bug Buzz,Psychic,5,4,1,10000
Seadra (Shadow),37.4,117,water,none,94,84.1,78,616621,26.5,764,Dragon Breath,Hydro Pump,Dragon Pulse,19,14,3,50000
Deoxys (Speed),37.3,386,psychic,none,100.7,94.1,61,578028,18.5,767,Charge Beam,Psycho Boost,Swift,4,4,20,100000
Solosis (Shadow),37.3,577,psychic,none,121.7,65.6,94,750451,49,960,Hidden Power (Psychic),Psyshock,Night Shade,5,6,3,50000
Seadra,37.1,117,water,none,94,84.1,78,616621,26.5,764,Dragon Breath,Hydro Pump,Dragon Pulse,19,14,3,50000
Duosion (Shadow),37,578,psychic,none,106.7,58.6,88,550231,27.5,767,Hidden Power (Psychic),Psyshock,Night Shade,5,6,3,50000
Maractus,36.8,556,grass,none,97,68.1,91,601119,24.5,766,Bullet Seed,Aerial Ace,Petal Blizzard,4,5,1,10000
Regigigas (Shadow),36.7,486,normal,none,100.3,73,79,578430,12.5,763,Hidden Power (Ice),Crush Grip,Thunder,7,8,20,100000
Frogadier,36,657,water,none,102,76.5,93,725679,38.5,863,Bubble,Surf,Aerial Ace,5,5,3,10000
Turtwig,35.9,387,grass,none,90.5,84.5,108,825903,50,868,Tackle,Energy Ball,Body Slam,15,14,3,10000
Butterfree,35.7,12,bug,flying,91.7,81.5,90,672620,31.5,786,Confusion,Bug Buzz,Signal Beam,5,4,1,10000
Bulbasaur (Shadow),35.4,1,grass,poison,89.9,85.1,96,734447,50,815,Vine Whip,Power Whip,Sludge Bomb,7,7,3,10000
Piplup (Shadow),35.3,393,water,none,85.8,79.1,106,719399,50,785,Bubble,Drill Peck,Icy Wind,4,5,3,10000
Munna,34.5,517,psychic,none,85.1,72.3,133,818313,50,837,Charge Beam,Psyshock,Dazzling Gleam,4,5,3,50000
Porygon-Z (Shadow),34.5,474,normal,none,105.6,63,83,552182,17,768,Lock On,Tri Attack,Zap Cannon,10,16,3,50000
Skiddo,33.9,672,grass,none,93.3,79.1,121,892984,50,914,Rock Smash,Brick Break,Seed Bomb,6,6,3,50000
Rotom (Frost),33.6,479,electric,ice,92.2,103.7,66,631035,21.5,767,Thunder Shock,Thunderbolt,Blizzard,7,9,5,75000
Cherrim (Overcast),33.4,421,grass,none,87.2,83.2,93,674719,27.5,767,Bullet Seed,Dazzling Gleam,Solar Beam,5,7,1,10000
Tornadus (Incarnate) (Shadow),33.3,641,flying,none,106,68.3,76,550225,16.5,767,Bite,Dark Pulse,Hurricane,12,15,20,100000
Ferroseed (Shadow),33.1,597,grass,steel,65.5,114.9,95,714965,50,688,Metal Claw,Iron Head,Gyro Ball,8,8,3,75000
Turtwig (Shadow),32.8,387,grass,none,90.5,84.5,108,825903,50,868,Tackle,Energy Ball,Body Slam,15,14,3,10000
Porygon-Z,32.5,474,normal,none,105.6,63,83,552182,17,768,Lock On,Tri Attack,Zap Cannon,10,16,3,50000
Tornadus (Incarnate),32.1,641,flying,none,106,68.3,76,550225,16.5,767,Bite,Dark Pulse,Hurricane,12,15,20,100000
Flabebe,31.3,669,fairy,none,83.1,91.2,95,719978,50,777,Vine Whip,Dazzling Gleam,Psychic,7,7,3,50000
Regigigas,31.1,486,normal,none,100,74.7,78,582660,12.5,766,Hidden Power (Rock),Crush Grip,Thunder,7,8,20,100000
Reuniclus,31,579,psychic,none,90.8,67.9,105,647359,19,768,Hidden Power (Fighting),Psyshock,Shadow Ball,5,7,3,50000
Duosion,30.8,578,psychic,none,106.7,58.6,88,550231,27.5,767,Hidden Power (Psychic),Psyshock,Night Shade,5,6,3,50000
Solosis,30.8,577,psychic,none,121.7,65.6,94,750451,49,960,Hidden Power (Psychic),Psyshock,Night Shade,5,6,3,50000
Meltan,30.1,808,steel,none,89.9,77,97,671463,50,780,Thunder Shock,Thunderbolt,Flash Cannon,7,8,20,100000
Spoink (Shadow),29.1,325,psychic,none,94.6,92.6,113,989875,50,969,Zen Headbutt,Mirror Coat,Shadow Ball,8,9,1,10000
Clobbopus,28.7,852,fighting,none,91.9,79.7,102,747092,50,831,Rock Smash,Superpower,Ice Punch,6,6,3,50000
Indeedee (Male),28.2,876,psychic,normal,96.6,82,76,602011,22.5,765,Extrasensory,Shadow Ball,Psychic,5,6,3,50000
Spoink,26.5,325,psychic,none,94.6,92.6,113,989875,50,969,Zen Headbutt,Mirror Coat,Shadow Ball,8,9,1,10000
Unown,26.2,201,psychic,none,102,71.6,100,730320,50,866,Hidden Power (Psychic),Struggle,,13,0,5,75000
Clefairy,18.5,35,fairy,none,82.4,83.1,126,862777,50,844,Zen Headbutt,Moonblast,Disarming Voice,9,8,1,10000
Slaking,6.6,289,normal,none,99.3,59.5,100,590835,12.5,767,Yawn,Body Slam,Earthquake,4,6,5,75000
Slaking (Shadow),5.8,289,normal,none,99.3,59.5,100,590835,12.5,767,Yawn,Body Slam,Earthquake,4,6,5,75000
