Pokemon,Score,Dex,Type 1,Type 2,Attack,Defense,Stamina,Stat Product,Level,CP,Fast Move,Charged Move 1,Charged Move 2,Charged Move 1 Count,Charged Move 2 Count,Buddy Distance,Charged Move Cost
Melmetal,94.2,809,steel,none,120.9,105.1,146,1855162,15.5,1498,Thunder Shock,Double Iron Bash,Dynamic Punch,4,5,20,100000
Sableye (Mega),94,302,dark,ghost,111.5,164.7,109,2001681,29,1496,Shadow Claw,Foul Play,Dazzling Gleam,5,7,5,75000
Ninetales (Shadow),93,38,fire,none,114.3,135.4,126,1950004,24.5,1494,Ember,Weather Ball (Fire),Energy Ball,4,5,3,50000
Altaria,92.9,334,dragon,flying,103.4,151.9,138,2167491,28.5,1498,Dragon Breath,Moonblast,Flamethrower,13,14,1,10000
Tinkaton,92.3,959,fairy,steel,106.2,140.9,141,2109865,25,1500,Fairy Wind,Gigaton Hammer,Bulldoze,7,7,3,75000
Mimikyu,92,778,ghost,fairy,120.8,142.2,107,1838020,25,1492,Shadow Claw,Shadow Sneak,Play Rough,7,8,5,50000
Cramorant,91.9,845,flying,water,121.2,121.2,125,1836180,26,1497,Peck,Dive,Fly,5,6,3,50000
Corviknight,91.7,823,flying,steel,106.9,130.6,150,2094171,23,1498,Sand Attack,Air Cutter,Iron Head,10,13,1,10000
Florges,91.7,671,fairy,none,120,141.5,110,1867800,17,1497,Fairy Wind,Chilling Water,Moonblast,5,6,3,50000
Altaria (Shadow),91.6,334,dragon,flying,103.4,151.9,138,2167491,28.5,1498,Dragon Breath,Moonblast,Flamethrower,13,14,1,10000
Corsola (Galarian),91.5,222,ghost,none,99.3,163,139,2249840,47.5,1499,Astonish,Night Shade,Power Gem,5,5,3,50000
Corviknight (Shadow),91.3,823,flying,steel,106.9,130.6,150,2094171,23,1498,Sand Attack,Air Cutter,Iron Head,10,13,1,10000
Quagsire (Shadow),91.2,195,water,ground,111.2,112.6,161,2015900,28.5,1497,Mud Shot,Aqua Tail,Stone Edge,4,7,3,50000
Quagsire,91.1,195,water,ground,111.2,112.6,161,2015900,28.5,1497,Mud Shot,Aqua Tail,Stone Edge,4,7,3,50000
Ninetales,91,38,fire,none,114.3,135.4,126,1950004,24.5,1494,Ember,Weather Ball (Fire),Energy Ball,4,5,3,50000
Thievul,90.7,828,dark,none,119.8,121.8,127,1853138,26,1491,Sucker Punch,Night Slash,Icy Wind,5,7,1,10000
Araquanid,90.6,752,water,bug,97.4,174,136,2304874,32,1498,Infestation,Water Pulse,Mirror Coat,5,4,3,50000
Clodsire,90.6,980,poison,ground,95,119.7,208,2365272,29.5,1499,Poison Sting,Earthquake,Stone Edge,8,7,3,50000
Sableye (Shadow),90.5,302,dark,ghost,119.6,124.5,125,1861275,47,1494,Shadow Claw,Foul Play,Drain Punch,5,5,5,75000
Fearow,90.4,22,normal,flying,131.4,104.6,124,1704311,28,1498,Peck,Drill Peck,Drill Run,5,5,1,10000
Marowak,90.4,105,ground,none,109.6,148.8,125,2038560,31.5,1495,Mud Slap,Bone Club,Rock Slide,4,5,3,50000
Vigoroth,90.3,288,normal,none,116.2,114.1,145,1922471,28.5,1496,Scratch,Body Slam,Bulldoze,10,14,5,75000
Empoleon,90.2,395,water,steel,125.1,117,122,1785677,19,1495,Metal Sound,Hydro Cannon,Drill Peck,5,5,3,10000
Empoleon (Shadow),90.2,395,water,steel,125.1,117,122,1785677,19,1495,Metal Sound,Hydro Cannon,Drill Peck,5,5,3,10000
Umbreon,90.2,197,dark,none,90.2,176.9,156,2489195,27,1499,Snarl,Dark Pulse,Last Resort,4,5,5,75000
Jellicent,90.1,593,water,ghost,106.6,126.2,156,2098656,24,1497,Hex,Surf,Shadow Ball,4,4,3,50000
Mantine,90.1,226,water,flying,105.5,166.6,121,2126732,27,1500,Wing Attack,Twister,Water Pulse,5,7,5,75000
Stunfisk,90.1,618,ground,electric,101.4,126.6,172,2208005,26,1496,Thunder Shock,Mud Bomb,Discharge,5,5,5,75000
Araquanid (Shadow),90,752,water,bug,97.4,174,136,2304874,32,1498,Infestation,Water Pulse,Mirror Coat,5,4,3,50000
Azumarill,90,184,water,fairy,93.4,134.5,191,2399399,43,1499,Bubble,Ice Beam,Play Rough,5,6,3,50000
Feraligatr,90,160,water,none,123.8,117.3,124,1800696,19.5,1499,Shadow Claw,Hydro Cannon,Ice Beam,5,7,3,10000
Rillaboom,90,812,grass,none,132.4,99.3,129,1696004,16.5,1499,Scratch,Drum Beating,Earth Power,9,13,3,10000
Electrode (Hisuian),89.9,101,electric,grass,123.2,128.6,115,1822005,26,1498,Thunder Shock,Wild Charge,Energy Ball,5,5,3,50000
Malamar (Mega),89.9,687,dark,psychic,118.4,132.4,120,1881139,17.5,1492,Psywave,Foul Play,Superpower,10,10,3,50000
Sableye,89.9,302,dark,ghost,119.6,124.5,125,1861275,47,1494,Shadow Claw,Foul Play,Power Gem,5,7,5,75000
Snorlax,89.9,143,normal,none,108.4,102.3,187,2073703,17.5,1499,Psywave,Body Slam,Earthquake,10,17,5,75000
Charjabug,89.8,737,bug,electric,114.7,134.7,126,1946711,36.5,1495,Volt Switch,X-Scissor,Discharge,3,3,1,10000
Lapras,89.8,131,water,ice,104.6,114.5,178,2131853,21.5,1496,Psywave,Sparkling Aria,Ice Beam,12,14,5,75000
Annihilape,89.7,979,fighting,ghost,123.3,105.1,140,1814236,17,1497,Low Kick,Rage Fist,Ice Punch,5,5,3,50000
Annihilape (Shadow),89.7,979,fighting,ghost,123.3,105.1,140,1814236,17,1497,Low Kick,Rage Fist,Ice Punch,5,5,3,50000
Charjabug (Shadow),89.7,737,bug,electric,114.7,134.7,126,1946711,36.5,1495,Volt Switch,X-Scissor,Discharge,3,3,1,10000
Deoxys (Defense),89.7,386,psychic,none,101,221.4,98,2191417,23.5,1490,Low Kick,Psycho Boost,Thunderbolt,5,7,20,100000
Vigoroth (Shadow),89.7,288,normal,none,116.2,114.1,145,1922471,28.5,1496,Scratch,Brick Break,Rock Slide,10,12,5,75000
Carbink,89.6,703,rock,fairy,84,252,126,2667168,50,1496,Rock Throw,Rock Slide,Moonblast,9,10,5,75000
Dondozo,89.6,977,water,none,104.5,109.7,187,2143703,18.5,1497,Waterfall,Surf,Outrage,5,6,5,75000
Malamar,89.6,687,dark,psychic,117.2,116.6,139,1899507,23.5,1492,Psywave,Superpower,Foul Play,10,10,3,50000
Forretress (Shadow),89.5,205,bug,steel,109.7,145.4,128,2041649,24.5,1497,Volt Switch,Sand Tomb,Rock Tomb,3,4,5,75000
Furret,89.5,162,normal,none,115.3,105.4,160,1944419,34.5,1497,Sucker Punch,Swift,Trailblaze,5,7,1,10000
Guzzlord,89.5,799,dark,dragon,113.2,66,265,1979868,19.5,1498,Dragon Tail,Brutal Swing,Sludge Bomb,3,5,20,100000
Hippowdon,89.5,450,ground,none,116.1,116.7,142,1923940,18,1498,Sand Attack,Weather Ball (Rock),Earth Power,9,13,3,50000
Jumpluff,89.5,189,grass,flying,96.7,156.9,152,2306179,40.5,1498,Fairy Wind,Energy Ball,Acrobatics,5,7,3,50000
Malamar (Shadow),89.5,687,dark,psychic,117.2,116.6,139,1899507,23.5,1492,Psywave,Foul Play,Superpower,10,10,3,50000
Snorlax (Shadow),89.5,143,normal,none,108.4,102.3,187,2073703,17.5,1499,Psywave,Body Slam,Superpower,10,10,5,75000
Mandibuzz,89.4,630,dark,flying,92.1,151.2,175,2436966,26.5,1499,Snarl,Dark Pulse,Shadow Ball,4,4,5,75000
Morpeko (Full Belly),89.4,877,electric,dark,140.4,96.2,118,1593765,28.5,1497,Thunder Shock,Aura Wheel,Psychic Fangs,5,4,3,50000
Medicham,89.2,308,fighting,psychic,106.9,139.5,141,2102670,49,1499,Psycho Cut,Ice Punch,Dynamic Punch,5,5,3,50000
Blastoise,89.1,9,water,none,112.1,137.7,130,2006702,23,1500,Bite,Hydro Cannon,Skull Bash,10,19,3,10000
Hydreigon (Shadow),89.1,635,dark,dragon,136,104.5,116,1648592,15,1499,Dragon Breath,Brutal Swing,Fly,9,12,5,75000
Kingdra,89.1,230,water,dragon,121.8,127.9,118,1838230,21,1497,Dragon Breath,Surf,Swift,12,9,3,50000
Kingdra (Shadow),89.1,230,water,dragon,121.8,127.9,118,1838230,21,1497,Dragon Breath,Surf,Swift,12,9,3,50000
Diggersby,89,660,normal,ground,95.7,140.3,174,2336248,47,1498,Mud Shot,Fire Punch,Scorching Sands,5,6,1,10000
Forretress,89,205,bug,steel,109.7,145.4,128,2041649,24.5,1497,Volt Switch,Sand Tomb,Rock Tomb,3,4,5,75000
Hippowdon (Shadow),89,450,ground,none,116.1,116.7,142,1923940,18,1498,Sand Attack,Weather Ball (Rock),Earth Power,9,13,3,50000
Spidops,89,918,bug,none,110.9,138.8,131,2016473,37.5,1495,Shadow Claw,Lunge,Rock Tomb,6,7,1,50000
Turtonator,89,776,fire,dragon,113.5,153.6,113,1969997,25,1498,Incinerate,Brutal Swing,Dragon Claw,2,3,5,75000
Cradily,88.9,346,rock,grass,105.2,140.3,144,2125377,25.5,1496,Acid,Rock Tomb,Grass Knot,7,7,3,50000
Feraligatr (Shadow),88.9,160,water,none,123.8,117.3,124,1800696,19.5,1499,Shadow Claw,Hydro Cannon,Ice Beam,5,7,3,10000
Ninetales (Alolan),88.9,38,ice,fairy,114.5,136.1,125,1947931,24,1497,Powder Snow,Weather Ball (Ice),Chilling Water,5,6,3,50000
Dragonair (Shadow),88.8,148,dragon,none,125.2,112.5,127,1788795,33,1498,Dragon Breath,Wrap,Aqua Tail,12,9,5,75000
Lapras (Shadow),88.8,131,water,ice,104.6,114.5,178,2131853,21.5,1496,Psywave,Sparkling Aria,Ice Beam,12,14,5,75000
Dewgong,88.7,87,water,ice,101.9,136.8,157,2188567,28.5,1495,Ice Shard,Icy Wind,Drill Run,5,4,3,50000
Ninetales (Alolan) (Shadow),88.7,38,ice,fairy,114.5,136.1,125,1947931,24,1497,Powder Snow,Weather Ball (Ice),Chilling Water,5,6,3,50000
Dusclops (Shadow),88.6,356,ghost,none,102.4,197.6,108,2185298,42,1495,Hex,Ice Punch,Shadow Punch,4,3,3,50000
Pachirisu,88.6,417,electric,none,91.5,157,142,2039901,50,1369,Volt Switch,Thunderbolt,Thunder Punch,4,3,5,75000
Jumpluff (Shadow),88.4,189,grass,flying,96.7,156.9,152,2306179,40.5,1498,Fairy Wind,Energy Ball,Acrobatics,5,7,3,50000
Doublade,88.2,680,steel,ghost,122.9,140,106,1823836,22.5,1500,Shadow Claw,Sacred Sword,Iron Head,5,7,5,75000
Swampert,88.2,260,water,ground,122.9,109.1,136,1823541,18.5,1497,Mud Shot,Hydro Cannon,Earthquake,5,8,3,10000
Swampert (Shadow),88.2,260,water,ground,122.9,109.1,136,1823541,18.5,1497,Mud Shot,Hydro Cannon,Earthquake,5,8,3,10000
Marowak (Shadow),88.1,105,ground,none,109.6,148.8,125,2038560,31.5,1495,Mud Slap,Bone Club,Rock Slide,4,5,3,50000
Dusclops,88,356,ghost,none,102.4,197.6,108,2185298,42,1495,Hex,Ice Punch,Shadow Punch,4,3,3,50000
Talonflame,88,663,fire,flying,121.4,112.6,135,1845401,25.5,1500,Incinerate,Fly,Brave Bird,3,3,1,10000
Aegislash (Shield),87.9,681,steel,ghost,82.8,234.5,139,2698907,46,1496,Psycho Cut,Shadow Ball,Gyro Ball,9,9,5,75000
Muk (Alolan),87.8,89,poison,dark,115.8,111.6,148,1912645,20,1488,Poison Jab,Brutal Swing,Ice Punch,5,6,3,50000
Seismitoad,87.8,537,water,ground,120.3,100.9,154,1869294,22,1500,Mud Shot,Earth Power,Icy Wind,6,5,3,50000
Dragonair,87.7,148,dragon,none,125.2,112.5,127,1788795,33,1498,Dragon Breath,Aqua Tail,Dragon Pulse,9,14,5,75000
Dunsparce,87.6,206,normal,none,104.7,110.9,184,2136466,37.5,1498,Bite,Drill Run,Rock Slide,10,12,3,50000
Clefable,87.5,36,fairy,none,116.5,112,147,1918056,23,1496,Fairy Wind,Moonblast,Meteor Mash,6,5,1,10000
Registeel,87.5,379,steel,none,95.6,189.9,129,2341923,22.5,1497,Lock On,Flash Cannon,Focus Blast,13,15,20,100000
Drapion (Shadow),87.3,452,poison,dark,117.8,136.8,118,1901575,22.5,1499,Poison Sting,Crunch,Aqua Tail,5,4,5,75000
Dusknoir (Shadow),87.2,477,ghost,none,119.8,174.2,90,1878224,23.5,1500,Astonish,Dynamic Punch,Shadow Punch,5,4,3,50000
Gourgeist (Large),87.2,711,ghost,grass,115.9,137.2,122,1939981,22,1500,Incinerate,Shadow Ball,Seed Bomb,3,2,5,75000
Gourgeist (Super),87.2,711,ghost,grass,115,131.5,129,1950803,21,1498,Incinerate,Shadow Ball,Seed Bomb,3,2,5,75000
Grumpig,87.2,326,psychic,none,113.3,131.4,132,1965166,23.5,1496,Psywave,Dynamic Punch,Shadow Ball,12,13,1,10000
Shelgon (Shadow),87.2,372,dragon,none,123.2,119,123,1803278,27.5,1495,Dragon Breath,Twister,Flamethrower,10,14,5,75000
Steelix (Shadow),87.2,208,steel,ground,98.4,183.2,126,2271387,23.5,1496,Thunder Fang,Psychic Fangs,Crunch,6,8,5,75000
Aromatisse,87.1,683,fairy,none,115.8,107.3,156,1938353,24,1499,Fairy Wind,Moonblast,Psyshock,6,5,3,50000
Gourgeist (Average),87.1,711,ghost,grass,115.9,145,115,1932633,23.5,1498,Incinerate,Shadow Ball,Seed Bomb,3,2,5,75000
Stunfisk (Galarian),87,618,ground,steel,101.4,126.6,172,2208005,26,1496,Mud Shot,Rock Slide,Earthquake,5,8,5,75000
Talonflame (Shadow),87,663,fire,flying,121.4,112.6,135,1845401,25.5,1500,Incinerate,Flame Charge,Fly,3,3,1,10000
Wigglytuff,87,40,normal,fairy,115.1,75.5,223,1937881,29,1493,Charm,Icy Wind,Swift,6,5,1,10000
Gourgeist (Small),86.9,711,ghost,grass,116.8,152.8,107,1909633,25,1496,Incinerate,Shadow Ball,Seed Bomb,3,2,5,75000
Hydreigon,86.8,635,dark,dragon,136,104.5,116,1648592,15,1499,Dragon Breath,Brutal Swing,Fly,9,12,5,75000
Oranguru,86.8,765,normal,psychic,110.1,129.9,142,2030883,23,1496,Confusion,Brutal Swing,Trailblaze,3,4,3,75000
Muk (Alolan) (Shadow),86.7,89,poison,dark,115.8,111.6,148,1912645,20,1488,Poison Jab,Brutal Swing,Ice Punch,5,6,3,50000
Samurott,86.7,503,water,none,128,100.9,136,1756467,19.5,1500,Fury Cutter,Hydro Cannon,Megahorn,10,14,3,10000
Seaking,86.6,119,water,none,121.9,109,138,1833620,26,1499,Peck,Drill Run,Icy Wind,5,6,3,50000
Castform (Sunny),86.5,351,fire,none,112.6,121.3,146,1994123,39.5,1500,Ember,Weather Ball (Fire),Solar Beam,4,9,5,75000
Regidrago,86.5,895,dragon,none,121.8,62.7,241,1840483,20,1497,Dragon Breath,Dragon Energy,Vise Grip,12,10,20,100000
Sealeo,86.5,364,ice,water,108.9,112.7,167,2049596,36,1498,Powder Snow,Surf,Body Slam,6,5,3,50000
Bellibolt,86.4,939,electric,none,115,110.1,154,1949871,21,1498,Thunder Shock,Zap Cannon,Parabolic Charge,9,6,1,50000
Wartortle,86.4,8,water,none,107.6,139.1,139,2080435,47.5,1496,Bite,Aqua Jet,Ice Beam,10,14,3,10000
Drapion,86.3,452,poison,dark,117.8,136.8,118,1901575,22.5,1499,Poison Sting,Crunch,Aqua Tail,5,4,5,75000
Gligar (Shadow),86,207,ground,flying,108.4,145.3,131,2063318,31,1496,Wing Attack,Night Slash,Dig,5,7,5,75000
Klefki,86,707,steel,fairy,117.9,137.3,117,1893957,29,1495,Astonish,Foul Play,Draining Kiss,4,6,3,50000
Walrein,86,365,ice,water,112.4,114.8,154,1987142,20.5,1498,Powder Snow,Icicle Spear,Earthquake,5,9,3,50000
Dusknoir,85.9,477,ghost,none,119.8,174.2,90,1878224,23.5,1500,Astonish,Dynamic Punch,Shadow Punch,5,4,3,50000
Torkoal,85.9,324,fire,none,107.5,151.2,128,2080512,27,1497,Ember,Flame Wheel,Overheat,5,7,3,50000
Goodra,85.7,706,dragon,none,119.6,134,116,1859062,16,1497,Dragon Breath,Aqua Tail,Thunder Punch,9,10,5,75000
Murkrow (Shadow),85.7,198,dark,flying,143.1,81.1,135,1566730,41,1498,Peck,Drill Peck,Foul Play,5,5,3,50000
Persian,85.7,53,normal,none,118.6,116.3,137,1889666,36.5,1497,Scratch,Night Slash,Power Gem,9,13,3,50000
Miltank,85.6,241,normal,none,105.3,134.7,150,2127586,24,1499,Rollout,Body Slam,High Horsepower,4,5,5,75000
Morgrem,85.6,860,dark,fairy,124.8,98,147,1797869,49.5,1500,Sucker Punch,Foul Play,Play Rough,6,9,5,50000
Oinkologne (Female),85.6,916,normal,none,109.6,111.5,167,2040807,22.5,1499,Take Down,Body Slam,Trailblaze,5,5,1,10000
Pelipper,85.6,279,water,flying,123.2,128.6,115,1822005,26,1498,Wing Attack,Weather Ball (Water),Hurricane,5,8,3,50000
Politoed (Shadow),85.6,186,water,none,114,124.2,138,1953914,23,1498,Mud Shot,Weather Ball (Water),Ice Beam,4,7,3,50000
Toucannon (Shadow),85.6,733,normal,flying,137.2,96.7,123,1631871,20.5,1498,Peck,Beak Blast,Drill Peck,7,5,1,10000
Shelgon,85.5,372,dragon,none,123.2,119,123,1803278,27.5,1495,Dragon Breath,Twister,Flamethrower,10,14,5,75000
Toxapex,85.4,748,poison,water,91.9,224.3,118,2432354,38,1497,Bite,Brine,Sludge Wave,15,17,3,50000
Swalot,85.3,317,poison,none,103.4,122.7,171,2169508,28.5,1498,Infestation,Sludge,Ice Beam,4,5,1,10000
Togetic,85.3,176,fairy,flying,110.1,150.1,123,2032699,36.5,1497,Fairy Wind,Heat Wave,Draining Kiss,5,7,3,50000
Mawile,85.2,303,steel,fairy,124.7,120.8,119,1792587,39,1496,Fairy Wind,Vise Grip,Iron Head,5,6,5,75000
Moltres (Galarian),85.1,146,dark,flying,115.1,134.7,124,1922492,17.5,1487,Sucker Punch,Fly,Brave Bird,7,8,20,100000
Spiritomb,85.1,442,ghost,dark,120.7,147.8,104,1855304,27,1496,Sucker Punch,Rock Tomb,Shadow Ball,8,8,5,75000
Steelix,85.1,208,steel,ground,98.4,183.2,126,2271387,23.5,1496,Thunder Fang,Psychic Fangs,Crunch,6,8,5,75000
Toucannon,85.1,733,normal,flying,137.2,96.7,123,1631871,20.5,1498,Peck,Beak Blast,Drill Peck,7,5,1,10000
Piloswine,85,221,ice,ground,121,99.4,154,1852220,24,1498,Powder Snow,Icicle Spear,High Horsepower,5,7,3,50000
Walrein (Shadow),85,365,ice,water,112.4,114.8,154,1987142,20.5,1498,Powder Snow,Icicle Spear,Earthquake,5,9,3,50000
Aurorus,84.9,699,rock,ice,113.5,106.3,164,1978668,20,1500,Powder Snow,Weather Ball (Ice),Meteor Beam,5,8,5,75000
Cresselia,84.9,488,psychic,none,93.1,160.5,160,2390808,20,1494,Psycho Cut,Grass Knot,Moonblast,6,6,20,100000
Crustle,84.9,558,bug,rock,120.3,134.7,115,1863507,22,1499,Fury Cutter,X-Scissor,Rock Wrecker,10,13,1,10000
Gligar,84.9,207,ground,flying,108.4,145.3,131,2063318,31,1496,Wing Attack,Night Slash,Dig,5,7,5,75000
Houndoom (Shadow),84.9,229,dark,fire,139.5,97.3,118,1601655,21,1499,Incinerate,Foul Play,Trailblaze,2,3,3,50000
Lickilicky,84.9,463,normal,none,105.7,125.6,160,2124147,23,1498,Rollout,Body Slam,Shadow Ball,4,4,3,50000
Milotic,84.9,350,water,none,113.1,133.8,130,1967261,18.5,1496,Waterfall,Aqua Tail,Wrap,4,5,5,75000
Emolga,84.7,587,electric,flying,127.5,110.2,125,1756313,39.5,1497,Thunder Shock,Acrobatics,Discharge,7,5,1,10000
Greninja (Shadow),84.7,658,water,dark,139.5,100.3,115,1609063,21,1498,Water Shuriken,Hydro Cannon,Brutal Swing,3,3,3,10000
Qwilfish (Hisuian),84.7,211,dark,poison,128,112.3,121,1739302,26,1493,Poison Sting,Aqua Tail,Dark Pulse,4,5,3,50000
Sandslash (Alolan),84.7,28,ice,steel,115.9,133.2,125,1929735,23,1498,Powder Snow,Ice Punch,Drill Run,5,5,3,50000
Wartortle (Shadow),84.7,8,water,none,107.6,139.1,139,2080435,47.5,1496,Bite,Aqua Jet,Ice Beam,10,14,3,10000
Metang (Shadow),84.6,375,steel,psychic,108.9,145.7,129,2046808,36,1496,Fury Cutter,Psyshock,Gyro Ball,10,13,5,75000
Sliggoo,84.6,705,dragon,none,114.1,133.7,128,1952662,27.5,1497,Dragon Breath,Body Slam,Dragon Pulse,10,14,5,75000
Weezing (Galarian) (Shadow),84.6,110,poison,fairy,117.6,139.4,116,1901639,24.5,1497,Fairy Wind,Sludge,Brutal Swing,5,4,3,50000
Zweilous,84.6,634,dark,dragon,120.4,110.1,140,1855846,30.5,1496,Dragon Breath,Body Slam,Dark Pulse,10,12,5,75000
Flamigo,84.5,973,flying,fighting,137.9,95.5,123,1619842,20,1498,Peck,Upper Hand,Brave Bird,5,7,3,75000
Ledian,84.5,166,bug,flying,101.3,162.4,133,2187999,49.5,1494,Rollout,Dynamic Punch,Acrobatics,4,5,1,10000
Metang,84.5,375,steel,psychic,108.9,145.7,129,2046808,36,1496,Fury Cutter,Psyshock,Gyro Ball,10,13,5,75000
Orthworm,84.5,968,steel,none,109.1,154.1,122,2051102,24.5,1497,Mud Slap,Rock Tomb,Iron Head,5,5,5,75000
Zweilous (Shadow),84.5,634,dark,dragon,120.4,110.1,140,1855846,30.5,1496,Dragon Breath,Body Slam,Dark Pulse,10,12,5,75000
Golisopod,84.4,768,bug,water,124,134.6,108,1802563,17.5,1497,Fury Cutter,X-Scissor,Aqua Jet,10,10,1,10000
Politoed,84.4,186,water,none,114,124.2,138,1953914,23,1498,Mud Shot,Weather Ball (Water),Ice Beam,4,7,3,50000
Sylveon,84.3,700,fairy,none,117.3,124.7,130,1901550,18,1498,Fairy Wind,Psyshock,Draining Kiss,5,7,5,75000
Milotic (Shadow),84.2,350,water,none,113.1,133.8,130,1967261,18.5,1496,Waterfall,Aqua Tail,Wrap,4,5,5,75000
Wormadam (Trash),84.2,413,bug,steel,104.9,151,135,2138387,41,1498,Sucker Punch,Bug Buzz,Iron Head,9,8,1,10000
Dragalge,84.1,691,poison,dragon,117.8,143,113,1903530,23.5,1499,Acid,Aqua Tail,Outrage,5,8,3,50000
Raikou,84.1,243,electric,none,131.9,110.5,116,1690694,16,1496,Thunder Shock,Wild Charge,Aura Sphere,5,5,20,100000
Bastiodon,84,411,rock,steel,80.6,247.6,138,2754005,46.5,1495,Smack Down,Stone Edge,Flamethrower,7,7,5,75000
Dewott,84,502,water,none,122.6,99.8,149,1823087,35,1495,Fury Cutter,Aqua Tail,X-Scissor,9,10,3,10000
Raichu,84,26,electric,none,133.5,110.6,113,1668456,25.5,1498,Volt Switch,Volt Tackle,Trailblaze,3,3,1,10000
Dartrix,83.9,723,grass,flying,112.4,115.5,153,1986277,36.5,1498,Peck,Brave Bird,Energy Ball,7,6,3,10000
Togekiss,83.9,468,fairy,flying,124.2,125.8,115,1796801,16.5,1497,Peck,Psyshock,Aura Sphere,5,5,3,50000
Cofagrigus,83.8,563,ghost,none,111.7,165.2,109,2011360,24.5,1499,Shadow Claw,Shadow Ball,Energy Ball,7,6,3,50000
Kommo-o,83.8,784,dragon,fighting,123.7,137.8,106,1806861,16.5,1497,Dragon Tail,Clanging Scales,Upper Hand,4,4,5,75000
Raichu (Mega X),83.8,26,electric,none,148.3,114.1,89,1505972,15.5,1497,Volt Switch,Brick Break,Trailblaze,3,3,1,10000
Sandslash (Alolan) (Shadow),83.8,28,ice,steel,115.9,133.2,125,1929735,23,1498,Powder Snow,Ice Punch,Drill Run,5,5,3,50000
Sealeo (Shadow),83.8,364,ice,water,108.9,112.7,167,2049596,36,1498,Powder Snow,Surf,Body Slam,6,5,3,50000
Dubwool,83.7,832,normal,none,110.6,143,128,2024422,25.5,1496,Take Down,Body Slam,Wild Charge,5,5,3,10000
Lanturn,83.7,171,water,electric,104.8,105.5,194,2144942,27,1500,Water Gun,Surf,Thunderbolt,15,19,3,50000
Lickitung,83.7,108,normal,none,96.6,127.7,186,2294463,50,1490,Lick,Body Slam,Power Whip,14,17,3,50000
Mawile (Mega),83.7,303,steel,fairy,124.3,147.6,98,1797975,23.5,1498,Fairy Wind,Vise Grip,Iron Head,5,6,5,75000
Mawile (Shadow),83.7,303,steel,fairy,124.7,120.8,119,1792587,39,1496,Fairy Wind,Vise Grip,Iron Head,5,6,5,75000
Persian (Shadow),83.7,53,normal,none,118.6,116.3,137,1889666,36.5,1497,Scratch,Night Slash,Power Gem,9,13,3,50000
Blastoise (Shadow),83.6,9,water,none,112.1,137.7,130,2006702,23,1500,Bite,Hydro Cannon,Skull Bash,10,19,3,10000
Giratina (Altered) (Shadow),83.6,487,ghost,dragon,105.2,125,159,2090850,16,1485,Dragon Breath,Dragon Claw,Shadow Sneak,13,13,20,100000
Abomasnow (Shadow),83.5,460,grass,ice,117.8,112,143,1886685,23.5,1494,Powder Snow,Weather Ball (Ice),Energy Ball,5,6,3,50000
Greedent,83.5,820,normal,none,106.8,110.7,177,2092629,23.5,1496,Bite,Body Slam,Trailblaze,10,12,1,10000
Articuno,83.4,144,ice,flying,112.6,139.6,126,1980589,18.5,1495,Powder Snow,Icy Wind,Hurricane,6,8,20,100000
Charizard (Shadow),83.4,6,fire,flying,132.7,108.8,116,1674780,19,1497,Ember,Blast Burn,Air Cutter,6,5,3,10000
Overqwil,83.4,904,dark,poison,131,106.9,122,1708476,18.5,1498,Poison Sting,Aqua Tail,Dark Pulse,4,5,5,75000
Pidgeot,83.4,18,normal,flying,116.9,115.5,142,1917277,26.5,1499,Gust,Twister,Brave Bird,3,4,1,10000
Qwilfish (Shadow),83.4,211,water,poison,131.1,105.4,123,1699607,27,1495,Poison Sting,Aqua Tail,Shadow Ball,4,6,3,50000
Ursaluna,83.4,901,ground,normal,125.6,98.6,144,1783319,14.5,1499,Scratch,Thunder Punch,High Horsepower,10,14,3,50000
Dragonite (Mega),83.3,149,dragon,flying,137.2,119.1,100,1634052,11.5,1497,Dragon Breath,Superpower,Thunder Punch,10,10,5,75000
Ludicolo,83.3,272,water,grass,116.4,123.6,134,1927863,24,1498,Astonish,Weather Ball (Water),Energy Ball,4,5,3,50000
Magcargo,83.3,219,fire,rock,110.9,156.3,117,2028039,36.5,1500,Ember,Rock Tomb,Overheat,6,7,1,10000
Marowak (Alolan),83.3,105,fire,ghost,109.6,148.8,125,2038560,31.5,1495,Fire Spin,Bone Club,Shadow Bone,4,5,3,50000
Noctowl,83.3,164,normal,flying,105.3,120.1,168,2124617,28,1500,Wing Attack,Shadow Ball,Return,7,9,1,10000
Runerigus,83.3,867,ground,ghost,111.7,165.2,109,2011360,24.5,1499,Shadow Claw,Shadow Ball,Rock Tomb,7,7,3,50000
Skarmory,83.3,227,steel,flying,105.5,166.6,121,2126732,27,1500,Air Slash,Brave Bird,Drill Run,7,5,5,75000
Weezing (Galarian),83.3,110,poison,fairy,117.6,139.4,116,1901639,24.5,1497,Fairy Wind,Sludge,Brutal Swing,5,4,3,50000
Maushold,83.2,925,normal,none,116.2,121.9,136,1926410,28.5,1497,Take Down,Swift,Crunch,4,5,1,10000
Abomasnow,83.1,460,grass,ice,117.8,112,143,1886685,23.5,1494,Powder Snow,Weather Ball (Ice),Energy Ball,5,6,3,50000
Diggersby (Shadow),83.1,660,normal,ground,95.7,140.3,174,2336248,47,1498,Mud Shot,Scorching Sands,Fire Punch,6,5,1,10000
Lumineon,83.1,457,water,none,109,137.4,137,2051794,32.5,1497,Gust,Aqua Tail,Silver Wind,3,4,3,50000
Rapidash (Shadow),83.1,78,fire,none,133.6,111.4,112,1666900,22.5,1497,Incinerate,Drill Run,Wild Charge,2,3,3,50000
Cetitan,83,975,ice,none,120.1,77,202,1868035,18,1499,Powder Snow,Icicle Spear,Superpower,5,5,3,50000
Cofagrigus (Shadow),83,563,ghost,none,111.7,165.2,109,2011360,24.5,1499,Shadow Claw,Shadow Ball,Energy Ball,7,6,3,50000
Houndoom (Mega),83,229,dark,fire,149,104.2,97,1506003,14.5,1499,Incinerate,Flamethrower,Trailblaze,3,3,3,50000
Linoone,83,264,normal,none,114.1,111.8,153,1951726,38.5,1496,Shadow Claw,Swift,Grass Knot,5,7,1,10000
Marowak (Alolan) (Shadow),83,105,fire,ghost,109.6,148.8,125,2038560,31.5,1495,Fire Spin,Shadow Bone,Bone Club,5,4,3,50000
Lopunny,82.9,428,normal,none,112,143.5,124,1992928,27.5,1497,Low Kick,Thunder Punch,Triple Axel,5,6,3,50000
Machamp (Shadow),82.9,68,fighting,none,135.4,98.6,124,1655455,18,1497,Karate Chop,Cross Chop,Rock Slide,4,5,3,50000
Rapidash,82.9,78,fire,none,133.6,111.4,112,1666900,22.5,1497,Incinerate,Drill Run,Wild Charge,2,3,3,50000
Slurpuff,82.9,685,fairy,none,116,119.4,139,1925206,25.5,1497,Fairy Wind,Draining Kiss,Energy Ball,7,5,3,50000
Dragonite (Shadow),82.8,149,dragon,flying,135.8,107.3,113,1646561,14.5,1498,Dragon Breath,Thunder Punch,Superpower,10,10,5,75000
Nidoqueen,82.8,31,poison,ground,116.5,118.4,139,1917310,22.5,1496,Mud Slap,Earth Power,Poison Fang,5,4,3,50000
Piloswine (Shadow),82.8,221,ice,ground,121,99.4,154,1852220,24,1498,Powder Snow,Icicle Spear,High Horsepower,5,7,3,50000
Greninja,82.7,658,water,dark,139.5,100.3,115,1609063,21,1498,Water Shuriken,Hydro Cannon,Brutal Swing,3,3,3,10000
Latias,82.7,380,dragon,psychic,124.5,138.9,104,1798477,16,1497,Dragon Breath,Aura Sphere,Mist Ball,10,15,20,100000
Ampharos (Shadow),82.6,181,electric,none,126.8,107.9,129,1764942,19.5,1497,Volt Switch,Brutal Swing,Trailblaze,3,3,5,75000
Kecleon,82.6,352,normal,none,115.5,142.1,118,1936681,27.5,1497,Sucker Punch,Thunder Punch,Dynamic Punch,6,7,5,75000
Poliwrath,82.5,62,water,fighting,115.8,122,137,1935481,21.5,1499,Mud Shot,Icy Wind,Dynamic Punch,5,5,3,50000
Tentacruel,82.5,73,water,poison,108.9,143.5,131,2047157,23,1494,Acid,Scald,Payback,7,8,3,50000
Ampharos,82.3,181,electric,none,126.8,107.9,129,1764942,19.5,1497,Volt Switch,Brutal Swing,Trailblaze,3,3,5,75000
Audino (Mega),82.3,531,normal,fairy,95.6,160.2,153,2343213,22.5,1497,Charge Beam,Body Slam,Disarming Voice,4,5,3,50000
Bronzong,82.3,437,steel,psychic,110.8,152.2,120,2023651,25,1498,Confusion,Psyshock,Bulldoze,3,4,3,50000
Coalossal,82.3,839,rock,fire,98.1,139.3,167,2282110,24,1498,Fire Spin,Rock Slide,Flame Charge,5,5,3,10000
Raikou (Shadow),82.3,243,electric,none,133.5,109.8,113,1656388,15.5,1487,Thunder Shock,Wild Charge,Aura Sphere,5,5,20,100000
Crustle (Shadow),82.2,558,bug,rock,120.3,134.7,115,1863507,22,1499,Fury Cutter,X-Scissor,Rock Wrecker,10,13,1,10000
Trumbeak (Shadow),82.2,732,normal,flying,133.7,94.3,132,1664244,46,1492,Peck,Drill Peck,Rock Blast,5,5,1,10000
Amoonguss,82.1,591,grass,poison,109.3,105.9,177,2048752,26.5,1497,Astonish,Foul Play,Grass Knot,4,5,3,50000
Castform,82.1,351,normal,none,112.6,121.3,146,1994123,39.5,1500,Hex,Weather Ball (Rock),Energy Ball,3,4,5,75000
Dedenne,82.1,702,electric,fairy,124.3,108.9,133,1800324,30,1496,Thunder Shock,Discharge,Play Rough,5,7,3,50000
Greninja (Mega),82.1,658,water,dark,154.1,97.1,97,1451422,14.5,1496,Water Shuriken,Hydro Cannon,Brutal Swing,3,3,3,10000
Victreebel (Shadow),82.1,71,grass,poison,135.1,93.5,131,1654772,23,1496,Sucker Punch,Leaf Blade,Acid Spray,5,7,3,50000
Croconaw,82,159,water,none,117.7,120,135,1906740,35.5,1499,Scratch,Ice Punch,Water Pulse,10,13,3,10000
Aurorus (Shadow),81.9,699,rock,ice,113.5,106.3,164,1978668,20,1500,Powder Snow,Weather Ball (Ice),Meteor Beam,5,8,5,75000
Gastrodon,81.9,423,water,ground,113.2,103.4,168,1966420,24,1495,Mud Slap,Body Slam,Earth Power,4,5,3,50000
Raichu (Alolan),81.9,26,electric,psychic,135.4,109.9,111,1651731,24,1496,Volt Switch,Volt Tackle,Psyshock,3,3,1,10000
Castform (Snowy),81.8,351,ice,none,112.6,121.3,146,1994123,39.5,1500,Powder Snow,Weather Ball (Ice),Blizzard,5,10,5,75000
Dewgong (Shadow),81.8,87,water,ice,101.9,136.8,157,2188567,28.5,1495,Ice Shard,Icy Wind,Drill Run,5,4,3,50000
Dodrio,81.8,85,normal,flying,143.7,98.4,110,1555409,23.5,1495,Peck,Drill Peck,Brave Bird,5,7,3,50000
Zapdos (Shadow),81.8,145,electric,flying,138.1,103.4,112,1599308,15,1488,Thunder Shock,Drill Peck,Heat Wave,5,5,20,100000
Blaziken (Shadow),81.7,257,fire,fighting,143.9,90.8,119,1554868,19.5,1496,Ember,Aura Sphere,Blaze Kick,5,4,3,10000
Grafaiai,81.7,945,poison,normal,134.2,107.8,115,1663677,24.5,1498,Scratch,Poison Fang,Foul Play,10,10,3,50000
Machoke (Shadow),81.7,67,fighting,none,126.7,97.3,143,1762891,27.5,1497,Karate Chop,Cross Chop,Dynamic Punch,4,5,3,50000
Bombirdier,81.6,962,flying,dark,127.8,117.2,117,1752445,22,1497,Sucker Punch,Fly,Drill Run,7,6,5,75000
Castform (Rainy),81.6,351,water,none,112.6,121.3,146,1994123,39.5,1500,Water Gun,Weather Ball (Water),Thunder,12,20,5,75000
Charizard,81.6,6,fire,flying,132.7,108.8,116,1674780,19,1497,Ember,Blast Burn,Air Cutter,6,5,3,10000
Grumpig (Shadow),81.6,326,psychic,none,113.3,131.4,132,1965166,23.5,1496,Psywave,Dynamic Punch,Mirror Coat,12,12,1,10000
Primarina,81.6,730,water,fairy,131.6,115.6,112,1703852,17,1499,Waterfall,Moonblast,Hydro Cannon,5,4,3,10000
Skarmory (Shadow),81.6,227,steel,flying,105.5,166.6,121,2126732,27,1500,Air Slash,Brave Bird,Drill Run,7,5,5,75000
Throh,81.6,538,fighting,none,110.2,107.7,171,2029520,22,1497,Low Kick,Brick Break,Body Slam,5,5,5,75000
Tinkatuff,81.6,958,fairy,steel,104.1,134.3,149,2083114,50,1474,Fairy Wind,Play Rough,Flash Cannon,7,8,3,75000
Fletchinder,81.5,662,fire,flying,123.3,102.6,143,1809033,47.5,1494,Peck,Fly,Heat Wave,6,6,1,10000
Hakamo-o,81.5,783,dragon,fighting,115.5,135.5,123,1924981,36.5,1497,Dragon Tail,Brick Break,Rock Tomb,4,5,5,75000
Volbeat,81.5,313,bug,none,111.4,136.2,133,2017966,33.5,1500,Infestation,Lunge,Thunderbolt,4,5,3,50000
Murkrow,81.4,198,dark,flying,143.1,81.1,135,1566730,41,1498,Peck,Drill Peck,Foul Play,5,5,3,50000
Pidgeot (Shadow),81.4,18,normal,flying,116.9,115.5,142,1917277,26.5,1499,Gust,Twister,Brave Bird,3,4,1,10000
Probopass,81.4,476,rock,steel,95.9,203,119,2316656,27.5,1490,Rock Throw,Rock Slide,Magnet Bomb,9,8,3,50000
Rufflet,81.4,627,normal,flying,126.7,92.1,152,1773699,46.5,1500,Peck,Brave Bird,Fly,7,6,5,75000
Solrock,81.4,338,rock,psychic,119.1,108.6,145,1875468,24,1496,Psywave,Weather Ball (Fire),Rock Slide,9,12,3,50000
Samurott (Shadow),81.3,503,water,none,128,100.9,136,1756467,19.5,1500,Fury Cutter,Hydro Cannon,Megahorn,10,14,3,10000
Altaria (Mega),81.2,334,dragon,fairy,126.2,128.4,109,1766245,17.5,1496,Dragon Breath,Moonblast,Flamethrower,13,14,1,10000
Machamp,81.2,68,fighting,none,135.4,98.6,124,1655455,18,1497,Karate Chop,Cross Chop,Rock Slide,4,5,3,50000
Scizor (Shadow),81.2,212,bug,steel,137.8,112,105,1620528,18.5,1498,Fury Cutter,Night Slash,Trailblaze,9,12,5,75000
Zeraora,81.2,807,electric,none,138.3,101,114,1592386,15.5,1484,Volt Switch,Plasma Fists,Dynamic Punch,3,3,20,100000
Cradily (Shadow),81.1,346,rock,grass,105.2,140.3,144,2125377,25.5,1496,Acid,Rock Tomb,Grass Knot,7,7,3,50000
Electivire (Shadow),81.1,466,electric,none,143.3,100.8,108,1560021,18,1496,Thunder Shock,Ice Punch,Wild Charge,5,5,5,75000
Gyarados,81.1,130,water,flying,130.7,108.5,120,1701714,16.5,1496,Dragon Breath,Aqua Tail,Twister,9,10,1,10000
Lunatone,81,337,rock,psychic,119.1,108.6,145,1875468,24,1496,Psywave,Weather Ball (Ice),Rock Slide,9,12,3,50000
Amaura (Shadow),80.9,698,rock,ice,114.2,104.1,165,1961556,50,1498,Powder Snow,Weather Ball (Ice),Thunderbolt,5,7,5,75000
Regirock,80.9,377,rock,none,104.5,179.9,114,2143149,17.5,1500,Lock On,Stone Edge,Focus Blast,11,15,20,100000
Houndoom,80.8,229,dark,fire,139.5,97.3,118,1601655,21,1499,Incinerate,Foul Play,Trailblaze,2,3,3,50000
Toxtricity,80.8,849,electric,poison,141.2,95.4,118,1589517,21.5,1499,Acid,Wild Charge,Swift,6,5,5,75000
Typhlosion (Shadow),80.8,157,fire,none,132.7,108.8,116,1674780,19,1497,Incinerate,Blast Burn,Thunder Punch,3,2,3,10000
Vespiquen,80.8,416,bug,flying,108.8,143.4,132,2059453,28,1497,Fury Cutter,X-Scissor,Power Gem,10,13,3,50000
Scizor,80.7,212,bug,steel,137.8,112,105,1620528,18.5,1498,Fury Cutter,Night Slash,Trailblaze,9,12,5,75000
Zapdos,80.7,145,electric,flying,135.6,104.6,115,1631132,15.5,1491,Thunder Shock,Drill Peck,Heat Wave,5,5,20,100000
Fletchinder (Shadow),80.6,662,fire,flying,123.3,102.6,143,1809033,47.5,1494,Peck,Fly,Heat Wave,6,6,1,10000
Latias (Shadow),80.6,380,dragon,psychic,126.7,135.1,103,1763069,15.5,1498,Dragon Breath,Aura Sphere,Mist Ball,10,15,20,100000
Ledian (Shadow),80.6,166,bug,flying,101.3,162.4,133,2187999,49.5,1494,Rollout,Dynamic Punch,Acrobatics,4,5,1,10000
Blaziken,80.5,257,fire,fighting,143.9,90.8,119,1554868,19.5,1496,Ember,Aura Sphere,Blast Burn,5,6,3,10000
Centiskorch,80.5,851,fire,bug,128.7,99.4,136,1739818,18.5,1500,Ember,Lunge,Heat Wave,5,5,5,75000
Gyarados (Shadow),80.5,130,water,flying,130.7,108.5,120,1701714,16.5,1496,Dragon Breath,Aqua Tail,Twister,9,10,1,10000
Whimsicott,80.5,547,grass,fairy,118.7,135,117,1874867,28,1497,Fairy Wind,Seed Bomb,Moonblast,5,6,1,10000
Grimmsnarl,80.4,861,dark,fairy,136.2,90.8,133,1644806,19.5,1498,Sucker Punch,Foul Play,Draining Kiss,6,8,5,50000
Hawlucha,80.4,701,fighting,flying,127.4,107.6,128,1754655,23,1495,Low Kick,Flying Press,Aerial Ace,5,6,5,75000
Mightyena (Shadow),80.4,262,dark,none,125.8,105.7,133,1768509,29,1495,Sucker Punch,Crunch,Poison Fang,7,6,1,10000
Nidoqueen (Shadow),80.4,31,poison,ground,116.5,118.4,139,1917310,22.5,1496,Mud Slap,Earth Power,Poison Fang,5,4,3,50000
Throh (Shadow),80.4,538,fighting,none,110.2,107.7,171,2029520,22,1497,Low Kick,Brick Break,Body Slam,5,5,5,75000
Trevenant (Shadow),80.4,709,ghost,grass,127.8,104.6,131,1751192,22,1499,Shadow Claw,Shadow Ball,Foul Play,7,5,5,75000
Trumbeak,80.4,732,normal,flying,134,93.2,134,1673499,48.5,1497,Peck,Drill Peck,Rock Blast,5,5,1,10000
Bellossom,80.3,182,grass,none,115,132.2,128,1945984,24.5,1497,Acid,Leaf Blade,Dazzling Gleam,5,7,3,50000
Dewott (Shadow),80.3,502,water,none,124.1,99.7,146,1806424,35,1498,Fury Cutter,Aqua Tail,X-Scissor,9,10,3,10000
Gliscor,80.3,472,ground,flying,115.6,144.3,116,1935005,21,1497,Wing Attack,Night Slash,Acrobatics,5,7,5,75000
Jirachi,80.3,385,steel,psychic,120.4,119.3,129,1852920,16.5,1497,Confusion,Doom Desire,Aura Sphere,3,3,20,100000
Primeape (Shadow),80.3,57,fighting,none,138.7,100.1,116,1610529,24,1497,Karate Chop,Rage Fist,Ice Punch,5,5,3,50000
Gogoat,80.2,673,grass,none,119.7,94.9,165,1874322,19.5,1498,Vine Whip,Leaf Blade,Rock Slide,5,6,3,50000
Pangoro,80.2,675,fighting,dark,133.9,93.7,133,1668675,19,1500,Karate Chop,Close Combat,Night Slash,5,4,3,50000
Starmie (Shadow),80.2,121,water,psychic,133.1,122,104,1688773,21.5,1499,Psywave,Aqua Jet,Power Gem,10,13,3,50000
Swanna,80.2,581,water,flying,128.5,101,133,1726141,26.5,1494,Gust,Aqua Jet,Fly,3,4,3,50000
Abomasnow (Mega),80.1,460,grass,ice,130.9,110.1,118,1700627,16,1495,Powder Snow,Weather Ball (Ice),Energy Ball,5,6,3,50000
Gallade (Shadow),80.1,475,psychic,fighting,136.5,115.5,104,1639638,18,1497,Psycho Cut,Leaf Blade,Sacred Sword,4,4,5,75000
Hypno,80.1,97,psychic,none,103.4,143,147,2173571,27,1499,Confusion,Shadow Ball,Thunder Punch,4,3,3,50000
Mamoswine (Shadow),80.1,473,ice,ground,136.2,87.4,138,1642735,16.5,1500,Powder Snow,Icicle Spear,High Horsepower,5,7,3,50000
Pawmot,80.1,923,electric,fighting,145,95.4,111,1535463,21,1498,Thunder Shock,Brick Break,Wild Charge,5,5,3,75000
Typhlosion,80.1,157,fire,none,132.7,108.8,116,1674780,19,1497,Incinerate,Blast Burn,Thunder Punch,3,2,3,10000
Victreebel,80.1,71,grass,poison,135.1,93.5,131,1654772,23,1496,Sucker Punch,Leaf Blade,Sludge Bomb,5,8,3,50000
Wobbuffet,80.1,202,psychic,none,63,101.6,333,2131466,50,1159,Counter,Mirror Coat,Return,8,12,3,50000
Aggron (Mega),80,306,steel,none,122.8,165.7,90,1831316,13,1499,Metal Sound,Meteor Beam,Brick Break,8,5,1,10000
Amaura,80,698,rock,ice,114.2,104.1,165,1961556,50,1498,Powder Snow,Weather Ball (Ice),Thunderbolt,5,7,5,75000
Arbok (Shadow),80,24,poison,none,123.7,120.1,122,1812477,29,1498,Acid,Brutal Swing,Wrap,5,6,3,50000
Arctibax,80,997,dragon,ice,122.8,98.5,151,1826466,27,1498,Dragon Breath,Avalanche,Dragon Claw,12,13,5,75000
Charizard (Mega X),80,6,fire,dragon,140.9,115.5,98,1594847,14.5,1500,Dragon Breath,Blast Burn,Air Cutter,13,10,3,10000
Magnemite (Shadow),80,81,electric,steel,147.8,113.6,90,1511107,49,1495,Volt Switch,Magnet Bomb,Discharge,3,3,3,50000
Qwilfish,80,211,water,poison,131.1,105.4,123,1699607,27,1495,Poison Sting,Aqua Tail,Shadow Ball,4,6,3,50000
Bellossom (Shadow),79.9,182,grass,none,115,132.2,128,1945984,24.5,1497,Acid,Leaf Blade,Dazzling Gleam,5,7,3,50000
Cetoddle,79.9,974,ice,none,112.6,79.8,213,1913907,50,1469,Powder Snow,Avalanche,Body Slam,6,5,3,50000
Claydol,79.9,344,ground,psychic,103.5,172.5,121,2160304,29,1498,Mud Slap,Rock Tomb,Shadow Ball,5,5,3,50000
Nidorina,79.9,30,poison,none,110.9,113.4,157,1974441,50,1480,Poison Sting,Poison Fang,Thunderbolt,5,7,3,50000
Skuntank,79.9,435,poison,dark,121.7,95.2,157,1818977,23.5,1492,Poison Jab,Crunch,Trailblaze,7,7,3,50000
Starmie,79.9,121,water,psychic,133.1,122,104,1688773,21.5,1499,Psywave,Aqua Jet,Power Gem,10,13,3,50000
Teddiursa (Shadow),79.9,216,normal,none,131.5,90.5,142,1689907,49.5,1492,Scratch,Swift,Cross Chop,9,9,3,50000
Amoonguss (Shadow),79.8,591,grass,poison,109.3,105.9,177,2048752,26.5,1497,Astonish,Grass Knot,Foul Play,5,4,3,50000
Armarouge,79.8,936,fire,psychic,132.1,109.5,117,1692399,17,1496,Incinerate,Psyshock,Heat Wave,2,3,5,50000
Audino,79.8,531,normal,none,92.6,137.7,189,2409943,38,1497,Charge Beam,Body Slam,Disarming Voice,4,5,3,50000
Hippopotas,79.8,449,ground,none,115.1,111.7,152,1954214,50,1500,Sand Attack,Rock Tomb,Dig,13,13,3,50000
Munchlax,79.8,446,normal,none,103.1,96.5,218,2168915,30,1497,Tackle,Body Slam,Bulldoze,14,19,5,10000
Salamence (Shadow),79.8,373,dragon,flying,143.4,93.1,116,1548663,14.5,1496,Dragon Tail,Fly,Brutal Swing,4,3,5,75000
Gurdurr (Shadow),79.7,533,fighting,none,125.3,100.1,143,1793582,26,1499,Low Kick,Brick Break,Stone Edge,5,7,5,75000
Lileep,79.7,345,rock,grass,100.8,138.6,151,2109603,50,1459,Acid,Grass Knot,Ancient Power,7,6,3,50000
Lokix,79.7,920,bug,dark,132.8,104,122,1684966,24,1498,Sucker Punch,X-Scissor,Trailblaze,6,7,1,50000
Mightyena,79.7,262,dark,none,125.8,105.7,133,1768509,29,1495,Sucker Punch,Crunch,Poison Fang,7,6,1,10000
Klang,79.6,600,steel,none,114,137.7,125,1962225,31.5,1496,Metal Sound,Vise Grip,Thunderbolt,5,7,5,75000
Quaquaval,79.6,914,water,fighting,137.7,98.6,120,1629266,18,1498,Low Kick,Close Combat,Hydro Cannon,6,5,3,10000
Raichu (Mega Y),79.6,26,electric,none,174.4,85.4,86,1280863,14.5,1498,Thunder Shock,Brick Break,Trailblaze,5,5,1,10000
Registeel (Shadow),79.6,379,steel,none,95.4,188.9,127,2288675,23,1479,Lock On,Flash Cannon,Focus Blast,13,15,20,100000
Vikavolt (Shadow),79.6,738,bug,electric,144.1,96.6,111,1545127,17.5,1493,Volt Switch,X-Scissor,Discharge,3,3,1,10000
Dudunsparce,79.5,982,normal,none,116.1,98.6,169,1934621,20.5,1499,Bite,Drill Run,Body Slam,10,10,3,50000
Raticate (Alolan),79.5,20,dark,normal,107,130.1,150,2088105,36.5,1495,Bite,Crunch,Return,12,18,1,10000
Shiinotic,79.5,756,grass,fairy,116.5,134.2,123,1923019,31,1497,Astonish,Moonblast,Seed Bomb,5,4,3,50000
Ursaluna (Shadow),79.5,901,ground,normal,125.6,98.6,144,1783319,14.5,1499,Scratch,Thunder Punch,High Horsepower,10,14,3,50000
Croconaw (Shadow),79.4,159,water,none,117.7,120,135,1906740,35.5,1499,Scratch,Ice Punch,Water Pulse,10,13,3,10000
Gliscor (Shadow),79.4,472,ground,flying,115.6,144.3,116,1935005,21,1497,Wing Attack,Night Slash,Acrobatics,5,7,5,75000
Arbok,79.3,24,poison,none,123.7,120.1,122,1812477,29,1498,Acid,Brutal Swing,Wrap,5,6,3,50000
Kingambit,79.3,983,dark,steel,127.2,112,124,1766554,15.5,1499,Low Kick,Foul Play,Iron Head,5,7,5,75000
Magneton (Shadow),79.3,82,electric,steel,143.4,114.6,95,1561196,22,1497,Thunder Shock,Discharge,Magnet Bomb,5,5,3,50000
Poliwrath (Shadow),79.3,62,water,fighting,115.8,122,137,1935481,21.5,1499,Mud Shot,Icy Wind,Dynamic Punch,5,5,3,50000
Salazzle,79.3,758,poison,fire,147,91.2,114,1528330,22.5,1499,Incinerate,Poison Fang,Dragon Pulse,2,3,3,50000
Toedscruel,79.3,949,ground,grass,108.9,143.5,131,2047157,23,1494,Mud Slap,Seed Bomb,Earth Power,4,5,3,50000
Aipom (Shadow),79.2,190,normal,none,124.3,106.7,135,1790479,50,1492,Scratch,Swift,Aerial Ace,9,12,3,50000
Genesect,79.2,649,bug,steel,141,111.6,100,1573560,16,1496,Fury Cutter,X-Scissor,Magnet Bomb,10,10,20,100000
Hypno (Shadow),79.2,97,psychic,none,103.4,143,147,2173571,27,1499,Confusion,Thunder Punch,Ice Punch,3,3,3,50000
Magnezone,79.2,462,electric,steel,134.3,121.1,102,1658900,17,1495,Volt Switch,Wild Charge,Mirror Shot,3,3,3,50000
Nidoking,79.1,34,poison,ground,129.4,105.3,127,1730479,21.5,1499,Poison Sting,Avalanche,Earth Power,5,6,3,50000
Swanna (Shadow),79.1,581,water,flying,128.5,101,133,1726141,26.5,1494,Gust,Aqua Jet,Fly,3,4,3,50000
Ursaring (Shadow),79.1,217,normal,none,139.6,91.3,126,1605930,18.5,1499,Shadow Claw,Close Combat,Swift,6,5,3,50000
Wailmer,79.1,320,water,none,116.5,68.2,242,1922763,48.5,1497,Rollout,Scald,Body Slam,4,4,1,10000
Ariados,79,168,bug,poison,124.2,103.9,140,1806613,33.5,1497,Poison Sting,Lunge,Foul Play,5,5,1,10000
Cresselia (Shadow),79,488,psychic,none,92,159,160,2340480,19,1467,Psycho Cut,Grass Knot,Moonblast,6,6,20,100000
Bastiodon (Shadow),78.9,411,rock,steel,80.6,247.6,138,2754005,46.5,1495,Smack Down,Stone Edge,Flamethrower,7,7,5,75000
Drifblim (Shadow),78.9,426,ghost,flying,119.1,75.7,209,1884317,23.5,1498,Astonish,Icy Wind,Shadow Ball,5,5,5,75000
Gyarados (Mega),78.9,130,water,dark,134.5,118.6,104,1658977,11.5,1495,Dragon Breath,Aqua Tail,Crunch,9,12,1,10000
Scizor (Mega),78.9,212,bug,steel,138.9,127.6,91,1612851,13.5,1499,Fury Cutter,Night Slash,Trailblaze,9,12,5,75000
Aipom,78.8,190,normal,none,124.3,106.7,135,1790479,50,1492,Scratch,Swift,Aerial Ace,9,12,3,50000
Palkia (Shadow),78.8,484,water,dragon,140.3,109.9,100,1541897,13.5,1471,Dragon Breath,Aqua Tail,Draco Meteor,9,17,20,100000
Servine,78.8,496,grass,none,105.8,140.2,141,2091476,50,1492,Vine Whip,Grass Knot,Wrap,7,6,3,10000
Spinda,78.8,327,normal,none,110,110,142,1718200,50,1378,Sucker Punch,Rock Tomb,Icy Wind,8,7,3,50000
Tentacruel (Shadow),78.8,73,water,poison,108.9,143.5,131,2047157,23,1494,Acid,Scald,Payback,7,8,3,50000
Victini,78.8,494,psychic,fire,120.4,119.3,129,1852920,16.5,1497,Confusion,V-Create,Psyshock,3,3,20,100000
Electrode (Shadow),78.7,101,electric,none,122.8,126.3,117,1814628,27,1498,Volt Switch,Discharge,Foul Play,3,3,3,50000
Golbat,78.7,42,poison,flying,117.6,116.2,139,1899452,28.5,1498,Wing Attack,Poison Fang,Shadow Ball,5,7,1,10000
Oinkologne,78.7,916,normal,none,117.6,101.5,159,1897888,21.5,1494,Take Down,Body Slam,Trailblaze,5,5,1,10000
Electrode,78.6,101,electric,none,122.8,126.3,117,1814628,27,1498,Volt Switch,Discharge,Foul Play,3,3,3,50000
Incineroar,78.6,727,fire,dark,125.2,109.1,130,1775712,18.5,1496,Fire Fang,Brutal Swing,Blast Burn,6,9,3,10000
Naclstack,78.6,933,rock,none,100.8,147,142,2104099,50,1460,Mud Shot,Rock Tomb,Rock Blast,6,5,5,50000
Samurott (Hisuian),78.6,503,water,dark,132.6,96.8,132,1694310,20,1498,Fury Cutter,Sacred Sword,Dark Pulse,9,12,3,10000
Squawkabilly,78.6,931,normal,flying,133.6,84.8,147,1665404,28,1492,Peck,Brave Bird,Fly,7,6,3,75000
Camerupt,78.5,323,fire,ground,133.5,100.5,125,1677094,25.5,1498,Incinerate,Earth Power,Rock Tomb,3,3,3,50000
Charizard (Mega Y),78.5,6,fire,flying,151.3,105,93,1477445,12,1495,Ember,Blast Burn,Air Cutter,6,5,3,10000
Chesnaught (Mega),78.5,652,grass,fighting,120.7,145.2,105,1840192,13.5,1497,Low Kick,Thunder Punch,Superpower,5,5,3,10000
Crobat,78.5,169,poison,flying,121.2,118.1,129,1846470,21,1500,Gust,Air Cutter,Poison Fang,3,3,1,10000
Dragonite,78.5,149,dragon,flying,135.8,107.3,113,1646561,14.5,1498,Dragon Breath,Thunder Punch,Superpower,10,10,5,75000
Latias (Mega),78.5,380,dragon,psychic,133.1,138.1,91,1672681,11.5,1495,Dragon Breath,Aura Sphere,Mist Ball,10,15,20,100000
Pawniard,78.5,624,dark,steel,131.9,107.7,119,1690470,49,1495,Scratch,Night Slash,Iron Head,9,13,5,75000
Teddiursa,78.5,216,normal,none,131.5,90.5,142,1689907,49.5,1492,Scratch,Swift,Cross Chop,9,9,3,50000
Thundurus (Incarnate) (Shadow),78.5,642,electric,flying,148.1,95.5,107,1513360,16.5,1499,Thunder Shock,Thunder Punch,Brick Break,5,5,20,100000
Whiscash,78.5,340,water,ground,107.5,108.2,178,2070407,27,1492,Mud Shot,Mud Bomb,Scald,5,6,1,10000
Conkeldurr (Shadow),78.4,534,fighting,none,134,93.9,133,1673486,16.5,1499,Force Palm,Dynamic Punch,Brutal Swing,5,4,5,75000
Drifblim,78.4,426,ghost,flying,119.1,75.7,209,1884317,23.5,1498,Hex,Icy Wind,Shadow Ball,4,4,5,75000
Galvantula,78.4,596,bug,electric,138.2,96.4,122,1625343,25.5,1498,Volt Switch,Discharge,Lunge,3,3,3,50000
Gurdurr,78.4,533,fighting,none,125.3,100.1,143,1793582,26,1499,Low Kick,Brick Break,Stone Edge,5,7,5,75000
Probopass (Shadow),78.4,476,rock,steel,97.3,198.8,118,2282502,27.5,1496,Rock Throw,Rock Slide,Magnet Bomb,9,8,3,50000
Trevenant,78.4,709,ghost,grass,127.8,104.6,131,1751192,22,1499,Shadow Claw,Seed Bomb,Shadow Ball,5,7,5,75000
Froslass,78.3,478,ice,ghost,122.5,114.8,130,1828190,27.5,1497,Powder Snow,Avalanche,Shadow Ball,6,7,3,50000
Nidorina (Shadow),78.3,30,poison,none,110.9,113.4,157,1974441,50,1480,Poison Sting,Poison Fang,Dig,5,6,3,50000
Uxie,78.3,480,psychic,none,102.1,176,122,2192291,22,1497,Confusion,Swift,Thunder,3,5,20,100000
Claydol (Shadow),78.2,344,ground,psychic,103.5,172.5,121,2160304,29,1498,Mud Slap,Rock Tomb,Shadow Ball,5,5,3,50000
Drampa,78.2,780,normal,dragon,136.8,104.2,115,1639274,19,1499,Dragon Breath,Swift,Dragon Pulse,9,14,5,75000
Mew,78.2,151,psychic,none,120.4,119.3,129,1852920,16.5,1497,Shadow Claw,Wild Charge,Psyshock,6,5,20,100000
Sandshrew (Alolan) (Shadow),78.2,27,ice,steel,117.6,121,127,1807159,50,1461,Powder Snow,Night Slash,Gyro Ball,5,7,3,50000
Dachsbun,78.1,927,fairy,none,113.4,156,112,1981325,26.5,1499,Charm,Psychic Fangs,Play Rough,5,8,3,50000
Magnezone (Shadow),78.1,462,electric,steel,134.3,121.1,102,1658900,17,1495,Volt Switch,Wild Charge,Mirror Shot,3,3,3,50000
Serperior,78.1,497,grass,none,110.2,142.3,130,2038590,25,1499,Vine Whip,Frenzy Plant,Aerial Ace,6,6,3,10000
Togedemaru,78.1,777,electric,steel,132.2,107.2,120,1700621,25.5,1500,Thunder Shock,Fell Stinger,Wild Charge,4,5,3,50000
Urshifu (Single Strike),78.1,892,fighting,dark,136.5,97.7,121,1613662,15,1487,Sucker Punch,Brick Break,Dynamic Punch,6,7,20,100000
Ampharos (Mega),78,181,electric,dragon,143.5,105,104,1567020,13,1499,Volt Switch,Brutal Swing,Trailblaze,3,3,5,75000
Orbeetle,78,826,bug,psychic,107.9,168.6,113,2055689,25.5,1495,Psycho Cut,Psyshock,Bug Buzz,5,7,1,10000
Primeape,78,57,fighting,none,138.7,100.1,116,1610529,24,1497,Karate Chop,Rage Fist,Ice Punch,5,5,3,50000
Shiinotic (Shadow),78,756,grass,fairy,116.5,134.2,123,1923019,31,1497,Astonish,Moonblast,Seed Bomb,5,4,3,50000
Timburr,78,532,fighting,none,125.2,85.7,164,1759661,50,1487,Low Kick,Brick Break,Rock Tomb,5,7,5,75000
Marshtomp,77.9,259,water,ground,119.8,111.5,140,1870078,34.5,1497,Mud Shot,Surf,Sludge,5,5,3,10000
Steelix (Mega),77.9,208,steel,ground,112.2,175.8,101,1992201,15,1497,Thunder Fang,Psychic Fangs,Crunch,6,8,5,75000
Swampert (Mega),77.9,260,water,ground,135.5,108.6,112,1648114,12.5,1496,Mud Shot,Hydro Cannon,Earthquake,5,8,3,10000
Golbat (Shadow),77.8,42,poison,flying,117.6,116.2,139,1899452,28.5,1498,Wing Attack,Poison Fang,Shadow Ball,5,7,1,10000
Kangaskhan,77.8,115,normal,none,114.5,110.8,153,1941050,21.5,1493,Low Kick,Brick Break,Crunch,5,6,3,50000
Latios (Shadow),77.8,381,dragon,psychic,140.4,112.9,99,1569265,14,1487,Dragon Breath,Aura Sphere,Luster Purge,10,15,20,100000
Marshtomp (Shadow),77.8,259,water,ground,120.4,111.4,139,1864346,33.5,1499,Mud Shot,Surf,Sludge,5,5,3,10000
Ursaring,77.8,217,normal,none,139.6,91.3,126,1605930,18.5,1499,Shadow Claw,Close Combat,Swift,6,5,3,50000
Wailord,77.8,321,water,none,118.3,67.4,237,1889701,24.5,1496,Rollout,Surf,Return,4,6,1,10000
Conkeldurr,77.7,534,fighting,none,134,93.9,133,1673486,16.5,1499,Force Palm,Dynamic Punch,Brutal Swing,5,4,5,75000
Meganium,77.7,154,grass,none,110.8,139,131,2017557,23,1496,Vine Whip,Frenzy Plant,Earthquake,6,9,3,10000
Vullaby,77.7,629,dark,flying,100.8,129.4,157,2047833,50,1436,Feint Attack,Brave Bird,Foul Play,10,7,5,75000
Delphox,77.6,655,fire,psychic,132.6,115.6,110,1686142,18,1498,Scratch,Psyshock,Blast Burn,10,13,3,10000
Gallade,77.6,475,psychic,fighting,136.5,115.5,104,1639638,18,1497,Psycho Cut,Leaf Blade,Sacred Sword,4,4,5,75000
Nidoking (Shadow),77.6,34,poison,ground,129.4,105.3,127,1730479,21.5,1499,Poison Sting,Avalanche,Earth Power,5,6,3,50000
Skeledirge,77.6,911,fire,ghost,121.2,109.7,139,1848094,18.5,1499,Incinerate,Torch Song,Shadow Ball,3,3,3,10000
Tropius,77.6,357,grass,flying,101.4,128,170,2206464,29,1497,Air Slash,Leaf Blade,Brutal Swing,4,4,5,75000
Drilbur (Shadow),77.5,529,ground,none,139.4,81.5,141,1601915,50,1498,Scratch,Drill Run,Rock Tomb,10,13,3,50000
Farfetch'd,77.5,83,normal,flying,116.8,109.2,131,1670847,50,1397,Fury Cutter,Leaf Blade,Aerial Ace,9,12,3,50000
Lurantis,77.5,754,grass,none,126.2,117.9,119,1770599,23,1495,Leafage,Leaf Blade,Superpower,5,5,3,50000
Noctowl (Shadow),77.5,164,normal,flying,105.3,120.1,168,2124617,28,1500,Wing Attack,Sky Attack,Shadow Ball,7,7,1,10000
Sandslash,77.5,28,ground,none,120.4,123,125,1851150,23.5,1496,Sand Attack,Rock Tomb,Night Slash,13,9,3,50000
Farfetch'd (Galarian),77.4,83,fighting,none,137.6,99.7,119,1632528,37,1499,Fury Cutter,Leaf Blade,Brick Break,9,10,3,50000
Garganacl,77.4,934,rock,none,105.8,137.2,145,2104785,20.5,1492,Mud Shot,Rock Tomb,Rock Blast,6,5,5,50000
Persian (Alolan),77.4,53,dark,none,122.4,112.6,132,1819256,34,1497,Scratch,Foul Play,Play Rough,10,15,3,50000
Slowbro,77.4,80,water,psychic,113.4,120.9,144,1974249,22,1500,Confusion,Drain Punch,Ice Beam,3,4,3,50000
Timburr (Shadow),77.4,532,fighting,none,125.2,85.7,164,1759661,50,1487,Low Kick,Brick Break,Rock Tomb,5,7,5,75000
Venusaur (Shadow),77.4,3,grass,poison,122.1,122.1,123,1833734,20.5,1498,Vine Whip,Frenzy Plant,Sludge,6,5,3,10000
Barbaracle,77.3,689,rock,water,120.9,133,115,1849166,20.5,1498,Fury Cutter,Cross Chop,Stone Edge,9,14,3,50000
Chesnaught,77.3,652,grass,fighting,119.3,126.9,123,1862118,19,1496,Low Kick,Frenzy Plant,Superpower,6,5,3,10000
Crobat (Shadow),77.3,169,poison,flying,121.2,118.1,129,1846470,21,1500,Gust,Air Cutter,Poison Fang,3,3,1,10000
Electivire,77.3,466,electric,none,143.3,100.8,108,1560021,18,1496,Thunder Shock,Ice Punch,Wild Charge,5,5,5,75000
Hitmonlee (Shadow),77.3,106,fighting,none,141.8,118.9,94,1584842,21.5,1499,Low Kick,Blaze Kick,Brick Break,5,5,5,75000
Staraptor (Mega),77.3,398,fighting,flying,140.3,108.9,104,1588982,13.5,1496,Wing Attack,Close Combat,Heat Wave,6,6,1,10000
Aerodactyl (Shadow),77.2,142,rock,flying,134.4,103.3,120,1666022,20,1497,Dragon Breath,Rock Slide,Brutal Swing,12,9,5,75000
Magneton,77.2,82,electric,steel,143.4,114.6,95,1561196,22,1497,Volt Switch,Magnet Bomb,Discharge,3,3,3,50000
Mamoswine,77.2,473,ice,ground,136.2,87.4,138,1642735,16.5,1500,Powder Snow,Icicle Spear,High Horsepower,5,7,3,50000
Tapu Fini,77.2,788,water,fairy,115.8,158.2,105,1923554,20,1492,Water Gun,Surf,Nature's Madness,15,17,20,100000
Muk,77.1,89,poison,none,115.8,111.6,148,1912645,20,1488,Poison Jab,Thunder Punch,Dark Pulse,6,7,3,50000
Sandshrew (Alolan),77.1,27,ice,steel,117.6,121,127,1807159,50,1461,Powder Snow,Night Slash,Gyro Ball,5,7,3,50000
Venusaur,77.1,3,grass,poison,122.1,122.1,123,1833734,20.5,1498,Vine Whip,Frenzy Plant,Sludge,6,5,3,10000
Gengar (Shadow),77,94,ghost,poison,154.3,95.5,98,1444094,19,1495,Shadow Claw,Shadow Punch,Dark Pulse,5,6,3,50000
Hippopotas (Shadow),77,449,ground,none,115.1,111.7,152,1954214,50,1500,Sand Attack,Rock Tomb,Dig,13,13,3,50000
Slowking (Galarian),77,199,poison,psychic,117.3,117.9,138,1908494,20.5,1498,Acid,Psyshock,Shadow Ball,5,7,3,50000
Zoroark (Hisuian),77,571,normal,ghost,163.4,87.5,96,1372560,21,1498,Shadow Claw,Swift,Shadow Ball,5,7,5,75000
Blacephalon,76.9,806,fire,ghost,173.6,88.4,84,1289084,16.5,1496,Incinerate,Mind Blown,Shadow Ball,2,3,20,100000
Flygon (Shadow),76.9,330,ground,dragon,127.9,109.5,125,1750631,21,1499,Dragon Tail,Sand Tomb,Twister,4,4,5,75000
Glalie,76.9,362,ice,none,115.2,120.8,140,1948262,27,1498,Rollout,Avalanche,Shadow Ball,4,4,3,50000
Heracross,76.9,214,bug,fighting,134.6,108.4,114,1663333,17.5,1499,Fury Cutter,Upper Hand,Rock Tomb,10,13,3,50000
Starmie (Mega),76.9,121,water,psychic,144.8,124.1,86,1545392,15,1499,Psywave,Ice Beam,Power Gem,14,13,3,50000
Avalugg (Hisuian),76.8,713,ice,rock,116.4,135.1,122,1918528,16,1495,Powder Snow,Rock Slide,Icy Wind,6,6,3,50000
Whiscash (Shadow),76.8,340,water,ground,107.5,108.2,178,2070407,27,1492,Mud Shot,Mud Bomb,Scald,5,6,1,10000
Salamence (Mega),76.7,373,dragon,flying,139.1,114.7,101,1611432,11,1497,Dragon Tail,Fly,Brutal Swing,4,3,5,75000
Dhelmise,76.6,781,ghost,grass,139.7,109.3,105,1603267,20,1496,Shadow Claw,Power Whip,Brutal Swing,7,5,5,50000
Grimer,76.6,88,poison,none,121,88.2,172,1835618,50,1491,Poison Jab,Sludge,Mud Bomb,6,7,3,50000
Latios,76.6,381,dragon,psychic,139.3,112.9,102,1604151,14.5,1495,Dragon Breath,Aura Sphere,Luster Purge,10,15,20,100000
Skuntank (Shadow),76.6,435,poison,dark,121.7,95.2,157,1818977,23.5,1492,Poison Jab,Crunch,Trailblaze,7,7,3,50000
Vikavolt,76.6,738,bug,electric,144.1,96.6,111,1545127,17.5,1493,Volt Switch,X-Scissor,Fly,3,3,1,10000
Blaziken (Mega),76.5,257,fire,fighting,160.8,88.1,98,1388315,13,1495,Ember,Aura Sphere,Blaze Kick,5,4,3,10000
Furfrou,76.5,676,normal,none,115.5,125.1,134,1936173,26.5,1495,Take Down,Dark Pulse,Grass Knot,5,6,5,75000
Hariyama (Shadow),76.5,297,fighting,none,125.6,76.1,186,1777818,19.5,1495,Force Palm,Upper Hand,Heavy Slam,4,5,3,50000
Lileep (Shadow),76.5,345,rock,grass,100.8,138.6,151,2109603,50,1459,Acid,Grass Knot,Ancient Power,7,6,3,50000
Magnemite,76.5,81,electric,steel,147.8,113.6,90,1511107,49,1495,Volt Switch,Magnet Bomb,Discharge,3,3,3,50000
Sceptile (Shadow),76.5,254,grass,none,135.6,109.3,111,1645140,20,1498,Fury Cutter,Leaf Blade,Breaking Swipe,9,13,3,10000
Flygon,76.4,330,ground,dragon,127.9,109.5,125,1750631,21,1499,Dragon Tail,Sand Tomb,Twister,4,4,5,75000
Delphox (Mega),76.3,655,fire,psychic,152.2,112.8,86,1476462,11.5,1499,Scratch,Blast Burn,Psyshock,13,10,3,10000
Frillish,76.3,592,water,ghost,109.2,125.2,135,1845698,50,1420,Hex,Night Shade,Ice Beam,4,5,3,50000
Illumise,76.3,314,bug,none,111.4,136.2,133,2017966,33.5,1500,Infestation,Silver Wind,Shadow Ball,4,5,3,50000
Salamence,76.3,373,dragon,flying,143.4,93.1,116,1548663,14.5,1496,Dragon Tail,Fly,Brutal Swing,4,3,5,75000
Camerupt (Shadow),76.2,323,fire,ground,133.5,100.5,125,1677094,25.5,1498,Incinerate,Earth Power,Rock Tomb,3,3,3,50000
Litleo,76.2,667,fire,normal,121.5,105.7,143,1836485,48.5,1498,Incinerate,Flame Charge,Crunch,3,3,3,10000
Venusaur (Mega),76.2,3,grass,poison,126.7,131.9,106,1771443,15,1498,Vine Whip,Frenzy Plant,Sludge,6,5,3,10000
Avalugg,76.1,713,ice,none,111.7,141.3,127,2004468,17.5,1498,Ice Fang,Avalanche,Body Slam,8,7,3,50000
Chesnaught (Shadow),76.1,652,grass,fighting,119.3,126.9,123,1862118,19,1496,Low Kick,Frenzy Plant,Superpower,6,5,3,10000
Excadrill (Shadow),76.1,530,ground,steel,142.6,78.7,140,1571167,17,1499,Mud Shot,Drill Run,Rock Slide,5,5,3,50000
Golurk (Shadow),76.1,623,ground,ghost,133.3,98.5,128,1680646,19.5,1500,Mud Slap,Shadow Punch,Dynamic Punch,4,5,5,75000
Pumpkaboo (Super),76.1,710,ghost,grass,111.7,113.4,141,1786016,50,1412,Astonish,Grass Knot,Foul Play,5,4,5,75000
Relicanth,76.1,369,water,rock,105.1,133.6,151,2120245,22.5,1497,Water Gun,Aqua Tail,Ancient Power,12,15,5,75000
Servine (Shadow),76.1,496,grass,none,105.8,140.2,141,2091476,50,1492,Vine Whip,Grass Knot,Wrap,7,6,3,10000
Girafarig,76,203,normal,psychic,130.3,101.6,130,1721002,27.5,1499,Confusion,Psychic Fangs,Trailblaze,3,4,3,50000
Grimer (Alolan),76,88,poison,dark,122.7,86.8,171,1821212,49,1495,Poison Jab,Crunch,Sludge Bomb,7,8,3,50000
Lampent (Shadow),76,608,ghost,fire,132.5,99,129,1692158,35,1499,Ember,Heat Wave,Energy Ball,5,5,5,75000
Victreebel (Mega),76,71,grass,poison,143,102.5,107,1568353,15.5,1499,Acid,Leaf Blade,Sludge Bomb,5,7,3,50000
Aerodactyl,75.9,142,rock,flying,134.4,103.3,120,1666022,20,1497,Dragon Breath,Rock Slide,Brutal Swing,12,9,5,75000
Delphox (Shadow),75.9,655,fire,psychic,132.6,115.6,110,1686142,18,1498,Scratch,Psyshock,Blast Burn,10,13,3,10000
Girafarig (Shadow),75.9,203,normal,psychic,130.3,101.6,130,1721002,27.5,1499,Confusion,Psychic Fangs,Trailblaze,3,4,3,50000
Kartana,75.9,798,grass,steel,169.1,99.3,79,1326539,15,1498,Fury Cutter,Leaf Blade,Sacred Sword,9,9,20,100000
Meowscarada,75.9,908,grass,dark,140.3,99,114,1583426,19.5,1496,Leafage,Night Slash,Frenzy Plant,5,6,3,10000
Galvantula (Shadow),75.8,596,bug,electric,138.2,96.4,122,1625343,25.5,1498,Volt Switch,Discharge,Lunge,3,3,3,50000
Articuno (Shadow),75.7,144,ice,flying,115.1,136.9,123,1938134,17.5,1496,Powder Snow,Triple Axel,Hurricane,6,8,20,100000
Quaxwell,75.7,913,water,none,125.4,103.5,138,1791088,34,1499,Wing Attack,Aqua Jet,Aerial Ace,5,6,3,10000
Wailmer (Shadow),75.7,320,water,none,116.5,68.2,242,1922763,48.5,1497,Rollout,Scald,Body Slam,4,4,1,10000
Garchomp (Shadow),75.6,445,dragon,ground,132.4,101.4,126,1691595,14,1499,Dragon Tail,Twister,Sand Tomb,4,4,5,75000
Hitmonlee,75.6,106,fighting,none,141.8,118.9,94,1584842,21.5,1499,Low Kick,Blaze Kick,Brick Break,5,5,5,75000
Kabutops (Shadow),75.6,141,rock,water,135.4,119.7,102,1653153,20.5,1497,Fury Cutter,Aqua Jet,Stone Edge,10,14,5,75000
Roserade,75.6,407,grass,poison,141.9,114.3,97,1573259,18.5,1499,Poison Sting,Weather Ball (Fire),Leaf Storm,4,7,3,50000
Slowbro (Shadow),75.6,80,water,psychic,113.4,120.9,144,1974249,22,1500,Confusion,Drain Punch,Ice Beam,3,4,3,50000
Thundurus (Incarnate),75.6,642,electric,flying,148.1,95.5,107,1513360,16.5,1499,Thunder Shock,Thunder Punch,Brick Break,5,5,20,100000
Larvesta,75.5,636,bug,fire,130.8,99.7,131,1708340,45.5,1498,Ember,Flame Wheel,Bug Buzz,5,7,5,75000
Lucario,75.5,448,fighting,steel,145.7,93.7,113,1542686,20.5,1499,Force Palm,Aura Sphere,Shadow Ball,4,5,5,75000
Aggron,75.4,306,steel,rock,116.6,155.7,106,1924390,18.5,1499,Metal Sound,Meteor Beam,Brick Break,8,5,1,10000
Xatu (Shadow),75.4,178,psychic,flying,132.2,107.9,119,1697461,25.5,1500,Peck,Psyshock,Aerial Ace,5,6,3,50000
Zygarde (50% Forme),75.4,718,dragon,ground,114.1,128.3,133,1946991,15.5,1493,Dragon Tail,Crunch,Bulldoze,4,5,20,100000
Froslass (Shadow),75.3,478,ice,ghost,122.5,114.8,130,1828190,27.5,1497,Powder Snow,Avalanche,Shadow Ball,6,7,3,50000
Garchomp,75.3,445,dragon,ground,132.4,101.4,126,1691595,14,1499,Dragon Tail,Twister,Sand Tomb,4,4,5,75000
Mismagius,75.3,429,ghost,none,131.6,123.6,104,1691639,21,1492,Psywave,Shadow Ball,Mystical Fire,13,12,3,50000
Muk (Shadow),75.3,89,poison,none,115.8,111.6,148,1912645,20,1488,Poison Jab,Dark Pulse,Thunder Punch,7,6,3,50000
Perrserker,75.3,863,steel,none,128.7,113.3,119,1735223,23,1499,Shadow Claw,Close Combat,Trailblaze,6,6,3,50000
Suicune,75.3,245,water,none,106.2,142.9,137,2079109,18.5,1487,Ice Fang,Bubble Beam,Scald,9,9,20,100000
Zebstrika (Shadow),75.3,523,electric,none,137.7,95.4,124,1628936,23,1499,Low Kick,Wild Charge,Discharge,6,5,3,50000
Drilbur,75.2,529,ground,none,139.4,81.5,141,1601915,50,1498,Scratch,Drill Run,Rock Tomb,10,13,3,50000
Machop (Shadow),75.2,66,fighting,none,127.7,81.5,157,1633985,50,1444,Karate Chop,Cross Chop,Brick Break,4,5,3,50000
Scrafty,75.2,560,dark,fighting,110.4,156.7,117,2024063,24.5,1494,Counter,Foul Play,Upper Hand,7,7,3,50000
Skarmory (Mega),75.2,227,steel,flying,142.4,123.1,90,1577650,14.5,1498,Air Slash,Brave Bird,Drill Run,7,5,5,75000
Graveler (Alolan),75.1,75,rock,electric,121.4,130.9,116,1843386,30,1497,Volt Switch,Stone Edge,Rock Blast,4,3,1,10000
Lugia (Shadow),75.1,249,psychic,flying,104.2,164.2,124,2121595,14.5,1489,Dragon Tail,Fly,Earth Power,4,5,20,100000
Toxicroak,75.1,454,poison,fighting,136.2,93.8,129,1648047,22.5,1499,Poison Sting,Dynamic Punch,Shadow Ball,5,6,3,50000
Beedrill (Shadow),75,15,bug,poison,127.1,106.5,130,1759700,30.5,1500,Poison Sting,X-Scissor,Drill Run,5,5,1,10000
Crawdaunt (Shadow),75,342,water,dark,144.7,98.3,108,1536193,22,1498,Waterfall,Night Slash,Scald,4,5,3,50000
Crocalor,75,910,fire,none,119.4,105.7,148,1867846,29,1494,Incinerate,Crunch,Flamethrower,3,3,3,10000
Grimer (Shadow),75,88,poison,none,122.7,86.8,171,1821212,49,1495,Poison Jab,Sludge,Mud Bomb,6,7,3,50000
Lairon,75,305,steel,rock,113.8,147.1,117,1958578,27,1499,Metal Sound,Rock Tomb,Body Slam,7,5,1,10000
Leavanny,75,542,bug,grass,129.4,110.2,121,1725445,21.5,1496,Shadow Claw,Leaf Blade,X-Scissor,5,5,1,10000
Reshiram (Shadow),75,643,dragon,fire,138.4,109,107,1614159,13.5,1497,Dragon Breath,Fusion Flare,Draco Meteor,12,17,20,100000
Toxicroak (Shadow),75,454,poison,fighting,136.2,93.8,129,1648047,22.5,1499,Poison Sting,Dynamic Punch,Shadow Ball,5,6,3,50000
Baxcalibur,74.9,998,dragon,ice,135.6,95.7,127,1648069,15.5,1498,Dragon Breath,Glaive Rush,Avalanche,10,12,5,75000
Decidueye (Hisuian),74.9,724,grass,fighting,126.9,109.4,127,1763123,19,1498,Psycho Cut,Energy Ball,Aura Sphere,5,5,3,10000
Ferrothorn,74.9,598,grass,steel,107.1,152.7,128,2093334,24.5,1498,Bullet Seed,Power Whip,Thunder,4,5,3,75000
Hariyama,74.9,297,fighting,none,125.6,76.1,186,1777818,19.5,1495,Force Palm,Upper Hand,Heavy Slam,4,5,3,50000
Braixen (Shadow),74.8,654,fire,none,130.5,106.9,123,1715905,31,1497,Ember,Psyshock,Flame Charge,5,6,3,10000
Kilowattrel,74.8,941,electric,flying,143.2,92.5,118,1563028,22.5,1499,Thunder Shock,Acrobatics,Aerial Ace,7,5,1,10000
Latios (Mega),74.8,381,dragon,psychic,150.2,110.8,89,1481152,11,1495,Dragon Breath,Aura Sphere,Luster Purge,10,15,20,100000
Sawk (Shadow),74.8,539,fighting,none,140.3,97.3,117,1597189,20,1497,Low Kick,Brick Break,Body Slam,5,5,5,75000
Emboar (Shadow),74.7,500,fire,fighting,137.8,80.4,146,1617552,18.5,1497,Ember,Blast Burn,Rock Slide,6,5,3,10000
Haunter,74.7,93,ghost,poison,161.1,85.5,101,1391179,28,1497,Shadow Claw,Shadow Punch,Ice Punch,5,5,3,50000
Machoke,74.7,67,fighting,none,126.7,97.3,143,1762891,27.5,1497,Karate Chop,Cross Chop,Return,4,8,3,50000
Zapdos (Galarian),74.7,145,fighting,flying,135.6,107.2,113,1642604,15.5,1496,Low Kick,Fly,Close Combat,6,6,20,100000
Druddigon,74.6,621,dragon,none,131.2,111.2,117,1706964,20.5,1498,Dragon Tail,Night Slash,Rock Tomb,3,5,5,75000
Golem (Alolan),74.6,76,rock,electric,125.1,122.2,116,1773318,19,1495,Volt Switch,Wild Charge,Rock Blast,3,3,1,10000
Honchkrow,74.6,430,dark,flying,149.9,68.9,145,1497576,20.5,1498,Peck,Brave Bird,Dark Pulse,7,6,3,50000
Slowbro (Mega),74.6,80,water,psychic,117.5,138.9,116,1893207,14.5,1497,Confusion,Drain Punch,Ice Beam,3,4,3,50000
Vaporeon,74.6,134,water,none,118.4,96.9,165,1893038,18,1498,Water Gun,Aqua Tail,Last Resort,12,19,5,75000
Comfey,74.5,764,fairy,none,116.2,157.5,105,1921658,26.5,1500,Vine Whip,Draining Kiss,Grass Knot,7,7,3,50000
Pumpkaboo (Large),74.5,710,ghost,grass,113.4,115.1,133,1735961,50,1405,Astonish,Grass Knot,Foul Play,5,4,5,75000
Excadrill,74.4,530,ground,steel,142.6,78.7,140,1571167,17,1499,Mud Shot,Drill Run,Rock Slide,5,5,3,50000
Golurk,74.4,623,ground,ghost,133.3,98.5,128,1680646,19.5,1500,Mud Slap,Shadow Punch,Dynamic Punch,4,5,5,75000
Grimer (Alolan) (Shadow),74.4,88,poison,dark,122.7,86.8,171,1821212,49,1495,Poison Jab,Crunch,Sludge Bomb,7,8,3,50000
Golem (Alolan) (Shadow),74.3,76,rock,electric,125.1,122.2,116,1773318,19,1495,Volt Switch,Wild Charge,Rock Blast,3,3,1,10000
Kabutops,74.3,141,rock,water,135.4,119.7,102,1653153,20.5,1497,Fury Cutter,Aqua Jet,Stone Edge,10,14,5,75000
Lampent,74.3,608,ghost,fire,132.5,99,129,1692158,35,1499,Ember,Heat Wave,Energy Ball,5,5,5,75000
Machop,74.3,66,fighting,none,127.7,81.5,157,1633985,50,1444,Karate Chop,Cross Chop,Brick Break,4,5,3,50000
Sandslash (Shadow),74.3,28,ground,none,120.4,123,125,1851150,23.5,1496,Sand Attack,Rock Tomb,Night Slash,13,9,3,50000
Sceptile,74.3,254,grass,none,135.6,109.3,111,1645140,20,1498,Fury Cutter,Leaf Blade,Breaking Swipe,9,13,3,10000
Sirfetch'd,74.3,865,fighting,none,144.7,108,99,1547132,18.5,1498,Fury Cutter,Leaf Blade,Close Combat,9,12,3,50000
Tyranitar (Shadow),74.3,248,rock,dark,129.7,111.4,120,1733830,14.5,1499,Dragon Breath,Brutal Swing,Stone Edge,9,14,5,75000
Aggron (Shadow),74.2,306,steel,rock,116.6,155.7,106,1924390,18.5,1499,Metal Sound,Meteor Beam,Brick Break,8,5,1,10000
Barraskewda,74.2,847,water,none,159.6,85.2,103,1400586,20.5,1498,Peck,Aqua Jet,Close Combat,5,6,3,50000
Charmeleon (Shadow),74.2,5,fire,none,126.6,109.4,128,1772805,38.5,1499,Ember,Fire Punch,Flamethrower,5,7,3,10000
Emboar,74.2,500,fire,fighting,137.8,80.4,146,1617552,18.5,1497,Ember,Blast Burn,Rock Slide,6,5,3,10000
Lopunny (Mega),74.2,428,normal,fighting,145.9,116.4,90,1528448,14.5,1497,Low Kick,Triple Axel,Thunder Punch,6,5,3,50000
Medicham (Mega),74.2,308,fighting,psychic,131.5,121.5,106,1693589,22,1495,Psycho Cut,Dynamic Punch,Ice Punch,5,5,3,50000
Rayquaza,74.2,384,dragon,flying,147.5,89.5,115,1518144,14.5,1499,Dragon Tail,Breaking Swipe,Dragon Ascent,5,4,20,100000
Braixen,74.1,654,fire,none,130.5,106.9,123,1715905,31,1497,Ember,Psyshock,Flame Charge,5,6,3,10000
Rapidash (Galarian),74.1,78,psychic,fairy,133.6,111.4,112,1666900,22.5,1497,Fairy Wind,Body Slam,Wild Charge,5,5,3,50000
Scolipede,74.1,545,bug,poison,131.7,120.3,107,1695256,22.5,1494,Poison Sting,Aqua Tail,Megahorn,4,7,1,10000
Torterra,74.1,389,grass,ground,119.9,117,133,1865764,19,1497,Mud Slap,Frenzy Plant,Sand Tomb,5,5,3,10000
Tyranitar,74.1,248,rock,dark,129.7,111.4,120,1733830,14.5,1499,Dragon Breath,Brutal Swing,Stone Edge,9,14,5,75000
Wormadam (Plant),74.1,413,bug,grass,110,144.9,128,2040192,34.5,1499,Sucker Punch,Energy Ball,Bug Buzz,7,9,1,10000
Electabuzz,74,125,electric,none,130.8,113.1,115,1701250,24,1496,Thunder Shock,Thunder Punch,Return,5,8,5,75000
Beedrill,73.9,15,bug,poison,127.1,106.5,130,1759700,30.5,1500,Infestation,X-Scissor,Drill Run,4,4,1,10000
Bruxish,73.9,779,water,psychic,136.4,102.5,117,1635777,23,1494,Confusion,Aqua Tail,Psychic Fangs,3,3,3,50000
Escavalier,73.9,589,bug,steel,132.1,117.6,108,1677776,19,1494,Bug Bite,Drill Run,Razor Shell,14,12,3,50000
Magmar (Shadow),73.9,126,fire,none,135.1,107.6,113,1642654,23,1495,Ember,Fire Punch,Scorching Sands,5,6,5,75000
Magmortar (Shadow),73.9,467,fire,none,140.8,104.5,108,1589069,17.5,1498,Karate Chop,Fire Punch,Thunderbolt,5,7,5,75000
Palossand,73.9,770,ghost,ground,116.5,122.9,134,1918592,23,1497,Astonish,Shadow Ball,Earth Power,5,5,3,50000
Quilladin,73.9,651,grass,none,114.9,130.1,130,1943304,35,1495,Low Kick,Energy Ball,Body Slam,6,5,3,10000
Gabite,73.8,444,dragon,ground,128.7,102.4,132,1739612,30,1498,Mud Shot,Twister,Dig,5,6,5,75000
Graveler (Alolan) (Shadow),73.7,75,rock,electric,122.6,129.9,115,1831460,29.5,1500,Volt Switch,Stone Edge,Rock Blast,4,3,1,10000
Honchkrow (Shadow),73.7,430,dark,flying,149.9,68.9,145,1497576,20.5,1498,Peck,Brave Bird,Dark Pulse,7,6,3,50000
Regirock (Shadow),73.7,377,rock,none,105.7,178.4,111,2093114,17,1492,Lock On,Stone Edge,Focus Blast,11,15,20,100000
Suicune (Shadow),73.7,245,water,none,107.1,140,136,2039184,18,1477,Ice Fang,Bubble Beam,Scald,9,9,20,100000
Wormadam (Sandy),73.7,413,bug,ground,110,144.9,128,2040192,34.5,1499,Sucker Punch,Bulldoze,Bug Buzz,8,9,1,10000
Eelektrik,73.6,603,electric,none,122.3,110.1,136,1831271,35.5,1496,Acid,Discharge,Crunch,5,6,1,10000
Giratina (Origin),73.6,487,ghost,dragon,120,101.4,154,1873872,15,1500,Dragon Tail,Ominous Wind,Shadow Ball,4,5,20,100000
Scolipede (Shadow),73.6,545,bug,poison,131.7,120.3,107,1695256,22.5,1494,Poison Sting,Aqua Tail,X-Scissor,4,5,1,10000
Scyther (Shadow),73.6,123,bug,flying,134.8,109.4,113,1666425,20.5,1499,Fury Cutter,Night Slash,X-Scissor,9,10,5,75000
Dipplin,73.5,1011,grass,dragon,114.6,128.8,132,1948383,23.5,1498,Dragon Tail,Seed Bomb,Outrage,4,5,5,75000
Lugia,73.5,249,psychic,flying,102.4,167,127,2171802,15,1495,Dragon Tail,Earth Power,Aeroblast,5,7,20,100000
Fraxure (Shadow),73.4,611,dragon,none,144.2,91.5,118,1556927,25,1499,Dragon Tail,Aqua Tail,Night Slash,3,3,5,75000
Gengar,73.4,94,ghost,poison,154.3,95.5,98,1444094,19,1495,Shadow Claw,Shadow Punch,Dark Pulse,5,6,3,50000
Haxorus (Shadow),73.4,612,dragon,none,151.4,95.2,103,1484568,15.5,1499,Dragon Tail,Night Slash,Surf,3,4,5,75000
Magmar,73.4,126,fire,none,135.1,107.6,113,1642654,23,1495,Karate Chop,Fire Punch,Scorching Sands,5,6,5,75000
Pinsir (Shadow),73.4,127,bug,none,139.6,112.6,102,1603334,18.5,1497,Fury Cutter,Close Combat,X-Scissor,12,10,5,75000
Xatu,73.4,178,psychic,flying,132.2,107.9,119,1697461,25.5,1500,Peck,Psyshock,Aerial Ace,5,6,3,50000
Beedrill (Mega),73.3,15,bug,poison,165.1,86.6,95,1358278,16,1497,Infestation,Drill Run,Sludge Bomb,4,5,1,10000
Corvisquire,73.2,822,flying,none,118.1,104.7,153,1891856,49.5,1496,Peck,Sky Attack,Payback,7,8,1,10000
Kabuto (Shadow),73.2,140,rock,water,134.4,129.4,96,1669571,49,1497,Scratch,Aqua Jet,Rock Tomb,10,13,5,75000
Regice,73.2,378,ice,none,104.5,179.9,114,2143149,17.5,1500,Lock On,Blizzard,Thunder,15,12,20,100000
Slowbro (Galarian),73.2,80,poison,psychic,119.1,108.3,146,1883185,22.5,1499,Confusion,Drain Punch,Sludge Bomb,3,4,3,50000
Swoobat,73.2,528,psychic,flying,126.6,101.6,137,1762171,34.5,1498,Confusion,Fly,Psychic Fangs,4,3,1,10000
Aerodactyl (Mega),73.1,142,rock,flying,145.2,107.4,99,1543854,13.5,1498,Dragon Breath,Rock Slide,Brutal Swing,12,9,5,75000
Armaldo (Shadow),73.1,348,rock,bug,133.9,109.1,115,1679976,19.5,1500,Fury Cutter,Rock Blast,Liquidation,10,12,3,50000
Mismagius (Shadow),73.1,429,ghost,none,131.6,123.6,104,1691639,21,1492,Psywave,Shadow Ball,Mystical Fire,13,12,3,50000
Weezing,73.1,110,poison,none,117.5,140.2,116,1910926,25,1499,Rollout,Sludge Bomb,Dark Pulse,4,4,3,50000
Cacturne (Shadow),73,332,grass,dark,147.2,85,121,1513952,24,1497,Sucker Punch,Trailblaze,Dark Pulse,7,7,3,50000
Celesteela,73,797,steel,flying,119.5,120.6,130,1873521,18,1497,Air Slash,Body Slam,Iron Head,5,6,20,100000
Flapple,73,841,grass,dragon,138.1,100.1,117,1617386,22.5,1499,Dragon Breath,Seed Bomb,Dragon Pulse,10,14,5,75000
Gallade (Mega),73,475,psychic,fighting,152.7,112.9,85,1465386,12,1497,Low Kick,Sacred Sword,Leaf Blade,5,5,5,75000
Passimian,73,766,fighting,none,128.6,99.1,135,1720475,18,1493,Counter,Brutal Swing,Superpower,6,7,3,75000
Venomoth,73,49,bug,poison,127,107.6,129,1762811,27,1496,Infestation,Poison Fang,Silver Wind,4,4,3,50000
Electabuzz (Shadow),72.9,125,electric,none,132.1,112.5,114,1694183,24,1498,Thunder Shock,Thunder Punch,Thunderbolt,5,7,5,75000
Ferrothorn (Shadow),72.9,598,grass,steel,107.1,152.7,128,2093334,24.5,1498,Bullet Seed,Power Whip,Thunder,4,5,3,75000
Gabite (Shadow),72.9,444,dragon,ground,128.7,102.4,132,1739612,30,1498,Mud Shot,Twister,Dig,5,6,5,75000
Golett (Shadow),72.9,622,ground,ghost,119.3,89.9,141,1512235,50,1343,Astonish,Shadow Punch,Brick Break,4,4,5,75000
Kabuto,72.9,140,rock,water,134.4,129.4,96,1669571,49,1497,Scratch,Aqua Jet,Rock Tomb,10,13,5,75000
Pawmo,72.9,922,electric,fighting,136.1,81.5,142,1575085,50,1468,Thunder Shock,Wild Charge,Thunder Punch,5,5,3,75000
Raticate (Alolan) (Shadow),72.9,20,dark,normal,107,130.1,150,2088105,36.5,1495,Bite,Crunch,Hyper Fang,12,13,1,10000
Decidueye,72.8,724,grass,ghost,127.8,115.3,119,1753505,20,1499,Leafage,Frenzy Plant,Spirit Shackle,6,5,3,10000
Heracross (Mega),72.8,214,bug,fighting,153.1,105.1,91,1464264,11.5,1497,Fury Cutter,Rock Tomb,Upper Hand,13,10,3,50000
Kleavor,72.8,900,bug,rock,143.6,104.5,104,1560645,17.5,1500,Fury Cutter,X-Scissor,Rock Slide,10,12,5,75000
Lucario (Mega),72.8,448,fighting,steel,159.7,93.6,94,1405104,14.5,1498,Force Palm,Aura Sphere,Shadow Ball,4,5,5,75000
Monferno (Shadow),72.8,391,fire,fighting,129.6,96,139,1729382,42,1498,Ember,Flame Wheel,Low Sweep,5,5,3,10000
Pancham,72.8,674,fighting,none,123.3,99.3,148,1812066,47.5,1499,Low Kick,Crunch,Body Slam,6,5,3,50000
Quilladin (Shadow),72.8,651,grass,none,114.9,130.1,130,1943304,35,1495,Low Kick,Energy Ball,Body Slam,6,5,3,10000
Regieleki,72.8,894,electric,none,149.8,82.6,119,1472444,19.5,1489,Volt Switch,Thunder Cage,Hyper Beam,3,5,20,100000
Shiftry (Shadow),72.8,275,grass,dark,133.4,88.1,143,1680613,23.5,1497,Snarl,Leaf Blade,Foul Play,3,4,3,50000
Escavalier (Shadow),72.7,589,bug,steel,132.1,117.6,108,1677776,19,1494,Bug Bite,Drill Run,Razor Shell,14,12,3,50000
Houndour (Shadow),72.7,228,dark,fire,140.3,82.3,120,1385603,50,1395,Ember,Dark Pulse,Flamethrower,5,7,3,50000
Meganium (Shadow),72.7,154,grass,none,110.8,139,131,2017557,23,1496,Vine Whip,Frenzy Plant,Earthquake,6,9,3,10000
Pumpkaboo (Average),72.7,710,ghost,grass,114.2,115.9,125,1654473,50,1379,Astonish,Grass Knot,Foul Play,5,4,5,75000
Charmeleon,72.6,5,fire,none,126.6,109.4,128,1772805,38.5,1499,Ember,Fire Punch,Return,5,8,3,10000
Gigalith,72.6,526,rock,none,127.2,118.4,117,1762076,17,1498,Lock On,Superpower,Meteor Beam,8,12,3,50000
Lairon (Shadow),72.6,305,steel,rock,113.8,147.1,117,1958578,27,1499,Metal Sound,Rock Tomb,Body Slam,7,5,1,10000
Pignite,72.6,499,fire,fighting,127.3,87,158,1749866,29,1497,Ember,Rock Tomb,Flame Charge,6,6,3,10000
Cinderace,72.5,815,fire,none,139,99.4,117,1616542,18.5,1499,Fire Spin,Blast Burn,Pyro Ball,5,4,3,10000
Combusken (Shadow),72.5,256,fire,fighting,130.3,100.8,131,1720585,37.5,1497,Ember,Rock Slide,Flame Charge,5,6,3,10000
Palpitoad,72.5,536,water,ground,116.2,102.9,161,1925074,48,1499,Mud Shot,Earth Power,Water Pulse,6,6,3,50000
Stoutland,72.5,508,normal,none,123.8,116.1,125,1796647,19.5,1495,Take Down,Wild Charge,Crunch,5,5,1,10000
Bewear (Shadow),72.4,760,normal,fighting,129.6,87.1,153,1727088,17.5,1496,Low Kick,Superpower,Stomp,5,5,1,10000
Falinks (Mega),72.4,870,fighting,none,140.2,124.2,92,1601981,15,1499,Counter,Superpower,Megahorn,7,10,5,75000
Slowpoke,72.4,79,water,psychic,104.1,94.9,186,1837511,50,1384,Confusion,Psyshock,Water Pulse,3,4,3,50000
Staravia,72.4,397,normal,flying,131.9,91.6,135,1631075,50,1467,Wing Attack,Brave Bird,Fly,7,6,1,10000
Axew (Shadow),72.3,610,dragon,none,138.6,96,121,1609978,49,1494,Scratch,Aqua Tail,Dragon Claw,9,13,5,75000
Heatran (Shadow),72.3,485,fire,steel,130.7,115.4,110,1659106,14.5,1478,Fire Spin,Magma Storm,Earth Power,4,5,20,100000
Sandshrew,72.3,27,ground,none,118.4,113.4,127,1705173,50,1424,Scratch,Sand Tomb,Rock Tomb,12,13,3,50000
Landorus (Incarnate) (Shadow),72.2,645,ground,flying,140.2,100.9,113,1598518,15,1498,Mud Shot,Earth Power,Rock Slide,6,5,20,100000
Mienshao,72.2,620,fighting,none,158.9,84.8,105,1414846,20,1500,Force Palm,Brutal Swing,Blaze Kick,4,4,3,50000
Rhyperior (Shadow),72.2,464,ground,rock,126.7,104.5,133,1760940,15,1498,Mud Slap,Drill Run,Rock Wrecker,4,5,3,50000
Typhlosion (Hisuian),72.2,157,fire,ghost,139.6,106.9,108,1611710,18.5,1499,Ember,Shadow Ball,Wild Charge,6,5,3,10000
Venomoth (Shadow),72.2,49,bug,poison,127,107.6,129,1762811,27,1496,Infestation,Poison Fang,Silver Wind,4,4,3,50000
Chansey,72.1,113,normal,none,63,120.1,421,3185412,50,1417,Zen Headbutt,Dazzling Gleam,Hyper Beam,10,14,5,75000
Chatot,72,441,normal,flying,139.6,78.4,147,1608862,32.5,1498,Peck,Heat Wave,Sky Attack,6,7,5,75000
Dialga (Shadow),72,483,steel,dragon,139.4,107,106,1581075,13.5,1488,Dragon Breath,Iron Head,Thunder,13,15,20,100000
Manectric,72,310,electric,none,142.4,91.3,121,1573136,23.5,1496,Thunder Fang,Psychic Fangs,Wild Charge,6,8,3,50000
Sawk,72,539,fighting,none,140.3,97.3,117,1597189,20,1497,Low Kick,Brick Break,Body Slam,5,5,5,75000
Chimecho,71.9,358,psychic,none,119.5,120.8,130,1876628,25,1498,Astonish,Psyshock,Energy Ball,4,5,5,75000
Frigibax,71.9,996,dragon,ice,125.2,84.9,149,1583793,50,1410,Dragon Breath,Avalanche,Dragon Claw,12,13,5,75000
Glalie (Shadow),71.9,362,ice,none,115.2,120.8,140,1948262,27,1498,Rollout,Avalanche,Shadow Ball,4,4,3,50000
Hitmontop,71.9,237,fighting,none,121.2,149.8,102,1851888,26,1499,Counter,Close Combat,Triple Axel,8,8,5,75000
Magmortar,71.9,467,fire,none,140.8,104.5,108,1589069,17.5,1498,Karate Chop,Fire Punch,Thunderbolt,5,7,5,75000
Monferno,71.9,391,fire,fighting,129.6,96,139,1729382,42,1498,Ember,Flame Wheel,Low Sweep,5,5,3,10000
Alomomola,71.8,594,water,none,97.4,99.4,238,2304211,26,1499,Waterfall,Hydro Pump,Blizzard,8,8,5,75000
Combusken,71.8,256,fire,fighting,130.3,100.8,131,1720585,37.5,1497,Ember,Rock Slide,Flame Charge,5,6,3,10000
Garchomp (Mega),71.8,445,dragon,ground,145.3,99.3,107,1543827,10,1499,Dragon Tail,Twister,Sand Tomb,4,4,5,75000
Haunter (Shadow),71.8,93,ghost,poison,161.1,85.5,101,1391179,28,1497,Shadow Claw,Ice Punch,Shadow Ball,5,7,3,50000
Hydrapple,71.8,1019,grass,dragon,122.2,110.6,135,1824568,17,1498,Dragon Tail,Seed Bomb,Outrage,4,5,5,75000
Tauros (Aqua),71.7,128,fighting,water,127.8,120.6,114,1757046,20,1499,Double Kick,Aqua Jet,Trailblaze,4,4,3,50000
Tyranitar (Mega),71.7,248,rock,dark,133.9,122.9,101,1662087,10,1494,Dragon Breath,Brutal Swing,Stone Edge,9,14,5,75000
Zebstrika,71.7,523,electric,none,137.7,95.4,124,1628936,23,1499,Low Kick,Wild Charge,Flame Charge,6,7,3,50000
Axew,71.6,610,dragon,none,138.6,96,121,1609978,49,1494,Scratch,Aqua Tail,Dragon Claw,9,13,5,75000
Corvisquire (Shadow),71.6,822,flying,none,118.1,104.7,153,1891856,49.5,1496,Peck,Sky Attack,Payback,7,8,1,10000
Gengar (Mega),71.6,94,ghost,poison,167.2,100.1,80,1338938,12.5,1499,Shadow Claw,Shadow Punch,Dark Pulse,5,6,3,50000
Ponyta (Shadow),71.6,77,fire,none,133.5,108.2,116,1675585,36,1499,Ember,Flame Wheel,Stomp,5,5,3,50000
Bayleef,71.5,153,grass,none,105.5,141.5,142,2119812,49.5,1497,Magical Leaf,Ancient Power,Energy Ball,5,5,3,10000
Cacturne,71.5,332,grass,dark,147.2,85,121,1513952,24,1497,Sucker Punch,Trailblaze,Dark Pulse,7,7,3,50000
Gholdengo,71.5,1000,steel,ghost,134.6,107.8,114,1654126,15.5,1492,Hex,Shadow Ball,Power Gem,4,4,5,10000
Kricketune,71.5,402,bug,none,127.7,89.5,153,1748660,38,1496,Fury Cutter,X-Scissor,Aerial Ace,10,12,1,10000
Obstagoon (Shadow),71.5,862,dark,normal,113.2,127.9,137,1983524,21,1498,Counter,Cross Chop,Night Slash,6,6,3,10000
Parasect,71.5,47,bug,grass,124.1,118.2,123,1804240,30.5,1498,Fury Cutter,X-Scissor,Cross Poison,10,9,3,50000
Aron,71.4,304,steel,rock,114.2,131,127,1899945,50,1476,Metal Sound,Rock Tomb,Iron Head,7,7,1,10000
Bibarel,71.4,400,normal,water,122.9,99.2,149,1816560,31.5,1497,Take Down,Surf,Hyper Fang,5,6,1,10000
Fraxure,71.4,611,dragon,none,144.2,91.5,118,1556927,25,1499,Dragon Tail,Aqua Tail,Night Slash,3,3,5,75000
Mienfoo,71.3,619,fighting,none,142.7,93.2,117,1556058,47,1496,Low Kick,Brick Break,High Jump Kick,5,7,3,50000
Vibrava,71.3,329,ground,dragon,125.2,95.8,127,1523258,50,1384,Dragon Breath,Sand Tomb,Bulldoze,12,14,5,75000
Wailord (Shadow),71.3,321,water,none,118.3,67.4,237,1889701,24.5,1496,Rollout,Surf,Hyper Beam,4,7,1,10000
Absol (Shadow),71.2,359,dark,none,156.6,83.9,108,1418984,22,1497,Psycho Cut,Brutal Swing,Megahorn,4,7,5,75000
Obstagoon,71.2,862,dark,normal,113.2,127.9,137,1983524,21,1498,Counter,Night Slash,Cross Chop,6,6,3,10000
Vibrava (Shadow),71.2,329,ground,dragon,125.2,95.8,127,1523258,50,1384,Dragon Breath,Sand Tomb,Bulldoze,12,14,5,75000
Drifloon (Shadow),71.1,425,ghost,flying,110.9,79.8,186,1646067,50,1353,Hex,Shadow Ball,Icy Wind,4,4,5,75000
Gigalith (Shadow),71.1,526,rock,none,127.2,118.4,117,1762076,17,1498,Lock On,Superpower,Meteor Beam,8,12,3,50000
Wyrdeer,71.1,899,normal,psychic,126.6,95.5,146,1765184,20,1496,Confusion,Stomp,Wild Charge,3,4,5,75000
Articuno (Galarian),71,144,psychic,flying,134.1,111,112,1667131,15.5,1495,Psycho Cut,Fly,Brave Bird,5,7,20,100000
Growlithe (Hisuian),71,58,fire,rock,131.9,89.9,142,1683809,50,1494,Ember,Rock Slide,Flamethrower,5,7,3,50000
Metagross,71,376,steel,psychic,132.7,122,104,1683698,14.5,1496,Shadow Claw,Meteor Mash,Earthquake,6,9,5,75000
Moltres,71,146,fire,flying,136.7,103.6,115,1628644,16,1497,Wing Attack,Fly,Heat Wave,6,6,20,100000
Pyroar,71,668,fire,normal,135,98,126,1666980,20,1500,Incinerate,Flame Charge,Dark Pulse,3,3,3,10000
Swadloon,71,541,bug,grass,106.7,146.2,135,2105938,50,1500,Bug Bite,Energy Ball,Silver Wind,15,15,1,10000
Bewear,70.9,760,normal,fighting,129.6,87.1,153,1727088,17.5,1496,Low Kick,Superpower,Stomp,5,5,1,10000
Crawdaunt,70.9,342,water,dark,144.7,98.3,108,1536193,22,1498,Waterfall,Night Slash,Scald,4,5,3,50000
Heatran,70.9,485,fire,steel,132.9,112.2,113,1684986,15,1498,Fire Spin,Magma Storm,Earth Power,4,5,20,100000
Houndstone,70.9,972,ghost,none,120.3,130.3,119,1865336,22,1498,Bite,Shadow Ball,Psychic Fangs,13,9,3,50000
Magby,70.9,240,fire,none,139.4,95.7,120,1600870,50,1494,Karate Chop,Fire Punch,Brick Break,5,5,5,10000
Ceruledge,70.8,937,fire,ghost,136.3,114,106,1647049,17.5,1498,Incinerate,Shadow Ball,Heat Wave,3,3,5,50000
Rhyperior,70.8,464,ground,rock,126.7,104.5,133,1760940,15,1498,Mud Slap,Drill Run,Rock Wrecker,4,5,3,50000
Celebi,70.7,251,psychic,grass,120.4,119.3,129,1852920,16.5,1497,Confusion,Aura Sphere,Leaf Storm,3,4,20,100000
Misdreavus,70.7,200,ghost,none,123,120.8,122,1812725,29,1495,Psywave,Dark Pulse,Shadow Sneak,12,13,3,50000
Pumpkaboo (Small),70.7,710,ghost,grass,115.1,116.8,119,1599798,50,1358,Astonish,Grass Knot,Foul Play,5,4,5,75000
Sneasler,70.7,903,fighting,poison,145.4,94.7,112,1542171,17,1500,Shadow Claw,Close Combat,X-Scissor,6,5,5,75000
Karrablast (Shadow),70.6,588,bug,none,127.7,85.7,127,1389874,50,1335,Fury Cutter,Drill Run,X-Scissor,10,10,3,50000
Misdreavus (Shadow),70.6,200,ghost,none,123,120.8,122,1812725,29,1495,Astonish,Dark Pulse,Shadow Sneak,5,5,3,50000
Purugly,70.6,432,normal,none,125.5,105.5,134,1774194,28.5,1492,Scratch,Aerial Ace,Thunder,12,15,3,50000
Tauros (Combat),70.6,128,fighting,none,127.8,120.6,114,1757046,20,1499,Double Kick,Close Combat,Trailblaze,4,4,3,50000
Carkol,70.5,838,rock,fire,97,141.4,168,2304254,46.5,1497,Smack Down,Rock Slide,Flame Charge,6,7,3,10000
Floatzel,70.5,419,water,none,143.8,81.7,133,1562545,22.5,1499,Waterfall,Aqua Jet,Swift,4,4,3,50000
Golett,70.5,622,ground,ghost,119.3,89.9,141,1512235,50,1343,Astonish,Shadow Punch,Brick Break,4,4,5,75000
Kangaskhan (Mega),70.5,115,normal,none,127.1,113.9,122,1766156,14.5,1498,Low Kick,Brick Break,Crunch,5,6,3,50000
Moltres (Shadow),70.5,146,fire,flying,139.9,102,112,1598218,15.5,1499,Wing Attack,Fly,Heat Wave,6,6,20,100000
Scyther,70.5,123,bug,flying,134.8,109.4,113,1666425,20.5,1499,Fury Cutter,Night Slash,X-Scissor,9,10,5,75000
Serperior (Shadow),70.5,497,grass,none,110.2,142.3,130,2038590,25,1499,Vine Whip,Frenzy Plant,Leaf Tornado,6,5,3,10000
Spritzee,70.5,682,fairy,none,105,107.5,168,1896300,50,1414,Charm,Draining Kiss,Thunderbolt,7,7,3,50000
Ponyta,70.3,77,fire,none,133.5,108.2,116,1675585,36,1499,Ember,Flame Wheel,Stomp,5,5,3,50000
Torterra (Shadow),70.3,389,grass,ground,119.9,117,133,1865764,19,1497,Mud Slap,Frenzy Plant,Sand Tomb,5,5,3,10000
Shiftry,70.2,275,grass,dark,133.4,88.1,143,1680613,23.5,1497,Snarl,Leaf Blade,Foul Play,3,4,3,50000
Durant,70,632,bug,steel,135.2,122.4,100,1654848,21,1497,Bug Bite,X-Scissor,Iron Head,14,17,3,50000
Huntail,70,367,water,none,130.8,125.6,104,1708562,23.5,1496,Bite,Aqua Tail,Crunch,9,12,3,50000
Staraptor,70,398,normal,flying,140.3,90.8,124,1579666,19.5,1494,Wing Attack,Fly,Close Combat,6,6,1,10000
Arcanine,69.9,59,fire,none,132,102.5,125,1691250,18,1495,Bite,Wild Charge,Psychic Fangs,12,9,3,50000
Flareon,69.9,136,fire,none,142.2,109.9,100,1562778,18,1497,Ember,Heat Wave,Superpower,5,5,5,75000
Golduck,69.9,55,water,none,124.1,112.1,129,1794598,22.5,1496,Confusion,Cross Chop,Liquidation,3,4,3,50000
Grotle,69.9,388,grass,none,117.8,114.9,141,1908466,30,1500,Bite,Body Slam,Energy Ball,10,12,3,10000
Slowpoke (Shadow),69.9,79,water,psychic,104.1,94.9,186,1837511,50,1384,Confusion,Psyshock,Water Pulse,3,4,3,50000
Cryogonal,69.8,615,ice,none,115.8,137.9,121,1932227,20,1496,Ice Shard,Triple Axel,Night Slash,5,4,5,75000
Growlithe (Shadow),69.8,58,fire,none,126.8,90.7,135,1552603,50,1404,Ember,Flame Wheel,Body Slam,5,5,3,50000
Pidgeot (Mega),69.8,18,normal,flying,146.9,97.2,107,1527819,15,1498,Gust,Brave Bird,Twister,4,3,1,10000
Tirtouga,69.8,564,water,rock,114.3,132.4,129,1952198,46.5,1499,Bite,Surf,Ancient Power,12,12,5,75000
Weezing (Shadow),69.8,110,poison,none,117.6,139.4,116,1901639,24.5,1497,Rollout,Sludge Bomb,Dark Pulse,4,4,3,50000
Bibarel (Shadow),69.7,400,normal,water,122.9,99.2,149,1816560,31.5,1497,Take Down,Surf,Hyper Fang,5,6,1,10000
Luxray,69.7,405,electric,none,138,99,119,1625778,19,1500,Spark,Wild Charge,Psychic Fangs,7,5,5,75000
Mudsdale,69.7,750,ground,none,123.5,107.1,135,1785625,18,1490,Mud Slap,Bulldoze,Body Slam,6,4,3,50000
Sneasler (Shadow),69.7,903,fighting,poison,145.4,94.7,112,1542171,17,1500,Shadow Claw,Close Combat,X-Scissor,6,5,5,75000
Zangoose,69.7,335,normal,none,144.7,87.7,122,1548203,23,1498,Fury Cutter,Close Combat,Night Slash,12,9,3,50000
Drifloon,69.6,425,ghost,flying,110.9,79.8,186,1646067,50,1353,Hex,Shadow Ball,Icy Wind,4,4,5,75000
Heatmor,69.6,631,fire,none,134.6,92.5,133,1655917,23.5,1498,Fire Spin,Thunder Punch,Flamethrower,4,6,3,50000
Armaldo,69.5,348,rock,bug,133.9,109.1,115,1679976,19.5,1500,Fury Cutter,Rock Blast,Liquidation,10,12,3,50000
Pinsir,69.5,127,bug,none,139.6,112.6,102,1603334,18.5,1497,Fury Cutter,Close Combat,X-Scissor,12,10,5,75000
Elekid,69.4,239,electric,none,126,97.4,120,1472688,50,1363,Thunder Shock,Thunder Punch,Brick Break,5,5,5,10000
Pignite (Shadow),69.4,499,fire,fighting,127.3,87,158,1749866,29,1497,Ember,Rock Tomb,Flame Charge,6,6,3,10000
Sandaconda,69.4,844,ground,none,123,132,112,1818432,20,1496,Mud Slap,Earth Power,Wrap,5,5,3,50000
Seviper,69.4,336,poison,none,137.5,90.1,131,1622926,26.5,1495,Poison Jab,Poison Fang,Wrap,6,7,3,50000
Smoochum,69.4,238,ice,psychic,141.1,89,120,1506948,50,1459,Powder Snow,Psyshock,Ice Punch,5,5,5,10000
Weepinbell,69.4,70,grass,poison,137.9,84.8,139,1625455,40.5,1499,Acid,Power Whip,Seed Bomb,7,5,3,50000
Darumaka (Shadow),69.3,554,fire,none,131.9,82.3,157,1704293,50,1500,Fire Fang,Fire Punch,Flame Charge,7,9,3,50000
Staravia (Shadow),69.3,397,normal,flying,131.9,91.6,135,1631075,50,1467,Wing Attack,Brave Bird,Fly,7,6,1,10000
Darumaka,69.2,554,fire,none,131.9,82.3,157,1704293,50,1500,Fire Fang,Fire Punch,Flame Charge,7,9,3,50000
Growlithe,69.2,58,fire,none,126.8,90.7,135,1552603,50,1404,Ember,Flame Wheel,Body Slam,5,5,3,50000
Hitmontop (Shadow),69.2,237,fighting,none,121.2,149.8,102,1851888,26,1499,Counter,Close Combat,Triple Axel,8,8,5,75000
Pidgeotto,69.2,17,normal,flying,110.9,100.8,147,1643272,50,1350,Wing Attack,Air Cutter,Twister,5,5,1,10000
Arcanine (Shadow),69.1,59,fire,none,132,102.5,125,1691250,18,1495,Bite,Wild Charge,Psychic Fangs,12,9,3,50000
Beartic,69.1,614,ice,none,135.4,94,130,1654588,18,1498,Powder Snow,Ice Punch,Liquidation,5,6,3,50000
Corsola,69.1,222,water,rock,108.5,141.9,134,2063084,49,1498,Bubble,Power Gem,Rock Blast,5,4,3,50000
Slowpoke (Galarian),69.1,79,psychic,none,104.1,94.9,186,1837511,50,1384,Confusion,Psyshock,Surf,3,4,3,50000
Swellow,69.1,277,normal,flying,135.9,99.9,121,1642746,29,1497,Wing Attack,Brave Bird,Aerial Ace,7,6,1,10000
Hatterene,69,858,psychic,fairy,142.1,115,96,1568784,19.5,1498,Psycho Cut,Psyshock,Power Whip,5,6,5,50000
Anorith (Shadow),68.9,347,rock,bug,145.4,92.1,115,1540004,43.5,1499,Scratch,Aqua Jet,Ancient Power,10,12,3,50000
Geodude (Alolan) (Shadow),68.9,74,rock,electric,123.5,123.5,113,1723504,50,1461,Volt Switch,Rock Tomb,Rock Slide,4,3,1,10000
Hattrem,68.9,857,psychic,none,122.7,115.7,128,1817138,38.5,1493,Confusion,Psyshock,Dazzling Gleam,3,4,5,50000
Haxorus,68.9,612,dragon,none,151.4,95.2,103,1484568,15.5,1499,Dragon Tail,Night Slash,Surf,3,4,5,75000
Pidgeotto (Shadow),68.9,17,normal,flying,110.9,100.8,147,1643272,50,1350,Wing Attack,Air Cutter,Twister,5,5,1,10000
Sceptile (Mega),68.9,254,grass,dragon,159,98.1,90,1403811,13.5,1496,Fury Cutter,Leaf Blade,Breaking Swipe,9,13,3,10000
Tyrunt,68.9,696,rock,dragon,126.6,107.8,129,1760525,38.5,1497,Dragon Tail,Rock Tomb,Stomp,5,4,5,75000
Golduck (Shadow),68.8,55,water,none,124.1,112.1,129,1794598,22.5,1496,Confusion,Cross Chop,Liquidation,3,4,3,50000
Landorus (Incarnate),68.8,645,ground,flying,140.2,100.9,113,1598518,15,1498,Mud Shot,Earth Power,Rock Slide,6,5,20,100000
Sawsbuck,68.8,586,normal,grass,129.4,101.9,131,1727348,23,1496,Take Down,Wild Charge,Trailblaze,5,5,3,50000
Volcanion,68.8,721,fire,water,135.5,117.4,103,1638493,15,1493,Incinerate,Scald,Overheat,3,3,20,100000
Sandshrew (Shadow),68.7,27,ground,none,118.4,113.4,127,1705173,50,1424,Scratch,Sand Tomb,Rock Tomb,12,13,3,50000
Absol,68.6,359,dark,none,156.6,83.9,108,1418984,22,1497,Psycho Cut,Brutal Swing,Megahorn,4,7,5,75000
Staraptor (Shadow),68.6,398,normal,flying,140.3,90.8,124,1579666,19.5,1494,Wing Attack,Fly,Close Combat,6,6,1,10000
Tyrantrum (Shadow),68.6,697,rock,dragon,129,115,116,1720860,17.5,1491,Dragon Tail,Crunch,Rock Tomb,4,5,5,75000
Bayleef (Shadow),68.5,153,grass,none,105.5,141.5,142,2119812,49.5,1497,Magical Leaf,Ancient Power,Energy Ball,5,5,3,10000
Floette,68.5,670,fairy,none,114.2,134.4,127,1949257,44,1497,Vine Whip,Dazzling Gleam,Psychic,7,7,3,50000
Masquerain,68.5,284,bug,flying,129.5,109,122,1722091,24.5,1494,Infestation,Air Cutter,Lunge,4,4,1,10000
Ho-Oh,68.4,250,fire,flying,122.9,128.4,114,1798961,14,1489,Incinerate,Brave Bird,Sacred Fire,3,4,20,100000
Bouffalant,68.3,626,normal,none,118.8,115.8,137,1884714,20,1498,Mud Shot,Stomp,Megahorn,5,7,3,50000
Metagross (Mega),68.3,376,steel,psychic,135.5,134.6,90,1641447,11,1494,Shadow Claw,Meteor Mash,Earthquake,6,9,5,75000
Metagross (Shadow),68.3,376,steel,psychic,132.7,122,104,1683698,14.5,1496,Shadow Claw,Meteor Mash,Earthquake,6,9,5,75000
Tangrowth,68.3,465,grass,none,120.7,112.8,136,1851635,18,1494,Vine Whip,Power Whip,Rock Slide,7,6,3,50000
Tauros (Blaze),68.3,128,fighting,fire,127.8,120.6,114,1757046,20,1499,Double Kick,Flame Charge,Trailblaze,5,4,3,50000
Tyrantrum,68.3,697,rock,dragon,129,115,116,1720860,17.5,1491,Dragon Tail,Rock Tomb,Crunch,5,4,5,75000
Glalie (Mega),68.2,362,ice,none,141.5,100.8,111,1583215,17,1497,Powder Snow,Avalanche,Shadow Ball,6,7,3,50000
Tyrunt (Shadow),68.2,696,rock,dragon,126.6,107.8,129,1760525,38.5,1497,Dragon Tail,Rock Tomb,Stomp,5,4,5,75000
Quilava,68.1,156,fire,none,126.6,109.4,128,1772805,38.5,1499,Ember,Flame Charge,Dig,6,6,3,10000
Stunky,68.1,434,poison,dark,114.2,88.2,146,1470576,50,1299,Scratch,Crunch,Trailblaze,12,12,3,50000
Oddish (Shadow),68,43,grass,poison,122.6,106.6,120,1568299,50,1387,Acid,Seed Bomb,Moonblast,5,7,3,50000
Geodude (Alolan),67.9,74,rock,electric,123.5,123.5,113,1723504,50,1461,Volt Switch,Rock Tomb,Rock Slide,4,3,1,10000
Grotle (Shadow),67.9,388,grass,none,117.8,114.9,141,1908466,30,1500,Bite,Energy Ball,Body Slam,12,10,3,10000
Slowking,67.9,199,water,psychic,113.4,120.9,144,1974249,22,1500,Confusion,Surf,Blizzard,4,6,3,50000
Blastoise (Mega),67.8,9,water,none,133.9,123.4,101,1668849,14,1498,Rollout,Hydro Cannon,Skull Bash,4,6,3,10000
Mantyke,67.8,458,water,flying,100.8,163,120,1971648,50,1410,Bubble,Water Pulse,Aerial Ace,5,5,5,10000
Espurr,67.7,677,psychic,none,113.4,108.4,145,1782421,50,1423,Confusion,Psyshock,Energy Ball,3,4,3,50000
Rotom,67.7,479,electric,ghost,132.4,120.5,106,1691145,27.5,1499,Astonish,Thunderbolt,Ominous Wind,6,5,5,75000
Torracat,67.7,726,fire,none,135.5,89.8,135,1642667,35,1494,Ember,Flame Charge,Crunch,6,5,3,10000
Mr. Mime,67.6,122,psychic,fairy,131.5,144.2,90,1706607,25,1498,Psywave,Shadow Ball,Psychic,13,14,5,75000
Leafeon,67.5,470,grass,none,128.1,133.9,102,1749564,19,1500,Quick Attack,Leaf Blade,Last Resort,5,7,5,75000
Sharpedo (Shadow),67.4,319,water,dark,166.6,64.1,126,1345562,25.5,1497,Bite,Crunch,Poison Fang,12,10,3,50000
Thwackey,67.4,811,grass,none,123.6,107.5,136,1807032,30,1498,Scratch,Energy Ball,Grass Knot,12,13,3,10000
Appletun,67.3,842,grass,dragon,116.5,102.4,161,1920666,23,1497,Astonish,Energy Ball,Outrage,5,6,5,75000
Jolteon,67.3,135,electric,none,137.4,114.7,103,1623257,19,1497,Thunder Shock,Discharge,Last Resort,5,7,5,75000
Karrablast,67.3,588,bug,none,127.7,85.7,127,1389874,50,1335,Fury Cutter,Drill Run,X-Scissor,10,10,3,50000
Luxray (Shadow),67.3,405,electric,none,138,99,119,1625778,19,1500,Spark,Wild Charge,Psychic Fangs,7,5,5,75000
Quilava (Shadow),67.3,156,fire,none,126.6,109.4,128,1772805,38.5,1499,Ember,Flame Charge,Dig,6,6,3,10000
Zoroark,67.3,571,dark,none,157.3,87.9,103,1424147,21.5,1500,Shadow Claw,Foul Play,Sludge Bomb,5,7,5,75000
Aron (Shadow),67.2,304,steel,rock,114.2,131,127,1899945,50,1476,Metal Sound,Rock Tomb,Iron Head,7,7,1,10000
Grovyle,67.2,253,grass,none,136.3,103.2,117,1645741,36.5,1497,Quick Attack,Leaf Blade,Aerial Ace,5,6,3,10000
Tangrowth (Shadow),67.2,465,grass,none,120.7,112.8,136,1851635,18,1494,Vine Whip,Power Whip,Rock Slide,7,6,3,50000
Buneary,67.1,427,normal,none,121.8,100.8,135,1657454,50,1422,Quick Attack,Swift,Fire Punch,5,5,3,50000
Sneasel (Hisuian),67.1,215,fighting,poison,133.9,111.7,111,1660186,27,1495,Poison Jab,Close Combat,X-Scissor,7,6,3,50000
Stufful,67.1,759,normal,fighting,124.8,92.1,156,1793076,49.5,1499,Take Down,Superpower,Stomp,5,5,1,10000
Chandelure,67,609,ghost,fire,151.4,105.2,93,1481237,17,1497,Incinerate,Shadow Ball,Energy Ball,3,3,5,75000
Espathra,67,956,psychic,none,131.7,89.9,143,1693096,22.5,1497,Confusion,Psyshock,Dazzling Gleam,3,4,3,50000
Grapploct,67,853,fighting,none,130.3,107.1,123,1716481,21,1498,Waterfall,Superpower,Ice Punch,4,4,3,50000
Oddish,67,43,grass,poison,122.6,106.6,120,1568299,50,1387,Acid,Seed Bomb,Moonblast,5,7,3,50000
Watchog,67,505,normal,none,125.1,114,125,1782675,31.5,1498,Low Kick,Crunch,Hyper Fang,6,7,1,10000
Dolliv,66.9,929,grass,normal,118.4,122.6,130,1887059,50,1495,Magical Leaf,Earth Power,Trailblaze,5,5,3,50000
Exploud,66.9,295,normal,none,119.7,99.4,157,1868014,24,1498,Astonish,Crunch,Disarming Voice,5,5,1,10000
Pinsir (Mega),66.9,127,bug,flying,148.8,118.5,85,1498788,13,1499,Fury Cutter,Close Combat,X-Scissor,12,10,5,75000
Darmanitan (Standard) (Shadow),66.8,555,fire,none,149.7,72.1,138,1489485,17.5,1495,Incinerate,Rock Slide,Overheat,3,3,3,50000
Houndour,66.8,228,dark,fire,140.3,82.3,120,1385603,50,1395,Ember,Dark Pulse,Flamethrower,5,7,3,50000
Chandelure (Shadow),66.7,609,ghost,fire,151.4,105.2,93,1481237,17,1497,Incinerate,Shadow Ball,Energy Ball,3,3,5,75000
Delcatty,66.7,301,normal,none,111.9,116.8,153,1999698,46.5,1496,Charm,Wild Charge,Disarming Voice,6,6,3,50000
Gloom,66.7,44,grass,poison,121.3,115.9,131,1841686,37,1496,Acid,Moonblast,Sludge Bomb,7,7,3,50000
Loudred,66.7,294,normal,none,125.2,80.7,178,1798448,50,1500,Bite,Disarming Voice,Stomp,12,10,1,10000
Noivern,66.7,715,flying,dragon,125.4,113.5,125,1779113,20,1499,Bite,Heat Wave,Hurricane,12,15,5,75000
Ambipom (Shadow),66.6,424,normal,none,133.8,100.5,124,1667416,23,1498,Scratch,Aerial Ace,Low Sweep,12,10,3,50000
Koffing,66.6,109,poison,none,112.6,131.1,113,1668090,50,1373,Infestation,Sludge,Dark Pulse,4,4,3,50000
Mankey (Shadow),66.6,56,fighting,none,136.9,81.5,113,1260781,50,1315,Karate Chop,Cross Chop,Brick Break,4,5,3,50000
Mewtwo (Shadow),66.6,150,psychic,none,147.3,94.3,106,1472381,13,1479,Psycho Cut,Psystrike,Thunderbolt,5,7,20,100000
Bisharp,66.5,625,dark,steel,139.8,109.7,104,1594950,19.5,1500,Snarl,Dark Pulse,Iron Head,4,4,5,75000
Sharpedo (Mega),66.5,319,water,dark,160.6,85.7,101,1390105,16.5,1497,Waterfall,Crunch,Poison Fang,5,4,3,50000
Absol (Mega),66.4,359,dark,none,173.1,78.1,96,1297835,16.5,1499,Psycho Cut,Brutal Swing,Megahorn,4,7,5,75000
Purugly (Shadow),66.4,432,normal,none,125.5,105.5,134,1774194,28.5,1492,Scratch,Aerial Ace,Thunder,12,15,3,50000
Sneasel (Hisuian) (Shadow),66.4,215,fighting,poison,133.9,111.7,111,1660186,27,1495,Poison Jab,Close Combat,X-Scissor,7,6,3,50000
Bergmite,66.3,712,ice,none,110.9,113.4,135,1697768,50,1373,Bite,Icy Wind,Crunch,12,12,3,50000
Eldegoss,66.3,830,grass,none,108.4,160.5,119,2070386,28.5,1498,Bullet Seed,Energy Ball,Grass Knot,4,4,3,50000
Ivysaur,66.3,2,grass,poison,118.7,121,131,1881514,37.5,1499,Vine Whip,Power Whip,Sludge Bomb,7,7,3,10000
Porygon,66.3,137,normal,none,120,115.4,135,1869480,35.5,1499,Tackle,Discharge,Hyper Beam,14,27,3,50000
Garbodor (Shadow),66.2,569,poison,none,121,115.8,132,1849558,23.5,1496,Infestation,Body Slam,Seed Bomb,4,4,3,50000
Maschiff,66.2,942,dark,none,125.8,101.8,139,1780095,47.5,1496,Bite,Crunch,Psychic Fangs,12,9,3,50000
Floragato,66.1,907,grass,none,124.4,110.5,131,1800752,37,1498,Leafage,Energy Ball,Play Rough,6,8,3,10000
Polteageist,66.1,855,ghost,none,142.8,115.6,95,1568230,18,1498,Hex,Shadow Ball,Dark Pulse,4,4,3,50000
Poipole,66,803,poison,none,119.7,113.6,137,1862915,36,1494,Peck,Sludge Bomb,Fell Stinger,7,5,20,100000
Skrelp,66,690,poison,water,104.1,104.1,127,1376275,50,1199,Acid,Aqua Tail,Twister,5,5,3,50000
Sneasel (Shadow),66,215,dark,ice,133.9,111.7,111,1660186,27,1495,Ice Shard,Avalanche,Foul Play,5,4,3,50000
Darmanitan (Standard),65.9,555,fire,none,149.7,72.1,138,1489485,17.5,1495,Incinerate,Rock Slide,Overheat,3,3,3,50000
Regice (Shadow),65.9,378,ice,none,105.7,178.4,111,2093114,17,1492,Lock On,Blizzard,Thunder,15,12,20,100000
Vanillish,65.9,583,ice,none,123.6,120.4,122,1815536,40.5,1498,Astonish,Icy Wind,Signal Beam,5,6,3,50000
Watchog (Shadow),65.9,505,normal,none,125.1,114,125,1782675,31.5,1498,Low Kick,Crunch,Hyper Fang,6,7,1,10000
Grovyle (Shadow),65.8,253,grass,none,136.3,103.2,117,1645741,36.5,1497,Bullet Seed,Leaf Blade,Aerial Ace,3,4,3,10000
Mudbray,65.8,749,ground,none,129.8,98.6,134,1714970,29.5,1497,Mud Slap,Bulldoze,Body Slam,6,4,3,50000
Frosmoth,65.7,873,ice,bug,141.5,101,111,1586357,20.5,1499,Powder Snow,Icy Wind,Bug Buzz,6,8,5,75000
Tirtouga (Shadow),65.7,564,water,rock,114.3,132.4,129,1952198,46.5,1499,Bite,Surf,Ancient Power,12,12,5,75000
Cherrim (Sunshine),65.6,421,grass,none,121.8,116.2,130,1839911,27.5,1498,Bullet Seed,Weather Ball (Fire),Solar Beam,3,7,1,10000
Hitmonchan,65.6,107,fighting,none,128.9,137.4,98,1735664,24,1496,Counter,Ice Punch,Thunder Punch,7,7,5,75000
Linoone (Galarian) (Shadow),65.6,264,dark,normal,114.1,111.8,153,1951726,38.5,1496,Snarl,Body Slam,Dig,4,4,1,10000
Poliwhirl,65.6,61,water,none,114.2,115.9,148,1958895,50,1498,Bubble,Scald,Mud Bomb,5,5,3,50000
Prinplup,65.6,394,water,none,118.6,117.1,136,1888776,36.5,1498,Bubble,Icy Wind,Bubble Beam,5,5,3,10000
Stunky (Shadow),65.6,434,poison,dark,114.2,88.2,146,1470576,50,1299,Scratch,Crunch,Trailblaze,12,12,3,50000
Cloyster,65.5,91,water,ice,119,169.7,93,1878070,22,1497,Ice Shard,Icy Wind,Liquidation,5,5,3,50000
Sharpedo,65.5,319,water,dark,166.6,64.1,126,1345562,25.5,1497,Bite,Crunch,Poison Fang,12,10,3,50000
Donphan,65.4,232,ground,none,125.2,113.1,126,1784175,18.5,1496,Mud Slap,Trailblaze,Earthquake,5,7,3,50000
Hitmonchan (Shadow),65.4,107,fighting,none,128.9,137.4,98,1735664,24,1496,Counter,Ice Punch,Thunder Punch,7,7,5,75000
Omanyte,65.4,138,rock,water,128,135.2,101,1747866,43,1499,Mud Shot,Rock Tomb,Rock Blast,6,5,5,75000
Stufful (Shadow),65.4,759,normal,fighting,124.8,92.1,156,1793076,49.5,1499,Take Down,Superpower,Stomp,5,5,1,10000
Basculin,65.3,550,water,none,133.9,97.1,129,1677218,27,1499,Water Gun,Aqua Tail,Aqua Jet,12,14,1,10000
Buzzwole,65.3,794,bug,fighting,128.2,111.6,122,1745469,16,1498,Counter,Superpower,Lunge,7,8,20,100000
Nidorino,65.3,33,poison,none,123.3,104.3,141,1813287,47.5,1497,Poison Sting,Sludge Bomb,Ice Beam,6,7,3,50000
Mankey,65.2,56,fighting,none,136.9,81.5,113,1260781,50,1315,Karate Chop,Cross Chop,Brick Break,4,5,3,50000
Slowking (Shadow),65.2,199,water,psychic,113.4,120.9,144,1974249,22,1500,Confusion,Surf,Blizzard,4,6,3,50000
Gumshoos,65.1,735,normal,none,134.2,85,147,1676829,25.5,1499,Take Down,Rock Tomb,Crunch,6,5,1,10000
Meowstic (Female),65.1,678,psychic,none,117.1,123.9,132,1915147,26,1498,Confusion,Energy Ball,Shadow Ball,4,4,3,50000
Ninjask,65.1,291,bug,flying,144.7,88.4,121,1547769,28.5,1497,Fury Cutter,Shadow Ball,Aerial Ace,13,12,5,75000
Alakazam (Shadow),65,65,psychic,none,155.8,101.4,91,1437629,18,1498,Psycho Cut,Fire Punch,Shadow Ball,5,6,3,50000
Beautifly,64.9,267,bug,flying,144.7,84,127,1543660,33,1496,Infestation,Air Cutter,Silver Wind,4,4,1,10000
Exploud (Shadow),64.9,295,normal,none,119.7,99.4,157,1868014,24,1498,Astonish,Crunch,Disarming Voice,5,5,1,10000
Minun,64.9,312,electric,none,116.3,127.1,130,1921625,36.5,1495,Quick Attack,Thunderbolt,Grass Knot,7,7,3,50000
Ho-Oh (Shadow),64.8,250,fire,flying,123.4,126.4,113,1762547,14,1480,Incinerate,Brave Bird,Sacred Fire,3,4,20,100000
Linoone (Galarian),64.8,264,dark,normal,114.1,111.8,153,1951726,38.5,1496,Snarl,Body Slam,Dig,4,4,1,10000
Omanyte (Shadow),64.8,138,rock,water,128,135.2,101,1747866,43,1499,Mud Shot,Rock Tomb,Rock Blast,6,5,5,75000
Ribombee,64.6,743,bug,fairy,136.2,105.9,113,1629865,25.5,1495,Fairy Wind,Draining Kiss,Bug Buzz,7,7,1,10000
Shellos,64.6,422,water,none,99.1,100.8,166,1658220,50,1282,Mud Slap,Water Pulse,Body Slam,5,4,3,50000
Entei,64.5,244,fire,none,129.3,96.2,139,1728974,16,1500,Fire Fang,Flame Charge,Scorching Sands,9,9,20,100000
Inteleon,64.5,818,water,none,153.4,89.1,107,1462470,18.5,1500,Water Gun,Snipe Shot,Hydro Cannon,12,14,3,10000
Anorith,64.4,347,rock,bug,145.4,92.1,115,1540004,43.5,1499,Scratch,Aqua Jet,Ancient Power,10,12,3,50000
Garbodor,64.4,569,poison,none,121,115.8,132,1849558,23.5,1496,Infestation,Body Slam,Gunk Shot,4,7,3,50000
Raboot,64.4,814,fire,none,128.8,103.6,130,1734678,31.5,1496,Fire Spin,Flame Charge,Flamethrower,5,6,3,10000
Totodile,64.4,158,water,none,110.9,104.2,127,1467584,50,1279,Scratch,Aqua Jet,Crunch,10,12,3,10000
Exeggutor (Alolan),64.3,103,grass,dragon,134.4,94.8,130,1656346,18.5,1497,Dragon Tail,Seed Bomb,Draco Meteor,4,6,3,50000
Donphan (Shadow),64.2,232,ground,none,125.2,113.1,126,1784175,18.5,1496,Mud Slap,Trailblaze,Earthquake,5,7,3,50000
Dugtrio (Shadow),64.2,51,ground,none,136.7,120,100,1640400,41,1498,Sucker Punch,Mud Bomb,Stone Edge,7,8,3,50000
Gothitelle,64.2,576,psychic,none,115.3,140.9,119,1933247,23,1498,Confusion,Rock Slide,Future Sight,4,5,3,50000
Scraggy,64.2,559,dark,fighting,120.2,122.7,126,1858316,49,1494,Feint Attack,Upper Hand,Foul Play,7,7,3,50000
Totodile (Shadow),64.2,158,water,none,110.9,104.2,127,1467584,50,1279,Scratch,Aqua Jet,Crunch,10,12,3,10000
Diancie,64.1,719,rock,fairy,119.1,175.1,89,1856042,19.5,1487,Rock Throw,Rock Slide,Moonblast,9,10,20,100000
Honedge,64.1,679,steel,ghost,122.1,127.1,117,1815712,47,1494,Psycho Cut,Iron Head,Gyro Ball,6,6,5,75000
Rotom (Mow),64.1,479,electric,grass,128.8,144.9,93,1735670,21.5,1499,Thunder Shock,Ominous Wind,Leaf Storm,5,7,5,75000
Dustox,63.9,269,bug,poison,94.9,148.6,142,2002504,50,1382,Confusion,Silver Wind,Sludge Bomb,4,4,1,10000
Koffing (Shadow),63.9,109,poison,none,112.6,131.1,113,1668090,50,1373,Infestation,Sludge,Dark Pulse,4,4,3,50000
Meowstic (Male),63.9,678,psychic,none,117.1,123.9,132,1915147,26,1498,Confusion,Energy Ball,Thunderbolt,4,4,3,50000
Darumaka (Galarian),63.8,554,ice,none,131.9,82.3,157,1704293,50,1500,Ice Fang,Ice Punch,Ice Beam,7,10,3,50000
Entei (Shadow),63.8,244,fire,none,128.8,95.2,139,1704385,15.5,1482,Fire Fang,Flame Charge,Scorching Sands,9,9,20,100000
Klawf,63.7,950,rock,none,121,128,119,1843072,23,1498,Mud Slap,Bulldoze,Rock Tomb,6,5,3,75000
Kubfu,63.7,891,fighting,none,136.5,95.6,125,1631175,34.5,1492,Counter,Close Combat,Brick Break,8,7,20,100000
Luxio,63.7,404,electric,none,133.2,91,138,1672726,47.5,1498,Bite,Wild Charge,Crunch,12,12,5,75000
Rotom (Heat),63.7,479,electric,fire,128.8,144.9,93,1735670,21.5,1499,Thunder Shock,Overheat,Thunderbolt,7,7,5,75000
Espeon,63.6,196,psychic,none,148,105.6,97,1515994,17.5,1498,Confusion,Psychic Fangs,Shadow Ball,3,4,5,75000
Mesprit,63.5,481,psychic,none,123.5,128,114,1802112,18,1494,Confusion,Swift,Future Sight,3,5,20,100000
Omastar (Shadow),63.5,139,rock,water,126.6,128.4,109,1771843,20,1499,Mud Shot,Rock Slide,Hydro Pump,5,9,5,75000
Rhyhorn (Shadow),63.5,111,ground,rock,112.5,110.9,159,1983724,38.5,1495,Mud Slap,Bulldoze,Stomp,6,4,3,50000
Drakloak,63.4,886,dragon,ghost,130.3,93.1,141,1710461,37.5,1497,Dragon Tail,Shadow Ball,Outrage,5,5,5,75000
Krookodile,63.4,553,ground,dark,133.1,98,129,1682650,18,1497,Mud Slap,Sand Tomb,Crunch,5,5,5,75000
Mabosstiff,63.4,943,dark,none,134.4,105.1,117,1652676,18.5,1495,Bite,Crunch,Psychic Fangs,12,9,3,50000
Snover,63.4,459,grass,ice,109.2,100.8,142,1563045,50,1310,Powder Snow,Energy Ball,Ice Beam,6,7,3,50000
Exeggutor (Alolan) (Shadow),63.3,103,grass,dragon,134.4,94.8,130,1656346,18.5,1497,Dragon Tail,Seed Bomb,Draco Meteor,4,6,3,50000
Exeggutor (Shadow),63.3,103,grass,psychic,136.1,92.5,130,1636603,18.5,1497,Confusion,Seed Bomb,Psychic,3,4,3,50000
Klinklang,63.3,601,steel,none,124.2,139.5,104,1801894,21,1496,Metal Sound,Mirror Shot,Flash Cannon,5,9,5,75000
Rotom (Fan),63.3,479,electric,flying,128.8,144.9,93,1735670,21.5,1499,Astonish,Thunderbolt,Ominous Wind,6,5,5,75000
Sandygast,63.3,769,ghost,ground,113.4,111.7,135,1710015,50,1393,Mud Shot,Shadow Ball,Earth Power,6,6,3,50000
Tentacool,63.3,72,water,poison,94.1,137.8,113,1465269,50,1176,Poison Sting,Wrap,Water Pulse,5,6,3,50000
Revavroom,63.2,966,steel,poison,135.6,102.4,119,1652367,19,1498,Metal Sound,Overheat,Gyro Ball,7,7,3,50000
Gloom (Shadow),63.1,44,grass,poison,121.3,115.9,131,1841686,37,1496,Acid,Moonblast,Sludge Bomb,7,7,3,50000
Herdier,63.1,507,normal,none,118.8,111.6,141,1869389,41.5,1495,Take Down,Thunderbolt,Dig,7,6,1,10000
Brionne,63,729,water,none,125.8,117,121,1780951,30,1499,Charm,Aqua Jet,Disarming Voice,5,6,3,10000
Poliwhirl (Shadow),63,61,water,none,114.2,115.9,148,1958895,50,1498,Bubble,Scald,Mud Bomb,5,5,3,50000
Sudowoodo,62.9,185,rock,none,117.1,130,125,1902875,26,1498,Counter,Meteor Beam,Trailblaze,10,8,5,75000
Granbull (Shadow),62.8,210,fairy,none,135.3,88.3,139,1660632,22,1499,Charm,Close Combat,Crunch,6,6,3,50000
Heliolisk,62.8,695,electric,normal,138.1,112.1,105,1625506,21.5,1500,Volt Switch,Breaking Swipe,Parabolic Charge,4,4,3,50000
Noivern (Shadow),62.8,715,flying,dragon,125.4,113.5,125,1779113,20,1499,Bite,Heat Wave,Hurricane,12,15,5,75000
Omastar,62.8,139,rock,water,126.6,128.4,109,1771843,20,1499,Mud Shot,Rock Slide,Hydro Pump,5,9,5,75000
Onix,62.8,95,rock,ground,84,207.5,105,1830150,50,1244,Rock Throw,Rock Slide,Sand Tomb,9,9,5,75000
Tauros,62.8,128,normal,none,125.1,119.5,120,1793934,21.5,1499,Tackle,Trailblaze,Horn Attack,15,12,3,50000
Dugtrio,62.7,51,ground,none,136.7,120,100,1640400,41,1498,Sucker Punch,Mud Bomb,Stone Edge,7,8,3,50000
Banette,62.6,354,ghost,none,145.2,92.2,115,1539556,24,1496,Shadow Claw,Shadow Ball,Dazzling Gleam,7,7,3,50000
Ivysaur (Shadow),62.6,2,grass,poison,119.8,121.3,129,1874594,37,1499,Vine Whip,Power Whip,Sludge Bomb,7,7,3,10000
Urshifu (Rapid Strike),62.6,892,fighting,water,136.5,97.7,121,1613662,15,1487,Counter,Aqua Jet,Dynamic Punch,7,8,20,100000
Zygarde (10% Forme),62.6,718,dragon,ground,138.1,119.1,98,1611876,22.5,1493,Dragon Tail,Crunch,Earthquake,4,6,20,100000
Bonsly,62.5,438,rock,none,116.8,124.4,127,1845300,50,1472,Rock Throw,Rock Tomb,Rock Slide,10,9,5,10000
Flaaffy,62.4,180,electric,none,121.5,100.4,151,1841989,44,1498,Charge Beam,Discharge,Trailblaze,4,5,5,75000
Rhyhorn,62.4,111,ground,rock,112.5,110.9,159,1983724,38.5,1495,Mud Slap,Bulldoze,Stomp,6,4,3,50000
Skorupi (Shadow),62.4,451,poison,bug,90.7,139.4,113,1428725,50,1140,Infestation,Cross Poison,Aqua Tail,3,3,5,75000
Sneasel,62.4,215,dark,ice,133.9,111.7,111,1660186,27,1495,Ice Shard,Avalanche,Foul Play,5,4,3,50000
Snover (Shadow),62.4,459,grass,ice,109.2,100.8,142,1563045,50,1310,Powder Snow,Energy Ball,Ice Beam,6,7,3,50000
Loudred (Shadow),62.3,294,normal,none,125.2,80.7,178,1798448,50,1500,Bite,Stomp,Disarming Voice,10,12,1,10000
Tentacool (Shadow),62.3,72,water,poison,94.1,137.8,113,1465269,50,1176,Poison Sting,Wrap,Water Pulse,5,6,3,50000
Duraludon,62.2,884,steel,dragon,137.7,112.2,105,1622244,18,1497,Dragon Tail,Dragon Claw,Flash Cannon,5,6,5,75000
Gothorita,62.2,575,psychic,none,112.2,132.7,134,1995118,40,1498,Confusion,Future Sight,Psychic,5,4,3,50000
Accelgor (Shadow),62,617,bug,none,143.2,84.9,129,1568341,22.5,1500,Infestation,Energy Ball,Bug Buzz,4,5,3,50000
Graveler,61.9,75,rock,ground,121.4,130.9,116,1843386,30,1497,Mud Slap,Rock Slide,Dig,5,5,1,10000
Snubbull (Shadow),61.9,209,fairy,none,127.7,84,142,1523206,50,1398,Bite,Brick Break,Crunch,10,12,3,50000
Falinks,61.8,870,fighting,none,127.5,119.1,115,1746304,23.5,1493,Counter,Superpower,Megahorn,7,10,5,75000
Weavile (Shadow),61.8,461,dark,ice,141.9,105.1,106,1580851,18.5,1499,Snarl,Avalanche,Foul Play,4,4,3,50000
Alakazam,61.7,65,psychic,none,155.8,101.4,91,1437629,18,1498,Psycho Cut,Fire Punch,Shadow Ball,5,6,3,50000
Cloyster (Shadow),61.7,91,water,ice,119,169.7,93,1878070,22,1497,Ice Shard,Icy Wind,Liquidation,5,5,3,50000
Cursola,61.6,864,ghost,none,145.6,111,95,1535352,18,1496,Astonish,Night Shade,Power Gem,5,5,3,50000
Exeggutor,61.6,103,grass,psychic,136.1,92.5,130,1636603,18.5,1497,Confusion,Seed Bomb,Psychic,3,4,3,50000
Luxio (Shadow),61.6,404,electric,none,133.7,90.2,139,1676304,46,1499,Bite,Wild Charge,Crunch,12,12,5,75000
Nuzleaf (Shadow),61.6,274,grass,dark,125.2,78.1,157,1535165,50,1387,Feint Attack,Leaf Blade,Foul Play,6,7,3,50000
Silicobra,61.5,843,ground,none,99.1,115.9,131,1504625,50,1221,Mud Slap,Earth Power,Wrap,5,5,3,50000
Cubone (Shadow),61.4,104,ground,none,88.2,133.6,127,1496507,50,1151,Mud Slap,Bone Club,Bulldoze,4,6,3,50000
Lycanroc (Midday),61.4,745,rock,none,142.7,93.1,118,1567674,20.5,1499,Sucker Punch,Drill Run,Stone Edge,6,8,5,50000
Nidorino (Shadow),61.4,33,poison,none,123.3,104.3,141,1813287,47.5,1497,Poison Sting,Sludge Bomb,Ice Beam,6,7,3,50000
Swellow (Shadow),61.4,277,normal,flying,135.9,99.9,121,1642746,29,1497,Wing Attack,Brave Bird,Sky Attack,7,7,1,10000
Goldeen,61.3,118,water,none,115.9,105,120,1460340,50,1301,Peck,Aqua Tail,Horn Attack,5,5,3,50000
Krokorok,61.2,552,ground,dark,134,87.9,142,1672561,49.5,1499,Mud Slap,Crunch,Bulldoze,5,6,5,75000
Porygon2,61.2,233,normal,none,122.1,117.9,127,1828240,20.5,1497,Lock On,Tri Attack,Zap Cannon,10,16,3,50000
Musharna,61.1,518,psychic,none,113.1,108.9,161,1982971,20.5,1499,Charge Beam,Psyshock,Dazzling Gleam,4,5,3,50000
Prinplup (Shadow),61.1,394,water,none,118.6,117.1,136,1888776,36.5,1498,Bubble,Icy Wind,Bubble Beam,5,5,3,10000
Blissey,61,242,normal,none,81,111.2,307,2765210,20.5,1498,Zen Headbutt,Wild Charge,Dazzling Gleam,8,10,5,75000
Breloom,61,286,grass,fighting,149.9,96.7,103,1493019,21,1498,Force Palm,Dynamic Punch,Grass Knot,5,5,3,50000
Carnivine,61,455,grass,none,130.1,101.8,130,1721743,25.5,1497,Vine Whip,Energy Ball,Crunch,6,6,5,75000
Seel,61,86,water,none,84,114.2,149,1429327,50,1097,Water Gun,Aqua Tail,Icy Wind,12,15,3,50000
Snubbull,61,209,fairy,none,127.7,84,142,1523206,50,1398,Bite,Brick Break,Crunch,10,12,3,50000
Vileplume (Shadow),61,45,grass,poison,128.8,112.7,120,1741891,21.5,1498,Acid,Moonblast,Sludge Bomb,7,7,3,50000
Arboliva,60.9,930,grass,normal,129.2,116.6,115,1732443,18.5,1498,Magical Leaf,Earth Power,Trailblaze,5,5,3,50000
Weavile,60.7,461,dark,ice,141.9,105.1,106,1580851,18.5,1499,Snarl,Avalanche,Foul Play,4,4,3,50000
Yanma,60.7,193,bug,flying,130.8,89.7,146,1712983,46.5,1498,Wing Attack,Silver Wind,Aerial Ace,6,6,3,50000
Fuecoco,60.6,909,fire,none,106.7,93.3,152,1513177,50,1274,Incinerate,Crunch,Flamethrower,3,3,3,10000
Banette (Shadow),60.5,354,ghost,none,145.9,91.6,115,1536911,24,1498,Shadow Claw,Shadow Ball,Dazzling Gleam,7,7,3,50000
Graveler (Shadow),60.4,75,rock,ground,122.6,129.9,115,1831460,29.5,1500,Mud Slap,Rock Slide,Dig,5,5,1,10000
Dugtrio (Alolan) (Shadow),60.2,51,ground,steel,148.1,112.9,90,1504844,29,1497,Mud Slap,Iron Head,Mud Bomb,5,5,3,50000
Flaaffy (Shadow),60.2,180,electric,none,121.5,100.4,151,1841989,44,1498,Charge Beam,Discharge,Trailblaze,4,5,5,75000
Vileplume,60.2,45,grass,poison,128.8,112.7,120,1741891,21.5,1498,Acid,Sludge Bomb,Petal Blizzard,7,9,3,50000
Pineco,60.1,204,bug,none,103.3,115.1,127,1510008,50,1251,Bug Bite,Rock Tomb,Sand Tomb,17,15,5,75000
Skorupi,60.1,451,poison,bug,90.7,139.4,113,1428725,50,1140,Infestation,Aqua Tail,Cross Poison,3,3,5,75000
Darmanitan (Galarian),60,555,ice,none,149.7,72.1,138,1489485,17.5,1495,Ice Fang,Avalanche,Ice Punch,8,7,3,50000
Gothitelle (Shadow),60,576,psychic,none,115.3,140.9,119,1933247,23,1498,Confusion,Rock Slide,Future Sight,4,5,3,50000
Infernape,60,392,fire,fighting,136.6,100.3,119,1630417,20.5,1493,Fire Spin,Close Combat,Blast Burn,5,5,3,10000
Kyogre (Shadow),60,382,water,none,133.9,116.6,104,1623725,13,1477,Waterfall,Avalanche,Surf,5,5,20,100000
Mr. Mime (Galarian),60,122,ice,psychic,130.4,126.9,104,1720967,27,1498,Confusion,Ice Punch,Triple Axel,3,4,5,75000
Trapinch,60,328,ground,none,148.7,78.1,120,1393616,50,1440,Sand Attack,Sand Tomb,Crunch,12,12,5,75000
Alakazam (Mega),59.9,65,psychic,none,172.1,102.2,74,1301558,12,1497,Psycho Cut,Fire Punch,Shadow Ball,5,6,3,50000
Onix (Shadow),59.9,95,rock,ground,84,207.5,105,1830150,50,1244,Rock Throw,Rock Slide,Sand Tomb,9,9,5,75000
Toedscool,59.9,948,ground,grass,94.1,137.8,113,1465269,50,1176,Mud Slap,Earth Power,Wrap,5,5,3,50000
Geodude (Shadow),59.8,74,rock,ground,123.5,123.5,113,1723504,50,1461,Rock Throw,Rock Tomb,Rock Slide,10,9,1,10000
Glimmora,59.8,970,rock,poison,137.6,102.9,115,1628290,17,1497,Rock Throw,Meteor Beam,Power Gem,12,10,3,50000
Nuzleaf,59.8,274,grass,dark,125.2,78.1,157,1535165,50,1387,Feint Attack,Leaf Blade,Foul Play,6,7,3,50000
Ponyta (Galarian),59.8,77,psychic,none,133.5,108.2,116,1675585,36,1499,Psycho Cut,Swift,Play Rough,4,7,3,50000
Simisage,59.8,512,grass,none,135.9,95.8,126,1640422,23.5,1494,Vine Whip,Grass Knot,Crunch,7,6,3,50000
Archen (Shadow),59.7,566,rock,flying,159.5,76.1,116,1408002,30,1500,Wing Attack,Ancient Power,Crunch,6,6,5,75000
Eelektross,59.7,604,electric,none,133.8,99.8,126,1682508,20,1500,Volt Switch,Dragon Claw,Thunderbolt,4,4,1,10000
Kingler,59.7,99,water,none,144.5,115.6,93,1553491,19.5,1499,Mud Shot,Crabhammer,Vise Grip,6,5,3,50000
Cubone,59.6,104,ground,none,88.2,133.6,127,1496507,50,1151,Mud Slap,Bone Club,Return,4,7,3,50000
Rotom (Wash),59.6,479,electric,water,128.8,144.9,93,1735670,21.5,1499,Thunder Shock,Thunderbolt,Hydro Pump,7,9,5,75000
Granbull,59.5,210,fairy,none,135.3,88.3,139,1660632,22,1499,Charm,Close Combat,Crunch,6,6,3,50000
Oricorio (Pom-Pom),59.5,741,electric,flying,130.8,102,128,1707725,24,1495,Air Slash,Air Cutter,Hurricane,5,7,3,75000
Simipour,59.4,516,water,none,135.9,95.8,126,1640422,23.5,1494,Bite,Surf,Crunch,12,12,3,50000
Heliolisk (Shadow),59.3,695,electric,normal,138.1,112.1,105,1625506,21.5,1500,Volt Switch,Breaking Swipe,Parabolic Charge,4,4,3,50000
Simisear,59.3,514,fire,none,135.9,95.8,126,1640422,23.5,1494,Fire Spin,Crunch,Flamethrower,5,6,3,50000
Weepinbell (Shadow),59.3,70,grass,poison,139.3,82.6,140,1610865,39.5,1498,Acid,Power Whip,Sludge Bomb,7,7,3,50000
Drowzee,59.2,96,psychic,none,87.3,126.8,142,1571889,50,1174,Confusion,Psyshock,Return,3,5,3,50000
Gardevoir,59.2,282,psychic,fairy,136.5,115.5,104,1639638,18,1497,Confusion,Triple Axel,Shadow Ball,4,4,5,75000
Groudon (Shadow),59.2,383,ground,none,133.9,116.6,104,1623725,13,1477,Mud Shot,Precipice Blades,Fire Punch,7,5,20,100000
Infernape (Shadow),59.2,392,fire,fighting,136.6,100.3,119,1630417,20.5,1493,Fire Spin,Close Combat,Blast Burn,5,5,3,10000
Pupitar,59.2,247,rock,ground,120.1,111.8,138,1852951,34,1497,Bite,Ancient Power,Dig,12,13,5,75000
Archeops (Shadow),59.1,567,rock,flying,160.6,81.9,106,1394233,16.5,1499,Wing Attack,Ancient Power,Crunch,6,6,5,75000
Diancie (Mega),59.1,719,rock,fairy,163.8,114.8,70,1316297,12,1471,Rock Throw,Rock Slide,Moonblast,9,10,20,100000
Glimmet,59,969,rock,poison,147.1,90.9,113,1510967,36.5,1497,Rock Throw,Power Gem,Dazzling Gleam,10,11,3,50000
Manectric (Shadow),58.9,310,electric,none,142.4,91.3,121,1573136,23.5,1496,Snarl,Wild Charge,Psychic Fangs,4,3,3,50000
Seel (Shadow),58.9,86,water,none,84,114.2,149,1429327,50,1097,Water Gun,Aqua Tail,Icy Wind,12,15,3,50000
Trapinch (Shadow),58.9,328,ground,none,148.7,78.1,120,1393616,50,1440,Sand Attack,Sand Tomb,Crunch,12,12,5,75000
Jynx,58.8,124,ice,psychic,141.2,102.2,110,1587370,21.5,1498,Confusion,Avalanche,Psyshock,4,3,5,75000
Liepard (Shadow),58.8,510,dark,none,139.7,88.5,129,1594885,30,1495,Snarl,Dark Pulse,Play Rough,4,5,1,10000
Stonjourner,58.8,874,rock,none,125.5,107.9,132,1787471,17,1498,Rock Throw,Rock Slide,Stomp,9,8,5,75000
Carracosta,58.7,565,water,rock,121.4,127,120,1850136,21.5,1499,Water Gun,Liquidation,Ancient Power,15,15,5,75000
Shaymin (Land),58.7,492,grass,none,117.8,122.2,132,1900161,17,1496,Magical Leaf,Grass Knot,Seed Flare,5,8,20,100000
Tranquill,58.7,520,normal,flying,123.9,102.1,143,1808977,49.5,1498,Air Slash,Heat Wave,Aerial Ace,5,5,1,10000
Boldore,58.5,525,rock,none,124.4,109.6,132,1799720,28,1496,Mud Slap,Rock Slide,Bulldoze,5,6,3,50000
Dugtrio (Alolan),58.5,51,ground,steel,148.1,112.9,90,1504844,29,1497,Mud Slap,Mud Bomb,Iron Head,5,5,3,50000
Ambipom,58.4,424,normal,none,133.8,100.5,124,1667416,23,1498,Scratch,Aerial Ace,Return,12,18,3,50000
Exeggcute,58.4,102,grass,psychic,102.5,117.6,142,1711668,50,1328,Confusion,Seed Bomb,Ancient Power,3,4,3,50000
Lilligant (Hisuian),58.4,549,grass,fighting,133.4,107.7,117,1680960,22,1498,Bullet Seed,Upper Hand,Petal Blizzard,4,5,1,10000
Lycanroc (Dusk),58.4,745,rock,none,144.5,92,117,1555398,20,1499,Sucker Punch,Stone Edge,Trailblaze,8,7,5,50000
Exeggcute (Shadow),58.3,102,grass,psychic,102.5,117.6,142,1711668,50,1328,Confusion,Seed Bomb,Ancient Power,3,4,3,50000
Dwebble,58.2,557,bug,rock,111.7,120.1,127,1703727,50,1383,Smack Down,Rock Tomb,X-Scissor,7,5,1,10000
Gothorita (Shadow),58.2,575,psychic,none,112.2,132.7,134,1995118,40,1498,Confusion,Future Sight,Psychic,5,4,3,50000
Whirlipede,58.2,544,bug,poison,96.6,157.9,113,1723605,50,1292,Poison Sting,Sludge Bomb,Gyro Ball,6,6,1,10000
Tsareena,58,763,grass,none,130.4,120.6,109,1714160,18.5,1496,Magical Leaf,Triple Axel,High Jump Kick,5,6,3,10000
Gardevoir (Shadow),57.9,282,psychic,fairy,136.5,115.5,104,1639638,18,1497,Confusion,Triple Axel,Shadow Ball,4,4,5,75000
Pupitar (Shadow),57.9,247,rock,ground,120.1,111.8,138,1852951,34,1497,Bite,Ancient Power,Dig,12,13,5,75000
Pineco (Shadow),57.8,204,bug,none,103.3,115.1,127,1510008,50,1251,Bug Bite,Rock Tomb,Sand Tomb,17,15,5,75000
Cinccino,57.7,573,normal,none,134.9,96.2,128,1661105,25,1497,Charm,Aqua Tail,Thunderbolt,5,7,3,50000
Phanpy,57.7,231,ground,none,102.5,94.9,186,1809269,50,1363,Tackle,Bulldoze,Rock Slide,19,15,3,50000
Porygon2 (Shadow),57.7,233,normal,none,122.1,117.9,127,1828240,20.5,1497,Lock On,Tri Attack,Zap Cannon,10,16,3,50000
Archen,57.6,566,rock,flying,159.5,76.1,116,1408002,30,1500,Wing Attack,Ancient Power,Crunch,6,6,5,75000
Drowzee (Shadow),57.6,96,psychic,none,87.3,126.8,142,1571889,50,1174,Confusion,Psyshock,Psychic,3,4,3,50000
Lycanroc (Midnight),57.5,745,rock,none,132.6,99.7,127,1678968,20,1493,Rock Throw,Stone Edge,Trailblaze,11,9,5,50000
Kingler (Shadow),57.4,99,water,none,144.5,115.6,93,1553491,19.5,1499,Bubble,Crabhammer,Vise Grip,5,4,3,50000
Liepard,57.2,510,dark,none,139.7,88.5,129,1594885,30,1495,Snarl,Dark Pulse,Play Rough,4,5,1,10000
Archeops,57.1,567,rock,flying,160.6,81.9,106,1394233,16.5,1499,Wing Attack,Ancient Power,Crunch,6,6,5,75000
Oricorio (Baile),56.9,741,fire,flying,130.8,102,128,1707725,24,1495,Air Slash,Air Cutter,Hurricane,5,7,3,75000
Braviary,56.8,628,normal,flying,133.7,92.9,135,1676799,18,1499,Air Slash,Fly,Close Combat,5,5,5,75000
Dragapult,56.8,887,dragon,ghost,142.5,96.2,115,1576478,15.5,1500,Dragon Tail,Shadow Ball,Outrage,5,5,5,75000
Dwebble (Shadow),56.8,557,bug,rock,111.7,120.1,127,1703727,50,1383,Smack Down,Rock Tomb,X-Scissor,7,5,1,10000
Clamperl,56.7,366,water,none,124.3,126,105,1644489,50,1435,Water Gun,Water Pulse,Body Slam,17,14,3,50000
Crabominable,56.5,740,fighting,ice,136.8,88.5,135,1634418,19,1498,Bubble,Ice Punch,Brick Break,4,4,3,50000
Raticate,56.5,20,normal,none,125.9,116,122,1781737,34.5,1498,Quick Attack,Hyper Fang,Dig,7,7,1,10000
Swirlix,56.5,684,fairy,none,104.1,112.5,145,1698131,50,1330,Tackle,Draining Kiss,Energy Ball,19,15,3,50000
Mr. Rime,56.4,866,ice,psychic,127.4,114.4,120,1748947,19.5,1494,Confusion,Icy Wind,Psychic,4,4,5,75000
Vivillon,56.4,666,bug,flying,131.7,86.3,149,1693491,30,1498,Gust,Energy Ball,Hurricane,4,5,1,10000
Deerling,56.3,585,normal,grass,109.2,96.6,142,1497918,50,1282,Take Down,Wild Charge,Energy Ball,5,5,3,50000
Eevee,56.3,133,normal,none,99.9,108.3,135,1460588,50,1208,Quick Attack,Swift,Dig,5,7,5,75000
Yanmega,56.2,469,bug,flying,136.8,96.1,125,1643310,19,1499,Wing Attack,Aerial Ace,Ancient Power,6,6,3,50000
Corphish (Shadow),56.1,341,water,none,131,95.7,117,1466794,50,1389,Bubble,Aqua Jet,Vise Grip,4,4,3,50000
Rampardos (Shadow),56,409,rock,none,162.2,67.3,126,1375424,16.5,1495,Smack Down,Rock Slide,Flamethrower,6,7,5,75000
Vanilluxe,56,584,ice,none,131.5,117.3,110,1696744,19.5,1499,Astonish,Avalanche,Flash Cannon,5,7,3,50000
Azelf,55.9,482,psychic,none,152.5,90.3,106,1459700,17,1493,Confusion,Swift,Future Sight,3,5,20,100000
Arcanine (Hisuian),55.8,59,fire,rock,132.4,99.4,129,1697712,17.5,1499,Snarl,Wild Charge,Rock Slide,4,4,3,50000
Chinchou,55.8,170,water,electric,101.6,94,164,1566266,50,1263,Bubble,Water Pulse,Thunderbolt,5,5,3,50000
Sudowoodo (Shadow),55.7,185,rock,none,117.1,130,125,1902875,26,1498,Counter,Meteor Beam,Trailblaze,10,8,5,75000
Plusle,55.6,311,electric,none,128.2,107.2,127,1745366,33,1498,Quick Attack,Thunderbolt,Grass Knot,7,7,3,50000
Boldore (Shadow),55.5,525,rock,none,125.3,109.2,130,1778759,27.5,1498,Mud Slap,Rock Slide,Bulldoze,5,6,3,50000
Manectric (Mega),55.5,310,electric,none,152.5,101.5,95,1470481,15.5,1498,Snarl,Wild Charge,Psychic Fangs,4,3,3,50000
Mothim,55.5,414,bug,flying,140,83,138,1603560,31.5,1500,Bug Bite,Aerial Ace,Bug Buzz,15,20,1,10000
Tangela,55.5,114,grass,none,125.5,122.8,116,1787722,25,1499,Infestation,Grass Knot,Sludge Bomb,5,5,3,50000
Boltund,55.4,836,electric,none,136.9,95.4,126,1645593,26,1500,Bite,Crunch,Thunder,12,15,1,50000
Carracosta (Shadow),55.4,565,water,rock,121.4,127,120,1850136,21.5,1499,Water Gun,Ancient Power,Liquidation,15,15,5,75000
Krabby (Shadow),55.4,98,water,none,148,111.2,92,1514099,42,1496,Bubble,Vise Grip,Razor Shell,4,4,3,50000
Popplio,55.3,728,water,none,113.4,99.1,127,1427218,50,1275,Water Gun,Aqua Tail,Aqua Jet,12,14,3,10000
Geodude,55.2,74,rock,ground,123.5,123.5,113,1723504,50,1461,Rock Throw,Rock Tomb,Rock Slide,10,9,1,10000
Lombre,55.2,271,water,grass,106.7,112.6,142,1706048,50,1353,Bubble,Scald,Grass Knot,5,5,3,50000
Rowlet,55.2,722,grass,flying,98.3,95.8,154,1450240,50,1196,Leafage,Energy Ball,Seed Bomb,6,5,3,10000
Tranquill (Shadow),55.2,520,normal,flying,123.9,102.1,143,1808977,49.5,1498,Air Slash,Heat Wave,Aerial Ace,5,5,1,10000
Clauncher,55,692,water,none,103.3,110.9,127,1454908,50,1228,Water Gun,Aqua Jet,Crabhammer,14,17,3,50000
Reuniclus (Shadow),55,579,psychic,none,126.9,94.9,147,1770293,19,1500,Charm,Psyshock,Shadow Ball,5,7,3,50000
Raticate (Shadow),54.8,20,normal,none,125.9,116,122,1781737,34.5,1498,Quick Attack,Hyper Fang,Dig,7,7,1,10000
Sunflora,54.8,192,grass,none,128.7,102.1,132,1734516,26,1498,Bullet Seed,Leaf Storm,Sludge Bomb,5,4,3,50000
Tatsugiri (Curly),54.8,978,dragon,water,137.4,108.1,109,1618970,20,1497,Take Down,Surf,Outrage,5,7,5,75000
Tatsugiri (Droopy),54.8,978,dragon,water,137.4,108.1,109,1618970,20,1497,Take Down,Surf,Outrage,5,7,5,75000
Tatsugiri (Stretchy),54.8,978,dragon,water,137.4,108.1,109,1618970,20,1497,Take Down,Surf,Outrage,5,7,5,75000
Indeedee (Female),54.6,876,psychic,normal,121.7,128.2,118,1841029,23.5,1499,Extrasensory,Energy Ball,Psychic,5,6,3,50000
Banette (Mega),54.5,354,ghost,none,165.5,90,91,1355445,15,1497,Shadow Claw,Shadow Ball,Dazzling Gleam,7,7,3,50000
Whirlipede (Shadow),54.3,544,bug,poison,96.6,157.9,113,1723605,50,1292,Poison Sting,Sludge Bomb,Gyro Ball,6,6,1,10000
Elgyem,54.1,605,psychic,none,133.6,95.4,131,1669653,48,1499,Confusion,Dark Pulse,Psychic,4,4,3,50000
Corphish,54,341,water,none,131,95.7,117,1466794,50,1389,Bubble,Aqua Jet,Vise Grip,4,4,3,50000
Porygon (Shadow),54,137,normal,none,120,115.4,135,1869480,35.5,1499,Tackle,Discharge,Signal Beam,14,19,3,50000
Rotom (Frost),53.8,479,electric,ice,128.8,144.9,93,1735670,21.5,1499,Thunder Shock,Thunderbolt,Blizzard,7,9,5,75000
Nosepass,53.6,299,rock,none,81.5,193.2,98,1543088,50,1123,Rock Throw,Rock Slide,Rock Blast,9,8,3,50000
Bulbasaur,53.3,1,grass,poison,111.7,105.8,120,1418143,50,1259,Vine Whip,Power Whip,Seed Bomb,7,5,3,10000
Oricorio (Sensu),53.3,741,ghost,flying,130.8,102,128,1707725,24,1495,Air Slash,Air Cutter,Hurricane,5,7,3,75000
Octillery,53.1,224,water,none,131.5,100.8,128,1696666,24,1494,Lock On,Octazooka,Gunk Shot,10,15,1,10000
Beheeyem,52.9,606,psychic,none,134.4,105.7,117,1662111,20,1495,Confusion,Rock Slide,Dark Pulse,4,4,3,50000
Drizzile,52.6,817,water,none,137.8,92.1,128,1624497,29.5,1498,Water Gun,Surf,Water Pulse,15,17,3,10000
Krabby,52.6,98,water,none,148,111.2,92,1514099,42,1496,Bubble,Vise Grip,Razor Shell,4,4,3,50000
Chespin (Shadow),52.1,650,grass,none,105,101.6,136,1450848,50,1238,Vine Whip,Seed Bomb,Body Slam,5,5,3,10000
Komala,52.1,775,normal,none,136.8,110.2,108,1628139,21.5,1498,Rollout,Bulldoze,Payback,5,5,3,50000
Nosepass (Shadow),52,299,rock,none,81.5,193.2,98,1543088,50,1123,Rock Throw,Rock Slide,Rock Blast,9,8,3,50000
Tangela (Shadow),52,114,grass,none,125.5,122.8,116,1787722,25,1499,Infestation,Grass Knot,Sludge Bomb,5,5,3,50000
Gardevoir (Mega),51.6,282,psychic,fairy,153.1,112.4,85,1462717,12,1497,Confusion,Triple Axel,Synchronoise,4,4,5,75000
Rhydon (Shadow),51.5,112,ground,rock,126.2,103.3,136,1772959,17.5,1497,Mud Slap,Stone Edge,Earthquake,6,7,3,50000
Seadra,51.5,117,water,none,131.3,117.6,109,1683056,26.5,1492,Dragon Breath,Hydro Pump,Dragon Pulse,19,14,3,50000
Golem,51.4,76,rock,ground,125.1,122.2,116,1773318,19,1495,Mud Slap,Stone Edge,Earthquake,6,7,1,10000
Golem (Shadow),51.4,76,rock,ground,125.1,122.2,116,1773318,19,1495,Mud Slap,Stone Edge,Earthquake,6,7,1,10000
Piplup,51.4,393,water,none,106.7,98.3,131,1374008,50,1214,Bubble,Drill Peck,Icy Wind,4,5,3,10000
Stantler,51.4,234,normal,none,132.1,99.4,129,1693865,26,1498,Tackle,Wild Charge,Stomp,15,14,3,50000
Accelgor,51.1,617,bug,none,143.2,84.9,129,1568341,22.5,1500,Infestation,Bug Buzz,Acid Spray,5,4,3,50000
Varoom,51,965,steel,poison,115.9,102.5,120,1425570,50,1285,Metal Sound,Gyro Ball,Gunk Shot,7,10,3,50000
Chespin,50.8,650,grass,none,105,101.6,136,1450848,50,1238,Vine Whip,Seed Bomb,Body Slam,5,5,3,10000
Maractus,50.8,556,grass,none,135.5,95.2,128,1651149,24.5,1496,Bullet Seed,Aerial Ace,Petal Blizzard,4,5,1,10000
Roggenrola (Shadow),50.6,524,rock,none,114.2,105,135,1618785,50,1360,Smack Down,Stone Edge,Rock Blast,7,5,3,50000
Glaceon,50.4,471,ice,none,135.7,122.3,99,1643015,17.5,1496,Ice Shard,Avalanche,Water Pulse,5,5,5,75000
Phanpy (Shadow),50.1,231,ground,none,102.5,94.9,186,1809269,50,1363,Tackle,Bulldoze,Rock Slide,19,15,3,50000
Rhydon,50.1,112,ground,rock,126.2,103.3,136,1772959,17.5,1497,Mud Slap,Stone Edge,Earthquake,6,7,3,50000
Unfezant (Shadow),50,521,normal,flying,138.5,95.5,122,1613664,20,1497,Air Slash,Heat Wave,Sky Attack,5,6,1,10000
Braviary (Hisuian),49.9,628,psychic,flying,128.5,89.6,150,1727040,19.5,1494,Air Slash,Brave Bird,Fly,7,5,5,75000
Oricorio (Pa'u),49.9,741,psychic,flying,130.8,102,128,1707725,24,1495,Air Slash,Air Cutter,Hurricane,5,7,3,75000
Roselia,49.9,315,grass,poison,138.5,105.9,110,1613387,29.5,1496,Poison Jab,Sludge Bomb,Dazzling Gleam,8,8,3,50000
Roggenrola,49.7,524,rock,none,114.2,105,135,1618785,50,1360,Smack Down,Stone Edge,Rock Blast,7,5,3,50000
Stantler (Shadow),49.7,234,normal,none,133.5,98.4,128,1681459,25.5,1499,Tackle,Wild Charge,Stomp,15,14,3,50000
Frogadier,49.5,657,water,none,134.4,100.8,123,1666345,38.5,1499,Bubble,Surf,Aerial Ace,5,5,3,10000
Sigilyph,49.4,561,psychic,flying,130,112,118,1718080,21.5,1496,Air Slash,Air Cutter,Ancient Power,5,5,5,75000
Crabrawler,49.1,739,fighting,none,135.7,98.8,123,1649081,49.5,1497,Bubble,Crabhammer,Power-Up Punch,5,4,3,50000
Gorebyss,49.1,368,water,none,136.2,121,100,1648020,22.5,1498,Confusion,Water Pulse,Draining Kiss,4,4,3,50000
Rampardos,49.1,409,rock,none,162.2,67.3,126,1375424,16.5,1495,Smack Down,Rock Slide,Flamethrower,6,7,5,75000
Kadabra (Shadow),48.8,64,psychic,none,163.8,90.9,92,1369827,27,1500,Confusion,Shadow Ball,Dazzling Gleam,4,4,3,50000
Shaymin (Sky),48.8,492,grass,flying,139.3,94.1,123,1612300,15.5,1498,Magical Leaf,Energy Ball,Grass Knot,5,5,20,100000
Stakataka,48.7,805,rock,steel,119.5,169.1,93,1879293,17,1498,Take Down,Stone Edge,Bulldoze,7,7,20,100000
Naganadel,48.6,804,poison,dragon,149.7,95.5,105,1501117,17.5,1499,Poison Jab,Dragon Claw,Sludge Bomb,8,8,20,100000
Unfezant,48.6,521,normal,flying,138.5,95.5,122,1613664,20,1497,Air Slash,Heat Wave,Sky Attack,5,6,1,10000
Cherrim (Overcast),48.3,421,grass,none,121.8,116.2,130,1839911,27.5,1498,Bullet Seed,Dazzling Gleam,Solar Beam,5,7,1,10000
Wugtrio,48.3,961,water,none,151,108.6,90,1475874,29,1497,Mud Slap,Liquidation,Surf,5,5,3,50000
Piplup (Shadow),48.2,393,water,none,106.7,98.3,131,1374008,50,1214,Bubble,Drill Peck,Icy Wind,4,5,3,10000
Clawitzer,47.9,693,water,none,134.4,110.5,112,1663334,20,1497,Water Gun,Crabhammer,Ice Beam,17,19,3,50000
Seadra (Shadow),47.7,117,water,none,131.3,117.6,109,1683056,26.5,1492,Dragon Breath,Hydro Pump,Dragon Pulse,19,14,3,50000
Frogadier (Shadow),47.5,657,water,none,134.4,100.8,123,1666345,38.5,1499,Bubble,Surf,Aerial Ace,5,5,3,10000
Cranidos (Shadow),47.3,408,rock,none,163.9,62.9,133,1371138,30,1500,Take Down,Rock Tomb,Ancient Power,6,5,5,75000
Ferroseed,47.3,597,grass,steel,81.5,142.8,119,1384946,50,1063,Metal Claw,Iron Head,Return,8,10,3,75000
Deoxys (Speed),47,386,psychic,none,140.7,131.5,86,1591176,18.5,1497,Charge Beam,Psycho Boost,Swift,4,4,20,100000
Tornadus (Incarnate),47,641,flying,none,148.1,95.5,107,1513360,16.5,1499,Bite,Dark Pulse,Hurricane,12,15,20,100000
Tornadus (Incarnate) (Shadow),46.7,641,flying,none,148.1,95.5,107,1513360,16.5,1499,Bite,Dark Pulse,Hurricane,12,15,20,100000
Flabebe,46.5,669,fairy,none,103.3,113.4,119,1393992,50,1201,Vine Whip,Dazzling Gleam,Psychic,7,7,3,50000
Turtwig,46.3,387,grass,none,112.6,105,135,1596105,50,1342,Tackle,Energy Ball,Body Slam,15,14,3,10000
Bulbasaur (Shadow),46.2,1,grass,poison,111.7,105.8,120,1418143,50,1259,Vine Whip,Power Whip,Sludge Bomb,7,7,3,10000
Hoopa,45.8,720,psychic,ghost,144.8,106.3,99,1523832,16,1488,Confusion,Shadow Ball,Psychic,4,4,20,100000
Dottler,45.7,825,bug,psychic,85.7,144.5,127,1572724,50,1164,Confusion,Bug Buzz,Psychic,5,4,1,10000
Munna,45,517,psychic,none,105.8,89.8,166,1577139,50,1293,Charge Beam,Psyshock,Dazzling Gleam,4,5,3,50000
Porygon-Z (Shadow),44.4,474,normal,none,147.6,88.1,117,1521417,17,1500,Lock On,Tri Attack,Zap Cannon,10,16,3,50000
Lilligant,44.3,549,grass,none,136.5,105.8,113,1631912,22,1498,Charm,Petal Blizzard,Hyper Beam,9,10,1,10000
Turtwig (Shadow),44.3,387,grass,none,112.6,105,135,1596105,50,1342,Tackle,Energy Ball,Body Slam,15,14,3,10000
Reuniclus,44.1,579,psychic,none,126.9,94.9,147,1770293,19,1500,Hidden Power (Fighting),Psyshock,Shadow Ball,5,7,3,50000
Porygon-Z,43.5,474,normal,none,147.6,88.1,117,1521417,17,1500,Lock On,Tri Attack,Zap Cannon,10,16,3,50000
Kadabra,43.4,64,psychic,none,163.8,90.9,92,1369827,27,1500,Confusion,Shadow Ball,Dazzling Gleam,4,4,3,50000
Ferroseed (Shadow),42.3,597,grass,steel,81.5,142.8,119,1384946,50,1063,Metal Claw,Iron Head,Gyro Ball,8,8,3,75000
Cranidos,41.7,408,rock,none,163.9,62.9,133,1371138,30,1500,Take Down,Rock Tomb,Ancient Power,6,5,5,75000
Indeedee (Male),41.4,876,psychic,normal,134.9,114.6,107,1654171,22.5,1494,Extrasensory,Shadow Ball,Psychic,5,6,3,50000
Butterfree (Shadow),41.3,12,bug,flying,126.6,112.5,124,1766070,31.5,1497,Confusion,Bug Buzz,Signal Beam,5,4,1,10000
Meltan,41.3,808,steel,none,111.7,95.7,121,1293452,50,1206,Thunder Shock,Thunderbolt,Flash Cannon,7,8,20,100000
Butterfree,40.7,12,bug,flying,126.6,112.5,124,1766070,31.5,1497,Confusion,Bug Buzz,Signal Beam,5,4,1,10000
Duosion (Shadow),39.6,578,psychic,none,149.2,82,123,1504831,27.5,1499,Hidden Power (Psychic),Psyshock,Night Shade,5,6,3,50000
Skiddo,39.5,672,grass,none,115.9,98.3,151,1720338,50,1412,Rock Smash,Brick Break,Seed Bomb,6,6,3,50000
Solosis (Shadow),39.2,577,psychic,none,152,81.8,118,1467165,49,1497,Hidden Power (Psychic),Psyshock,Night Shade,5,6,3,50000
Duosion,37.2,578,psychic,none,149.2,82,123,1504831,27.5,1499,Hidden Power (Psychic),Psyshock,Night Shade,5,6,3,50000
Solosis,36.5,577,psychic,none,152,81.8,118,1467165,49,1497,Hidden Power (Psychic),Psyshock,Night Shade,5,6,3,50000
Regigigas (Shadow),34.9,486,normal,none,140.2,102,110,1573044,12.5,1491,Hidden Power (Ice),Crush Grip,Thunder,7,8,20,100000
Clobbopus,32.7,852,fighting,none,114.2,99.1,127,1437287,50,1284,Rock Smash,Superpower,Ice Punch,6,6,3,50000
Regigigas,31.7,486,normal,none,139.8,104.4,110,1605463,12.5,1498,Hidden Power (Rock),Crush Grip,Thunder,7,8,20,100000
Spoink (Shadow),30.2,325,psychic,none,117.6,115.1,141,1908542,50,1498,Zen Headbutt,Mirror Coat,Shadow Ball,8,9,1,10000
Spoink,29.6,325,psychic,none,117.6,115.1,141,1908542,50,1498,Zen Headbutt,Mirror Coat,Shadow Ball,8,9,1,10000
Clefairy,24.9,35,fairy,none,102.5,103.3,157,1662355,50,1306,Zen Headbutt,Moonblast,Disarming Voice,9,8,1,10000
Slaking,10.8,289,normal,none,138.8,83.1,140,1614799,12.5,1498,Yawn,Body Slam,Earthquake,4,6,5,75000
Slaking (Shadow),7.9,289,normal,none,138.8,83.1,140,1614799,12.5,1498,Yawn,Body Slam,Earthquake,4,6,5,75000
